CD Empresa;CD Filial;Nome Filial;Diretoria;CD Local Estoque;DS Local Estoque;Tipo Local;CD Item;Item;QT Saldo Atual;Valor Saldo Atual;Subgrupo;Subgrupo Resumido;Status;Tempo Sem Consumo;CONTAGEM
30;704;Rolandia - Ab. Aves;In Natura 3;602;MANUTENÇÃO;ROTATIVO;112303;"SINALIZADOR;LENTE REDONDA;VE";1;1110,15;PECAS REPOSICAO ELETRICA;MANUTENÇÃO;SEM CONSUMO;720;1
30;704;Rolandia - Ab. Aves;In Natura 3;602;MANUTENÇÃO;ROTATIVO;127518;"EMENDA P/EST MET;ENG;AISI304";10;718,3;PECAS REPOSICAO MECANICA;MANUTENÇÃO;SEM CONSUMO;720;1
30;704;Rolandia - Ab. Aves;In Natura 3;602;MANUTENÇÃO;ROTATIVO;133393;"BICO GRAXEIRO;ANGULAR 90GR;1";105;1616,538;PECAS REPOSICAO HIDRAULICA;MANUTENÇÃO;SEM CONSUMO;720;1
30;704;Rolandia - Ab. Aves;In Natura 3;602;MANUTENÇÃO;ROTATIVO;176909;"BICO GRAXEIRO;ANGULAR 45GR;1";130;1992,12;PECAS REPOSICAO HIDRAULICA;MANUTENÇÃO;SEM CONSUMO;720;1
30;704;Rolandia - Ab. Aves;In Natura 3;602;MANUTENÇÃO;ROTATIVO;187974;"EMENDA P/EST MET;CLIP;AISI30";10;351,65;PECAS REPOSICAO MECANICA;MANUTENÇÃO;SEM CONSUMO;720;1
30;704;Rolandia - Ab. Aves;In Natura 3;602;MANUTENÇÃO;ROTATIVO;215696;"SINALIZADOR;LENTE REDONDA;VE";1;1472,32;PECAS REPOSICAO ELETRICA;MANUTENÇÃO;SEM CONSUMO;720;1
30;704;Rolandia - Ab. Aves;In Natura 3;602;MANUTENÇÃO;ROTATIVO;222675;"BICO GRAXEIRO;ANGULAR 90GR;1";105;2119,404;PECAS REPOSICAO HIDRAULICA;MANUTENÇÃO;SEM CONSUMO;720;1
30;704;Rolandia - Ab. Aves;In Natura 3;602;MANUTENÇÃO;ROTATIVO;225325;"BICO GRAXEIRO;ANGULAR 45GR;1";105;2118,228;PECAS REPOSICAO HIDRAULICA;MANUTENÇÃO;SEM CONSUMO;720;1
30;704;Rolandia - Ab. Aves;In Natura 3;602;MANUTENÇÃO;ROTATIVO;269737;"GERADOR DE VACUO;PIAB/012203";1;1192,93;PECAS REPOSICAO MECANICA;MANUTENÇÃO;SEM CONSUMO;720;1
30;704;Rolandia - Ab. Aves;In Natura 3;602;MANUTENÇÃO;ROTATIVO;359359;ANEL ELASTICO FURO NORMATIZA;1;0,72;PECAS REPOSICAO MECANICA;MANUTENÇÃO;SEM CONSUMO;720;1
30;704;Rolandia - Ab. Aves;In Natura 3;602;MANUTENÇÃO;ROTATIVO;378861;PLUG INDUSTRIAL MATERIAL CAR;3;468,22;PECAS REPOSICAO ELETRICA;MANUTENÇÃO;SEM CONSUMO;720;1
30;704;Rolandia - Ab. Aves;In Natura 3;602;MANUTENÇÃO;ROTATIVO;535765;ANEL ELASTICO EIXO NORMATIZA;5;2,34;PECAS REPOSICAO MECANICA;MANUTENÇÃO;SEM CONSUMO;720;1
30;704;Rolandia - Ab. Aves;In Natura 3;602;MANUTENÇÃO;ROTATIVO;593568;ELEMENTO ELASTICO COMPOSTO B;1;272,79;PECAS REPOSICAO MECANICA;MANUTENÇÃO;SEM CONSUMO;720;1
30;704;Rolandia - Ab. Aves;In Natura 3;602;MANUTENÇÃO;ROTATIVO;676053;"BICO GRAXEIRO;ANGULAR 90GR;1";130;1992,12;PECAS REPOSICAO HIDRAULICA;MANUTENÇÃO;SEM CONSUMO;720;1
30;704;Rolandia - Ab. Aves;In Natura 3;602;MANUTENÇÃO;ROTATIVO;764601;"BICO GRAXEIRO;ANGULAR 45GR;M";175;2816,176667;PECAS REPOSICAO HIDRAULICA;MANUTENÇÃO;SEM CONSUMO;720;1
30;704;Rolandia - Ab. Aves;In Natura 3;602;MANUTENÇÃO;ROTATIVO;830349;"EMENDA P/EST MET;ENG;AISI304";10;718,3;PECAS REPOSICAO MECANICA;MANUTENÇÃO;SEM CONSUMO;720;1
30;704;Rolandia - Ab. Aves;In Natura 3;602;MANUTENÇÃO;ROTATIVO;928508;"BICO GRAXEIRO;RETA;5/16UNF;C";135;958,1;PECAS REPOSICAO HIDRAULICA;MANUTENÇÃO;SEM CONSUMO;720;1
30;704;Rolandia - Ab. Aves;In Natura 3;602;MANUTENÇÃO;ROTATIVO;933315;"UNIAO SANITARIA;AISI304;3POL";1;1346,55;PECAS REPOSICAO HIDRAULICA;MANUTENÇÃO;SEM CONSUMO;720;1
30;704;Rolandia - Ab. Aves;In Natura 3;618;ESTOQUE SALSICHA;ROTATIVO;485800;PARAFUSO SEXTAVADO EXTERNO M;24;9,84;PECAS REPOSICAO MECANICA;MANUTENÇÃO;SEM CONSUMO;720;1
30;704;Rolandia - Ab. Aves;In Natura 3;618;ESTOQUE SALSICHA;ROTATIVO;605948;PANO ESPECIFICO 14302 MAURER;15;757,82;PECAS REPOSICAO MECANICA;MANUTENÇÃO;SEM CONSUMO;720;1
30;704;Rolandia - Ab. Aves;In Natura 3;618;ESTOQUE SALSICHA;ROTATIVO;929685;"CONECTOR ELETRICO;PLUG;MACHO";1;2333,31;PECAS REPOSICAO ELETRICA;MANUTENÇÃO;SEM CONSUMO;720;1
30;704;Rolandia - Ab. Aves;In Natura 3;619;MANUTENÇÃO ELÉTRICA;ROTATIVO;90595;"LED P/SINALIZADOR;24VCA/VCC;";2;1204,46;PECAS REPOSICAO ELETRICA;MANUTENÇÃO;SEM CONSUMO;720;1
30;704;Rolandia - Ab. Aves;In Natura 3;619;MANUTENÇÃO ELÉTRICA;ROTATIVO;104096;TERMINAL ELET OLHAL ALUMINIO;30;75,53388878;PECAS REPOSICAO ELETRICA;MANUTENÇÃO;SEM CONSUMO;720;1
30;704;Rolandia - Ab. Aves;In Natura 3;619;MANUTENÇÃO ELÉTRICA;ROTATIVO;457972;CABO ELET MONT MAT CONEC PVC;1;366,89;PECAS REPOSICAO ELETRICA;MANUTENÇÃO;SEM CONSUMO;720;1
30;704;Rolandia - Ab. Aves;In Natura 3;619;MANUTENÇÃO ELÉTRICA;ROTATIVO;763027;"INDICADOR POSICAO P/VALVULA;";1;6412,11;PECAS REPOSICAO ELETRICA;MANUTENÇÃO;SEM CONSUMO;720;1
30;704;Rolandia - Ab. Aves;In Natura 3;619;MANUTENÇÃO ELÉTRICA;ROTATIVO;863487;"CONECTOR ELETRICO;PLUG;MACHO";3;12968,56;PECAS REPOSICAO ELETRICA;MANUTENÇÃO;SEM CONSUMO;720;1
30;704;Rolandia - Ab. Aves;In Natura 3;619;MANUTENÇÃO ELÉTRICA;ROTATIVO;875020;"CONECTOR ELETRICO;PLUG;FEMEA";1;4311,82;PECAS REPOSICAO ELETRICA;MANUTENÇÃO;SEM CONSUMO;720;1
30;704;Rolandia - Ab. Aves;In Natura 3;621;MANUTENÇÃO MECANICA;ROTATIVO;204504;"CHAVETA;ROBOPAC/078892 99020";2;43,75;PECAS REPOSICAO MECANICA;MANUTENÇÃO;SEM CONSUMO;720;1
30;704;Rolandia - Ab. Aves;In Natura 3;621;MANUTENÇÃO MECANICA;ROTATIVO;353188;MANCAL C/ROLAMENTO TIPO CARC;2;4196,84;PECAS REPOSICAO MECANICA;MANUTENÇÃO;SEM CONSUMO;720;1
30;704;Rolandia - Ab. Aves;In Natura 3;621;MANUTENÇÃO MECANICA;ROTATIVO;431880;MANCAL MATERIAL ACO INOX AIS;2;2957,05;PECAS REPOSICAO MECANICA;MANUTENÇÃO;SEM CONSUMO;720;1
30;704;Rolandia - Ab. Aves;In Natura 3;621;MANUTENÇÃO MECANICA;ROTATIVO;442522;RETENTOR B MATERIAL COMPOSTO;12;487,28;PECAS REPOSICAO MECANICA;MANUTENÇÃO;SEM CONSUMO;720;1
30;706;Rolandia - Racoes;In Natura 3;4;MANUTENÇÃO;ROTATIVO;118222;UNIAO FE MALE GALVANIZADO FO;1;314,115;PECAS REPOSICAO HIDRAULICA;MANUTENÇÃO;SEM CONSUMO;720;1
30;706;Rolandia - Racoes;In Natura 3;4;MANUTENÇÃO;ROTATIVO;405572;LUVA TUBO METALICO CONVENCIO;11;109,842;PECAS REPOSICAO HIDRAULICA;MANUTENÇÃO;SEM CONSUMO;720;1
30;706;Rolandia - Racoes;In Natura 3;4;MANUTENÇÃO;ROTATIVO;506936;MANCAL ROLAMENTO PEDES ACO C;4;2200;PECAS REPOSICAO MECANICA;MANUTENÇÃO;SEM CONSUMO;720;1
30;706;Rolandia - Racoes;In Natura 3;8;MANUTENÇÃO ELETRICA;ROTATIVO;437459;CELULA CARGA ACO INOX TENSAO;1;1263,66;PECAS REPOSICAO ELETRICA;MANUTENÇÃO;SEM CONSUMO;720;1
30;787;Rolandia - Incubatorio;In Natura 3;3;MANUTENÇÃO MECANICA;ROTATIVO;134031;FILTRO DE OLEO MANN W719/4;4;221,0866667;PECAS REPOSICAO MECANICA;MANUTENÇÃO;SEM CONSUMO;720;1
30;787;Rolandia - Incubatorio;In Natura 3;3;MANUTENÇÃO MECANICA;ROTATIVO;207284;CORREIA TRANSM V N SECAO UNI;3;195,585;PECAS REPOSICAO MECANICA;MANUTENÇÃO;SEM CONSUMO;720;1
30;787;Rolandia - Incubatorio;In Natura 3;3;MANUTENÇÃO MECANICA;ROTATIVO;251658;RETENTOR BRG MATERIAL BORRAC;12;123,84;PECAS REPOSICAO MECANICA;MANUTENÇÃO;SEM CONSUMO;720;1
30;787;Rolandia - Incubatorio;In Natura 3;3;MANUTENÇÃO MECANICA;ROTATIVO;299645;"RESISTENCIA;COOPERMAQ/16696";4;465,82;PECAS REPOSICAO MECANICA;MANUTENÇÃO;SEM CONSUMO;720;1
30;787;Rolandia - Incubatorio;In Natura 3;3;MANUTENÇÃO MECANICA;ROTATIVO;318898;CONTATOR 3P 65A/ AC3 1NA+1N;2;405,7;PECAS REPOSICAO ELETRICA;MANUTENÇÃO;SEM CONSUMO;720;1
30;787;Rolandia - Incubatorio;In Natura 3;3;MANUTENÇÃO MECANICA;ROTATIVO;352670;BICO ESPECIFICO 4643 COOPERM;5;3002,82;PECAS REPOSICAO MECANICA;MANUTENÇÃO;SEM CONSUMO;720;1
30;787;Rolandia - Incubatorio;In Natura 3;3;MANUTENÇÃO MECANICA;ROTATIVO;391477;RESISTENCIA AQUECIMENTO CONS;3;180;PECAS REPOSICAO ELETRICA;MANUTENÇÃO;SEM CONSUMO;720;1
30;787;Rolandia - Incubatorio;In Natura 3;3;MANUTENÇÃO MECANICA;ROTATIVO;402749;ATUADOR ESPECIFICO 1696 COOP;5;8382,23;PECAS REPOSICAO MECANICA;MANUTENÇÃO;SEM CONSUMO;720;1
30;787;Rolandia - Incubatorio;In Natura 3;3;MANUTENÇÃO MECANICA;ROTATIVO;437029;FOTOCELULA TENSAO 24V LARGUR;2;1113,6;PECAS REPOSICAO ELETRICA;MANUTENÇÃO;SEM CONSUMO;720;1
30;787;Rolandia - Incubatorio;In Natura 3;3;MANUTENÇÃO MECANICA;ROTATIVO;468375;JUNTA VEDACAO MATERIAL COMPO;5;60,71;PECAS REPOSICAO MECANICA;MANUTENÇÃO;SEM CONSUMO;720;1
30;787;Rolandia - Incubatorio;In Natura 3;3;MANUTENÇÃO MECANICA;ROTATIVO;468376;BASE RESISTENCIA MATERIAL AL;5;273,58;PECAS REPOSICAO MECANICA;MANUTENÇÃO;SEM CONSUMO;720;1
30;787;Rolandia - Incubatorio;In Natura 3;3;MANUTENÇÃO MECANICA;ROTATIVO;472652;BLOCO CONTATO MATERIAL TERMO;5;360,75;PECAS REPOSICAO ELETRICA;MANUTENÇÃO;SEM CONSUMO;720;1
30;787;Rolandia - Incubatorio;In Natura 3;3;MANUTENÇÃO MECANICA;ROTATIVO;472669;CONTATOR SEGURANCA TENSAO 22;7;479,969;PECAS REPOSICAO ELETRICA;MANUTENÇÃO;SEM CONSUMO;720;1
30;787;Rolandia - Incubatorio;In Natura 3;3;MANUTENÇÃO MECANICA;ROTATIVO;473075;CONTATOR APLICACAO MAQUINA N;2;671,869161;PECAS REPOSICAO ELETRICA;MANUTENÇÃO;SEM CONSUMO;720;1
30;787;Rolandia - Incubatorio;In Natura 3;3;MANUTENÇÃO MECANICA;ROTATIVO;474214;CORREIA SINCRONIZADORA MATER;19;627;PECAS REPOSICAO MECANICA;MANUTENÇÃO;SEM CONSUMO;720;1
30;787;Rolandia - Incubatorio;In Natura 3;3;MANUTENÇÃO MECANICA;ROTATIVO;483075;BLOCO ADITIVO APLICACAO INCU;3;238,46;PECAS REPOSICAO ELETRICA;MANUTENÇÃO;SEM CONSUMO;720;1
30;787;Rolandia - Incubatorio;In Natura 3;3;MANUTENÇÃO MECANICA;ROTATIVO;487900;BICO ATOMIZADOR APLICACAO IN;10;3261,29;PECAS REPOSICAO MECANICA;MANUTENÇÃO;SEM CONSUMO;720;1
30;787;Rolandia - Incubatorio;In Natura 3;3;MANUTENÇÃO MECANICA;ROTATIVO;524289;DISTANCIADOR MATERIAL LATAO;102;1161,219168;PECAS REPOSICAO MECANICA;MANUTENÇÃO;SEM CONSUMO;720;1
30;787;Rolandia - Incubatorio;In Natura 3;3;MANUTENÇÃO MECANICA;ROTATIVO;543177;SUPORTE USO TERMOMETRO APLIC;6;144,699;PECAS REPOSICAO MECANICA;MANUTENÇÃO;SEM CONSUMO;720;1
30;787;Rolandia - Incubatorio;In Natura 3;3;MANUTENÇÃO MECANICA;ROTATIVO;551749;BOBINA SOLENOIDE TENSAO 220V;3;707,074;PECAS REPOSICAO ELETRICA;MANUTENÇÃO;SEM CONSUMO;720;1
30;787;Rolandia - Incubatorio;In Natura 3;3;MANUTENÇÃO MECANICA;ROTATIVO;588919;CONTATOR AUXILIAR 25A 110V 6;2;350,5566667;PECAS REPOSICAO ELETRICA;MANUTENÇÃO;SEM CONSUMO;720;1
30;787;Rolandia - Incubatorio;In Natura 3;5;UNIFORMES E EPI'S;ROTATIVO;403401;PROTETOR P/ TALABARTE MATERI;18;725,04;EQUIPAMENTOS DE PROTECAO - EPI;AUXILIARES DA INDUSTRIA;SEM CONSUMO;720;1
30;787;Rolandia - Incubatorio;In Natura 3;5;UNIFORMES E EPI'S;ROTATIVO;427879;BOTA SEGURANCA Nº 43 MATERIA;8;340,8;EQUIPAMENTOS DE PROTECAO - EPI;AUXILIARES DA INDUSTRIA;SEM CONSUMO;720;1
30;516;Rolandia - Ffo;In Natura 3;3;MANUTENÇÃO;ROTATIVO;323830;SOFT STARTER 3RW-3046 1AB14;1;6782,5733;PECAS REPOSICAO MECANICA;MANUTENÇÃO;SEM CONSUMO;360;1
30;516;Rolandia - Ffo;In Natura 3;3;MANUTENÇÃO;ROTATIVO;355699;ESTATOR ESPECIFICO NM01501PS;3;795,3735;PECAS REPOSICAO MECANICA;MANUTENÇÃO;SEM CONSUMO;360;1
30;516;Rolandia - Ffo;In Natura 3;3;MANUTENÇÃO;ROTATIVO;417278;MANCAL S/ROLAMENTO MATERIAL;4;598,16;PECAS REPOSICAO MECANICA;MANUTENÇÃO;SEM CONSUMO;360;1
30;516;Rolandia - Ffo;In Natura 3;3;MANUTENÇÃO;ROTATIVO;508447;DISCO MATERIAL VIDRO TEMPERA;3;93,94833334;PECAS REPOSICAO MECANICA;MANUTENÇÃO;SEM CONSUMO;360;1
30;516;Rolandia - Ffo;In Natura 3;4;UNIFORMES E EPI'S;ROTATIVO;244910;PROTE AURIC INSERCAO TIPO PL;12;13,8;EQUIPAMENTOS DE PROTECAO - EPI;AUXILIARES DA INDUSTRIA;SEM CONSUMO;360;1
30;516;Rolandia - Ffo;In Natura 3;4;UNIFORMES E EPI'S;ROTATIVO;923184;FILTRO RESPIRADOR CARTUCHO F;10;1212,05;EQUIPAMENTOS DE PROTECAO - EPI;AUXILIARES DA INDUSTRIA;SEM CONSUMO;360;1
30;704;Rolandia - Ab. Aves;In Natura 3;1;EMBALAGENS PRIMARIAS;ROTATIVO;67143;SACO MAT DIR POLIETILENO BAI;55086;18392,77265;EMBALAGENS P/ INDUSTRIA;EMBALAGENS;SEM CONSUMO;360;1
30;704;Rolandia - Ab. Aves;In Natura 3;1;EMBALAGENS PRIMARIAS;ROTATIVO;73133;FILME PL PEBDL 18406 TRANSPA;480,2;10108,1116;EMBALAGENS P/ INDUSTRIA;EMBALAGENS;SEM CONSUMO;360;1
30;704;Rolandia - Ab. Aves;In Natura 3;1;EMBALAGENS PRIMARIAS;ROTATIVO;73158;ETIQUETA AD TIPO IMPR FLEX P;17000;2098,29;EMBALAGENS P/ INDUSTRIA;EMBALAGENS;SEM CONSUMO;360;1
30;704;Rolandia - Ab. Aves;In Natura 3;1;EMBALAGENS PRIMARIAS;ROTATIVO;73160;SACO MATERIAL DIRETO PE BD S;6500;1879,379743;EMBALAGENS P/ INDUSTRIA;EMBALAGENS;SEM CONSUMO;360;1
30;704;Rolandia - Ab. Aves;In Natura 3;5;MANUTENÇÃO MECANICA;ROTATIVO;12292;BUJAO DE BORRACHA 0401128;21;8,92097995;PECAS REPOSICAO MECANICA;MANUTENÇÃO;SEM CONSUMO;360;1
30;704;Rolandia - Ab. Aves;In Natura 3;5;MANUTENÇÃO MECANICA;ROTATIVO;20292;CANTONEIRA MATERIAL ACO INOX;4;1683,6092;PECAS REPOSICAO MECANICA;MANUTENÇÃO;SEM CONSUMO;360;1
30;704;Rolandia - Ab. Aves;In Natura 3;5;MANUTENÇÃO MECANICA;ROTATIVO;22972;PERFIL UHMW 160 X 115 X 1MM;16;66,86704;PECAS REPOSICAO MECANICA;MANUTENÇÃO;SEM CONSUMO;360;1
30;704;Rolandia - Ab. Aves;In Natura 3;5;MANUTENÇÃO MECANICA;ROTATIVO;23328;TRAVA INTERNA 34MM;7;3,3386325;PECAS REPOSICAO MECANICA;MANUTENÇÃO;SEM CONSUMO;360;1
30;704;Rolandia - Ab. Aves;In Natura 3;5;MANUTENÇÃO MECANICA;ROTATIVO;23755;RODA RLEZ 16F EST EIXO 40MM;17;605,914;PECAS REPOSICAO MECANICA;MANUTENÇÃO;SEM CONSUMO;360;1
30;704;Rolandia - Ab. Aves;In Natura 3;5;MANUTENÇÃO MECANICA;ROTATIVO;25252;"ACOPLAMENTO;USINOX/301304846";2;410,33625;PECAS REPOSICAO MECANICA;MANUTENÇÃO;SEM CONSUMO;360;1
30;704;Rolandia - Ab. Aves;In Natura 3;5;MANUTENÇÃO MECANICA;ROTATIVO;100933;CHAVETA BARRA QUADRADA MATER;2;43,33333334;PECAS REPOSICAO MECANICA;MANUTENÇÃO;SEM CONSUMO;360;1
30;704;Rolandia - Ab. Aves;In Natura 3;5;MANUTENÇÃO MECANICA;ROTATIVO;102665;MOLA HELICOIDAL CILINDRICA M;19;29,86876;PECAS REPOSICAO MECANICA;MANUTENÇÃO;SEM CONSUMO;360;1
30;704;Rolandia - Ab. Aves;In Natura 3;5;MANUTENÇÃO MECANICA;ROTATIVO;103052;PINO JUMELO 0427012 PALETRAN;4;40,57954607;PECAS REPOSICAO MECANICA;MANUTENÇÃO;SEM CONSUMO;360;1
30;704;Rolandia - Ab. Aves;In Natura 3;5;MANUTENÇÃO MECANICA;ROTATIVO;217158;ROLAMENTO RIGIDO ESFERA 6312;4;394,172;PECAS REPOSICAO MECANICA;MANUTENÇÃO;SEM CONSUMO;360;1
30;704;Rolandia - Ab. Aves;In Natura 3;5;MANUTENÇÃO MECANICA;ROTATIVO;225509;BARRA NAO METALICA CIRCULAR;1;20,85;PECAS REPOSICAO MECANICA;MANUTENÇÃO;SEM CONSUMO;360;1
30;704;Rolandia - Ab. Aves;In Natura 3;5;MANUTENÇÃO MECANICA;ROTATIVO;236525;"BARRA;MAREL/4992471";1;294,92;PECAS REPOSICAO MECANICA;MANUTENÇÃO;SEM CONSUMO;360;1
30;704;Rolandia - Ab. Aves;In Natura 3;5;MANUTENÇÃO MECANICA;ROTATIVO;301990;RETENTOR BA MATERIAL BORRACH;8;116,62312;PECAS REPOSICAO MECANICA;MANUTENÇÃO;SEM CONSUMO;360;1
30;704;Rolandia - Ab. Aves;In Natura 3;5;MANUTENÇÃO MECANICA;ROTATIVO;304786;ROLAMENTO NU 213 C/SEP.;6;1571,049763;PECAS REPOSICAO MECANICA;MANUTENÇÃO;SEM CONSUMO;360;1
30;704;Rolandia - Ab. Aves;In Natura 3;5;MANUTENÇÃO MECANICA;ROTATIVO;305983;"REGULADOR VAZAO P/CILINDRO;3";10;843,64;PECAS REPOSICAO MECANICA;MANUTENÇÃO;SEM CONSUMO;360;1
30;704;Rolandia - Ab. Aves;In Natura 3;5;MANUTENÇÃO MECANICA;ROTATIVO;311211;NIPLE CONEXAO SANITARIA SOLD;1;26,68;PECAS REPOSICAO MECANICA;MANUTENÇÃO;SEM CONSUMO;360;1
30;704;Rolandia - Ab. Aves;In Natura 3;5;MANUTENÇÃO MECANICA;ROTATIVO;323367;ROLAMENTO ROLO CONICO AUTOCO;2;102,98;PECAS REPOSICAO MECANICA;MANUTENÇÃO;SEM CONSUMO;360;1
30;704;Rolandia - Ab. Aves;In Natura 3;5;MANUTENÇÃO MECANICA;ROTATIVO;359158;ROLAMENTO ESPECIFICO 8906890;1;220,3316667;PECAS REPOSICAO MECANICA;MANUTENÇÃO;SEM CONSUMO;360;1
30;704;Rolandia - Ab. Aves;In Natura 3;5;MANUTENÇÃO MECANICA;ROTATIVO;367586;PINO ESPECIFICO 891123015000;23;11,11906089;PECAS REPOSICAO MECANICA;MANUTENÇÃO;SEM CONSUMO;360;1
30;704;Rolandia - Ab. Aves;In Natura 3;5;MANUTENÇÃO MECANICA;ROTATIVO;367608;EIXO ESPECIFICO 070000000131;2;2922,16;PECAS REPOSICAO MECANICA;MANUTENÇÃO;SEM CONSUMO;360;1
30;704;Rolandia - Ab. Aves;In Natura 3;5;MANUTENÇÃO MECANICA;ROTATIVO;367675;EIXO ESPECIFICO 0990A0400160;23;3326,947377;PECAS REPOSICAO MECANICA;MANUTENÇÃO;SEM CONSUMO;360;1
30;704;Rolandia - Ab. Aves;In Natura 3;5;MANUTENÇÃO MECANICA;ROTATIVO;379451;BORRACHA ESPECIFICO 921 SEMI;23;1185,793214;PECAS REPOSICAO MECANICA;MANUTENÇÃO;SEM CONSUMO;360;1
30;704;Rolandia - Ab. Aves;In Natura 3;5;MANUTENÇÃO MECANICA;ROTATIVO;380308;RETENTOR BRG MATERIAL BORRAC;13;123,2075;PECAS REPOSICAO MECANICA;MANUTENÇÃO;SEM CONSUMO;360;1
30;704;Rolandia - Ab. Aves;In Natura 3;5;MANUTENÇÃO MECANICA;ROTATIVO;380969;PINO ESPECIFICO 890927015000;2;5,47;PECAS REPOSICAO MECANICA;MANUTENÇÃO;SEM CONSUMO;360;1
30;704;Rolandia - Ab. Aves;In Natura 3;5;MANUTENÇÃO MECANICA;ROTATIVO;381391;RETENTOR BAG MATERIAL BORRAC;13;114,3307499;PECAS REPOSICAO MECANICA;MANUTENÇÃO;SEM CONSUMO;360;1
30;704;Rolandia - Ab. Aves;In Natura 3;5;MANUTENÇÃO MECANICA;ROTATIVO;381476;"RETENTOR;SEW/0011524X";4;542,73;PECAS REPOSICAO - IMPORTADOS;MANUTENÇÃO;SEM CONSUMO;360;1
30;704;Rolandia - Ab. Aves;In Natura 3;5;MANUTENÇÃO MECANICA;ROTATIVO;383002;RETENTOR BAG MATERIAL BORRAC;16;264,3469;PECAS REPOSICAO MECANICA;MANUTENÇÃO;SEM CONSUMO;360;1
30;704;Rolandia - Ab. Aves;In Natura 3;5;MANUTENÇÃO MECANICA;ROTATIVO;394891;VALVULA SOLENOIDE AR 3 VIAS;2;283,0333333;PECAS REPOSICAO MECANICA;MANUTENÇÃO;SEM CONSUMO;360;1
30;704;Rolandia - Ab. Aves;In Natura 3;5;MANUTENÇÃO MECANICA;ROTATIVO;462168;KIT EIXO CENTRAL MATERIAL AC;1;3681,0723;PECAS REPOSICAO MECANICA;MANUTENÇÃO;SEM CONSUMO;360;1
30;704;Rolandia - Ab. Aves;In Natura 3;5;MANUTENÇÃO MECANICA;ROTATIVO;468745;CONECTOR ELETRICO MACHO MATE;2;736,2002319;PECAS REPOSICAO ELETRICA;MANUTENÇÃO;SEM CONSUMO;360;1
30;704;Rolandia - Ab. Aves;In Natura 3;5;MANUTENÇÃO MECANICA;ROTATIVO;471515;GUARDA MOVEL MATERIAL ACETAL;7;52,4125;PECAS REPOSICAO MECANICA;MANUTENÇÃO;SEM CONSUMO;360;1
30;704;Rolandia - Ab. Aves;In Natura 3;5;MANUTENÇÃO MECANICA;ROTATIVO;545950;RESISTENCIA AQUECIMENTO TUBU;3;774,4578;PECAS REPOSICAO ELETRICA;MANUTENÇÃO;SEM CONSUMO;360;1
30;704;Rolandia - Ab. Aves;In Natura 3;5;MANUTENÇÃO MECANICA;ROTATIVO;576583;SUPORTE OMEGA MAT AI DIAM 38;9;27;PECAS REPOSICAO MECANICA;MANUTENÇÃO;SEM CONSUMO;360;1
30;704;Rolandia - Ab. Aves;In Natura 3;5;MANUTENÇÃO MECANICA;ROTATIVO;591091;RETENTOR BRG MATERIAL BORRAC;3;61,23498367;PECAS REPOSICAO MECANICA;MANUTENÇÃO;SEM CONSUMO;360;1
30;704;Rolandia - Ab. Aves;In Natura 3;5;MANUTENÇÃO MECANICA;ROTATIVO;593507;DEDO MAT COMPOST BORRACH OVA;1000;2555,721425;AUXILIAR DA INDUSTRIA;AUXILIARES DA INDUSTRIA;SEM CONSUMO;360;1
30;704;Rolandia - Ab. Aves;In Natura 3;5;MANUTENÇÃO MECANICA;ROTATIVO;599049;CONECTOR USO BATERIA APLICAC;4;507,74;PECAS REPOSICAO ELETRICA;MANUTENÇÃO;SEM CONSUMO;360;1
30;704;Rolandia - Ab. Aves;In Natura 3;5;MANUTENÇÃO MECANICA;ROTATIVO;671643;"CINTO DE SEGURANÇA;RETRATIL;";2;718;PECAS REPOSICAO VEICULOS;MANUTENÇÃO;SEM CONSUMO;360;1
30;704;Rolandia - Ab. Aves;In Natura 3;5;MANUTENÇÃO MECANICA;ROTATIVO;863742;ARRUELA MATERIAL ACO APLICAC;6;20,61;PECAS REPOSICAO - IMPORTADOS;MANUTENÇÃO;SEM CONSUMO;360;1
30;704;Rolandia - Ab. Aves;In Natura 3;5;MANUTENÇÃO MECANICA;ROTATIVO;912482;"FITA VEDACAO TEFLON;MULTIUSO";2;202,6;PECAS REPOSICAO HIDRAULICA;MANUTENÇÃO;SEM CONSUMO;360;1
30;704;Rolandia - Ab. Aves;In Natura 3;6;MANUTENÇÃO HIDRAULICA E CIVIL;ROTATIVO;23293;REDUCAO FG. 6 X 4;13;1045,81997;PECAS REPOSICAO HIDRAULICA;MANUTENÇÃO;SEM CONSUMO;360;1
30;704;Rolandia - Ab. Aves;In Natura 3;6;MANUTENÇÃO HIDRAULICA E CIVIL;ROTATIVO;333142;CURVA LONGA 85MM PVC 45 GRAU;1;25,75;PECAS REPOSICAO HIDRAULICA;MANUTENÇÃO;SEM CONSUMO;360;1
30;704;Rolandia - Ab. Aves;In Natura 3;6;MANUTENÇÃO HIDRAULICA E CIVIL;ROTATIVO;338951;MANGUEIRA KANAFLEX KVL AZUL;4;72;PECAS REPOSICAO HIDRAULICA;MANUTENÇÃO;SEM CONSUMO;360;1
30;704;Rolandia - Ab. Aves;In Natura 3;6;MANUTENÇÃO HIDRAULICA E CIVIL;ROTATIVO;338978;BUCHA REDUCAO TUBO CURTA MAT;1;23,375;PECAS REPOSICAO HIDRAULICA;MANUTENÇÃO;SEM CONSUMO;360;1
30;704;Rolandia - Ab. Aves;In Natura 3;6;MANUTENÇÃO HIDRAULICA E CIVIL;ROTATIVO;343716;VALVULA DE ACIONAMENTO PNEUM;8;1334,432;PECAS REPOSICAO MECANICA;MANUTENÇÃO;SEM CONSUMO;360;1
30;704;Rolandia - Ab. Aves;In Natura 3;6;MANUTENÇÃO HIDRAULICA E CIVIL;ROTATIVO;356323;CONECTOR RETO MACHO MATERIAL;6;328,68;PECAS REPOSICAO HIDRAULICA;MANUTENÇÃO;SEM CONSUMO;360;1
30;704;Rolandia - Ab. Aves;In Natura 3;6;MANUTENÇÃO HIDRAULICA E CIVIL;ROTATIVO;373909;ANEL VEDACAO CONEXAO SANITAR;98;88,45443011;PECAS REPOSICAO MECANICA;MANUTENÇÃO;SEM CONSUMO;360;1
30;704;Rolandia - Ab. Aves;In Natura 3;6;MANUTENÇÃO HIDRAULICA E CIVIL;ROTATIVO;394446;COTOVELO TUBO NAO METALICO T;8;12,2353846;PECAS REPOSICAO HIDRAULICA;MANUTENÇÃO;SEM CONSUMO;360;1
30;704;Rolandia - Ab. Aves;In Natura 3;6;MANUTENÇÃO HIDRAULICA E CIVIL;ROTATIVO;402897;DESENTUPIDOR VASO SANITARIO;2;47;PECAS REPOSICAO CIVIL;MANUTENÇÃO;SEM CONSUMO;360;1
30;704;Rolandia - Ab. Aves;In Natura 3;6;MANUTENÇÃO HIDRAULICA E CIVIL;ROTATIVO;412515;BUCHA REDUCAO TUBO LONGA MAT;4;327,864;PECAS REPOSICAO HIDRAULICA;MANUTENÇÃO;SEM CONSUMO;360;1
30;704;Rolandia - Ab. Aves;In Natura 3;6;MANUTENÇÃO HIDRAULICA E CIVIL;ROTATIVO;420594;TUBO PNEUMATICO MATERIAL POL;34;37,54178727;PECAS REPOSICAO HIDRAULICA;MANUTENÇÃO;SEM CONSUMO;360;1
30;704;Rolandia - Ab. Aves;In Natura 3;6;MANUTENÇÃO HIDRAULICA E CIVIL;ROTATIVO;607738;SILENCIOSO SINTERIZADO 1/4 P;5;17,68;PECAS REPOSICAO MECANICA;MANUTENÇÃO;SEM CONSUMO;360;1
30;704;Rolandia - Ab. Aves;In Natura 3;6;MANUTENÇÃO HIDRAULICA E CIVIL;ROTATIVO;664554;"LUVA PPR RIGIDO IND;P/AGUA F";1;11;PECAS REPOSICAO HIDRAULICA;MANUTENÇÃO;SEM CONSUMO;360;1
30;704;Rolandia - Ab. Aves;In Natura 3;7;MANUTENÇÃO ELETRICA;ROTATIVO;22774;COMUTADOR RETORNO 3P XB3BD55;3;316,56;PECAS REPOSICAO ELETRICA;MANUTENÇÃO;SEM CONSUMO;360;1
30;704;Rolandia - Ab. Aves;In Natura 3;7;MANUTENÇÃO ELETRICA;ROTATIVO;23098;SENSOR AB 871TM-N40NP30 A2;1;415,58;PECAS REPOSICAO ELETRICA;MANUTENÇÃO;SEM CONSUMO;360;1
30;704;Rolandia - Ab. Aves;In Natura 3;7;MANUTENÇÃO ELETRICA;ROTATIVO;23465;TERMINACAO EH NPT 11 GREY;5;56,45;PECAS REPOSICAO HIDRAULICA;MANUTENÇÃO;SEM CONSUMO;360;1
30;704;Rolandia - Ab. Aves;In Natura 3;7;MANUTENÇÃO ELETRICA;ROTATIVO;23749;LIMITADOR SOBR 3RT1916-1BD00;2;36,14;PECAS REPOSICAO MECANICA;MANUTENÇÃO;SEM CONSUMO;360;1
30;704;Rolandia - Ab. Aves;In Natura 3;7;MANUTENÇÃO ELETRICA;ROTATIVO;24494;PALHETA COBRE 0,51X15X30MM;13;147,16;PECAS REPOSICAO MECANICA;MANUTENÇÃO;SEM CONSUMO;360;1
30;704;Rolandia - Ab. Aves;In Natura 3;7;MANUTENÇÃO ELETRICA;ROTATIVO;164020;DISJUNTOR BIFASICO 6A SIEMEN;9;1242,016243;PECAS REPOSICAO ELETRICA;MANUTENÇÃO;SEM CONSUMO;360;1
30;704;Rolandia - Ab. Aves;In Natura 3;7;MANUTENÇÃO ELETRICA;ROTATIVO;322088;PLACA ELETRONICA COMPLETA SE;5;1047,4194;PECAS REPOSICAO ELETRICA;MANUTENÇÃO;SEM CONSUMO;360;1
30;704;Rolandia - Ab. Aves;In Natura 3;7;MANUTENÇÃO ELETRICA;ROTATIVO;322300;MICRORUPTOR TIPO M3;2;125,4593333;PECAS REPOSICAO ELETRICA;MANUTENÇÃO;SEM CONSUMO;360;1
30;704;Rolandia - Ab. Aves;In Natura 3;7;MANUTENÇÃO ELETRICA;ROTATIVO;322898;RELE SOBRECARGA F4.5A6.3A SI;14;2209,004;PECAS REPOSICAO ELETRICA;MANUTENÇÃO;SEM CONSUMO;360;1
30;704;Rolandia - Ab. Aves;In Natura 3;7;MANUTENÇÃO ELETRICA;ROTATIVO;341237;ESPELHO PRIMASTICO MOD.ESP.;1;551,1283;PECAS REPOSICAO MECANICA;MANUTENÇÃO;SEM CONSUMO;360;1
30;704;Rolandia - Ab. Aves;In Natura 3;7;MANUTENÇÃO ELETRICA;ROTATIVO;348949;REATOR LAMPADA FLUORESCENTE;7;941,0214074;PECAS REPOSICAO ELETRICA;MANUTENÇÃO;SEM CONSUMO;360;1
30;704;Rolandia - Ab. Aves;In Natura 3;7;MANUTENÇÃO ELETRICA;ROTATIVO;400136;TERMINAL COMPRESSAO FORQUILH;100;33,5864757;PECAS REPOSICAO ELETRICA;MANUTENÇÃO;SEM CONSUMO;360;1
30;704;Rolandia - Ab. Aves;In Natura 3;7;MANUTENÇÃO ELETRICA;ROTATIVO;421429;ESCOVA CARVAO MATERIAL CARVA;2;53,5;PECAS REPOSICAO ELETRICA;MANUTENÇÃO;SEM CONSUMO;360;1
30;704;Rolandia - Ab. Aves;In Natura 3;7;MANUTENÇÃO ELETRICA;ROTATIVO;433579;SENSOR FOTOELETRICO MATERIAL;10;1422,908802;PECAS REPOSICAO ELETRICA;MANUTENÇÃO;SEM CONSUMO;360;1
30;704;Rolandia - Ab. Aves;In Natura 3;7;MANUTENÇÃO ELETRICA;ROTATIVO;456163;CONECTOR P/SENSOR MATERIAL C;4;533,26;PECAS REPOSICAO ELETRICA;MANUTENÇÃO;SEM CONSUMO;360;1
30;704;Rolandia - Ab. Aves;In Natura 3;7;MANUTENÇÃO ELETRICA;ROTATIVO;484384;BOTAO IMPULSO CROMADO COR VE;4;286,8003044;PECAS REPOSICAO ELETRICA;MANUTENÇÃO;SEM CONSUMO;360;1
30;704;Rolandia - Ab. Aves;In Natura 3;7;MANUTENÇÃO ELETRICA;ROTATIVO;487007;LAMPADA FLUORESCENTE TUBULAR;9;49,57158113;PECAS REPOSICAO ELETRICA;MANUTENÇÃO;SEM CONSUMO;360;1
30;704;Rolandia - Ab. Aves;In Natura 3;7;MANUTENÇÃO ELETRICA;ROTATIVO;694053;KIT REPARO P/ VALVULA DE EXP;1;244,72;PECAS REPOSICAO MECANICA;MANUTENÇÃO;SEM CONSUMO;360;1
30;704;Rolandia - Ab. Aves;In Natura 3;7;MANUTENÇÃO ELETRICA;ROTATIVO;780731;MODULO DE EXP DIGITAL LOGO D;1;269,29;PECAS REPOSICAO ELETRICA;MANUTENÇÃO;SEM CONSUMO;360;1
30;704;Rolandia - Ab. Aves;In Natura 3;7;MANUTENÇÃO ELETRICA;ROTATIVO;866849;MICRO INTERRUPTOR 120/250V C;6;95,68900377;PECAS REPOSICAO ELETRICA;MANUTENÇÃO;SEM CONSUMO;360;1
30;704;Rolandia - Ab. Aves;In Natura 3;11;UNIFORMES E EPI'S;ROTATIVO;485238;FILTRO RESPIRADOR CARTUCHO F;4;76,184;EQUIPAMENTOS DE PROTECAO - EPI;AUXILIARES DA INDUSTRIA;SEM CONSUMO;360;1
30;704;Rolandia - Ab. Aves;In Natura 3;13;AUXILIARES DA INDUSTRIA;ROTATIVO;6302;FACA MUNDIAL 5515/05 VERDE;23;216,5086746;FACAS & CHAIRAS;AUXILIARES DA INDUSTRIA;SEM CONSUMO;360;1
30;704;Rolandia - Ab. Aves;In Natura 3;13;AUXILIARES DA INDUSTRIA;ROTATIVO;782106;CHAIRA TIPO LISO MATERIAL CA;31;709,2025001;FACAS & CHAIRAS;AUXILIARES DA INDUSTRIA;SEM CONSUMO;360;1
30;704;Rolandia - Ab. Aves;In Natura 3;101;LINHA DE PRODUCAO ALIMENTOS PREPARADOS;ROTATIVO;80034;CX PAP 510X265X145 ROL;299;1202,983878;EMBALAGENS P/ INDUSTRIA;EMBALAGENS;SEM CONSUMO;360;1
30;704;Rolandia - Ab. Aves;In Natura 3;101;LINHA DE PRODUCAO ALIMENTOS PREPARADOS;ROTATIVO;80524;CAIXA CARTON MATERIAL PAPEL;4000;2474,3862;EMBALAGENS P/ INDUSTRIA;EMBALAGENS;SEM CONSUMO;360;1
30;704;Rolandia - Ab. Aves;In Natura 3;101;LINHA DE PRODUCAO ALIMENTOS PREPARADOS;ROTATIVO;81033;TP MAN PDO IMP 398X285X110MM;1300;1605,034821;EMBALAGENS P/ INDUSTRIA;EMBALAGENS;SEM CONSUMO;360;1
30;704;Rolandia - Ab. Aves;In Natura 3;150;MATERIAIS PARA DESCARTE ( EMBALAGENS E CONDIMENTOS );ROTATIVO;491880;SACO MAT DIR POLIETILENO BAI;47000;14083,50911;EMBALAGENS P/ INDUSTRIA;EMBALAGENS;SEM CONSUMO;360;1
30;704;Rolandia - Ab. Aves;In Natura 3;601;EMBALAGENS;ROTATIVO;80034;CX PAP 510X265X145 ROL;2400;9656,057858;EMBALAGENS P/ INDUSTRIA;EMBALAGENS;SEM CONSUMO;360;1
30;704;Rolandia - Ab. Aves;In Natura 3;601;EMBALAGENS;ROTATIVO;81033;TP MAN PDO IMP 398X285X110MM;26360;30291,10034;EMBALAGENS P/ INDUSTRIA;EMBALAGENS;SEM CONSUMO;360;1
30;704;Rolandia - Ab. Aves;In Natura 3;602;MANUTENÇÃO;ROTATIVO;14271;PRENSA CABO M20 CINZA;13;62,29975268;PECAS REPOSICAO ELETRICA;MANUTENÇÃO;SEM CONSUMO;360;1
30;704;Rolandia - Ab. Aves;In Natura 3;602;MANUTENÇÃO;ROTATIVO;48846;ELEMENTO ACOPL NORMEX-E 112;4;1363,0794;PECAS REPOSICAO MECANICA;MANUTENÇÃO;SEM CONSUMO;360;1
30;704;Rolandia - Ab. Aves;In Natura 3;602;MANUTENÇÃO;ROTATIVO;55732;"ROL CONT ANG ESF;25X47X12MM;";5;1446,54;PECAS REPOSICAO MECANICA;MANUTENÇÃO;SEM CONSUMO;360;1
30;704;Rolandia - Ab. Aves;In Natura 3;602;MANUTENÇÃO;ROTATIVO;59164;"EMENDA;REDUÇAO;P/CORR DUPLO;";3;62,61;PECAS REPOSICAO MECANICA;MANUTENÇÃO;SEM CONSUMO;360;1
30;704;Rolandia - Ab. Aves;In Natura 3;602;MANUTENÇÃO;ROTATIVO;68601;"ELEMENTO ELASTICO;P/ACOPLAME";2;296,19;PECAS REPOSICAO MECANICA;MANUTENÇÃO;SEM CONSUMO;360;1
30;704;Rolandia - Ab. Aves;In Natura 3;602;MANUTENÇÃO;ROTATIVO;74271;"JUNTA;STERLING SIHI/43004973";2;215,17;PECAS REPOSICAO MECANICA;MANUTENÇÃO;SEM CONSUMO;360;1
30;704;Rolandia - Ab. Aves;In Natura 3;602;MANUTENÇÃO;ROTATIVO;77052;"ABERTURA;ULMA/2351891";1;1993,98;PECAS REPOSICAO MECANICA;MANUTENÇÃO;SEM CONSUMO;360;1
30;704;Rolandia - Ab. Aves;In Natura 3;602;MANUTENÇÃO;ROTATIVO;83108;"CONEXAO TUBO/TUBO PNEUM;EM T";3;197,83;PECAS REPOSICAO HIDRAULICA;MANUTENÇÃO;SEM CONSUMO;360;1
30;704;Rolandia - Ab. Aves;In Natura 3;602;MANUTENÇÃO;ROTATIVO;98097;"RESISTENCIA;SEMIL/2089002000";2;807,68;PECAS REPOSICAO MECANICA;MANUTENÇÃO;SEM CONSUMO;360;1
30;704;Rolandia - Ab. Aves;In Natura 3;602;MANUTENÇÃO;ROTATIVO;118421;"ESTEIRA MET FLEXIVEL;COBRIDE";30;12551,6;PECAS REPOSICAO MECANICA;MANUTENÇÃO;SEM CONSUMO;360;1
30;704;Rolandia - Ab. Aves;In Natura 3;602;MANUTENÇÃO;ROTATIVO;123513;"PARAFUSO;JBT JOHN BEAN/40000";130;5520,824242;PECAS REPOSICAO MECANICA;MANUTENÇÃO;SEM CONSUMO;360;1
30;704;Rolandia - Ab. Aves;In Natura 3;602;MANUTENÇÃO;ROTATIVO;124573;"ROLETE;TORFRESMA/3473786";4;4088,594838;PECAS REPOSICAO MECANICA;MANUTENÇÃO;SEM CONSUMO;360;1
30;704;Rolandia - Ab. Aves;In Natura 3;602;MANUTENÇÃO;ROTATIVO;125677;"PLACA;ISHIDA/000144502201";1;3620,06;PECAS REPOSICAO MECANICA;MANUTENÇÃO;SEM CONSUMO;360;1
30;704;Rolandia - Ab. Aves;In Natura 3;602;MANUTENÇÃO;ROTATIVO;133827;"ESTEIRA;JBT JOHN BEAN/556180";2,048;2347,472966;PECAS REPOSICAO MECANICA;MANUTENÇÃO;SEM CONSUMO;360;1
30;704;Rolandia - Ab. Aves;In Natura 3;602;MANUTENÇÃO;ROTATIVO;146647;"MANCAL MONTADO;FLANGE QUADRA";6;3161,22;PECAS REPOSICAO MECANICA;MANUTENÇÃO;SEM CONSUMO;360;1
30;704;Rolandia - Ab. Aves;In Natura 3;602;MANUTENÇÃO;ROTATIVO;149349;SENSOR DE TEMPERATURA COD 10;1;675,98;PECAS REPOSICAO ELETRICA;MANUTENÇÃO;SEM CONSUMO;360;1
30;704;Rolandia - Ab. Aves;In Natura 3;602;MANUTENÇÃO;ROTATIVO;154680;"CONTATOR TRIPOLAR;22A;400V;S";1;441,69;PECAS REPOSICAO ELETRICA;MANUTENÇÃO;SEM CONSUMO;360;1
30;704;Rolandia - Ab. Aves;In Natura 3;602;MANUTENÇÃO;ROTATIVO;166449;"ENGRENAGEM;TORFRESMA/3021507";1;339,58;PECAS REPOSICAO MECANICA;MANUTENÇÃO;SEM CONSUMO;360;1
30;704;Rolandia - Ab. Aves;In Natura 3;602;MANUTENÇÃO;ROTATIVO;196920;"MOLA;TORFRESMA/3664106";95;4499,346154;PECAS REPOSICAO MECANICA;MANUTENÇÃO;SEM CONSUMO;360;1
30;704;Rolandia - Ab. Aves;In Natura 3;602;MANUTENÇÃO;ROTATIVO;200517;"CORREIA;GEA/00213311900";1;2883,25;PECAS REPOSICAO MECANICA;MANUTENÇÃO;SEM CONSUMO;360;1
30;704;Rolandia - Ab. Aves;In Natura 3;602;MANUTENÇÃO;ROTATIVO;260777;"O-RING;GEA/00071944390";1;151,65;PECAS REPOSICAO MECANICA;MANUTENÇÃO;SEM CONSUMO;360;1
30;704;Rolandia - Ab. Aves;In Natura 3;602;MANUTENÇÃO;ROTATIVO;272181;"ROLAMENTO FIXO ESF;30X62X16M";9;236,4995707;PECAS REPOSICAO MECANICA;MANUTENÇÃO;SEM CONSUMO;360;1
30;704;Rolandia - Ab. Aves;In Natura 3;602;MANUTENÇÃO;ROTATIVO;276289;"LUVA;SPX/220098000";1;723,96;PECAS REPOSICAO MECANICA;MANUTENÇÃO;SEM CONSUMO;360;1
30;704;Rolandia - Ab. Aves;In Natura 3;602;MANUTENÇÃO;ROTATIVO;281296;"ENGRENAGEM;TORFRESMA/3040430";2;776,84;PECAS REPOSICAO MECANICA;MANUTENÇÃO;SEM CONSUMO;360;1
30;704;Rolandia - Ab. Aves;In Natura 3;602;MANUTENÇÃO;ROTATIVO;313025;BUCHA FIXACAO PARAF TIPO CON;56;5,922;PECAS REPOSICAO MECANICA;MANUTENÇÃO;SEM CONSUMO;360;1
30;704;Rolandia - Ab. Aves;In Natura 3;602;MANUTENÇÃO;ROTATIVO;347359;PRENSA CABO NYLON 3/8 POL GA;3;14,36000001;PECAS REPOSICAO ELETRICA;MANUTENÇÃO;SEM CONSUMO;360;1
30;704;Rolandia - Ab. Aves;In Natura 3;602;MANUTENÇÃO;ROTATIVO;370618;ROLAMENTO ESPECIFICO 0010566;6;599,535;PECAS REPOSICAO MECANICA;MANUTENÇÃO;SEM CONSUMO;360;1
30;704;Rolandia - Ab. Aves;In Natura 3;602;MANUTENÇÃO;ROTATIVO;377491;BROCA HELICOIDAL MATERIAL AC;12;142,968;PECAS REPOSICAO MECANICA;MANUTENÇÃO;SEM CONSUMO;360;1
30;704;Rolandia - Ab. Aves;In Natura 3;602;MANUTENÇÃO;ROTATIVO;384611;ADESIVO INDUSTRIAL CONTAT BI;2;60,94636364;PECAS REPOSICAO MECANICA;MANUTENÇÃO;SEM CONSUMO;360;1
30;704;Rolandia - Ab. Aves;In Natura 3;602;MANUTENÇÃO;ROTATIVO;387776;ROLAMENTO RIGIDO ESFERA 6800;18;883,25;PECAS REPOSICAO MECANICA;MANUTENÇÃO;SEM CONSUMO;360;1
30;704;Rolandia - Ab. Aves;In Natura 3;602;MANUTENÇÃO;ROTATIVO;389667;VENTILADOR TERMOPLASTICO MOT;1;99,25;PECAS REPOSICAO ELETRICA;MANUTENÇÃO;SEM CONSUMO;360;1
30;704;Rolandia - Ab. Aves;In Natura 3;602;MANUTENÇÃO;ROTATIVO;397209;ELEMENTO ESPECIFICO AMHEL250;1;411,55;PECAS REPOSICAO MECANICA;MANUTENÇÃO;SEM CONSUMO;360;1
30;704;Rolandia - Ab. Aves;In Natura 3;602;MANUTENÇÃO;ROTATIVO;399442;ROLAMENTO RIGIDO ESFERA 6207;3;80,48000001;PECAS REPOSICAO MECANICA;MANUTENÇÃO;SEM CONSUMO;360;1
30;704;Rolandia - Ab. Aves;In Natura 3;602;MANUTENÇÃO;ROTATIVO;402899;"ROLAMENTO FIXO ESF;45X75X16M";2;136,985;PECAS REPOSICAO MECANICA;MANUTENÇÃO;SEM CONSUMO;360;1
30;704;Rolandia - Ab. Aves;In Natura 3;602;MANUTENÇÃO;ROTATIVO;409688;DISCO DESBASTE OXIDO ALUMINI;21;279,8775;PECAS REPOSICAO MECANICA;MANUTENÇÃO;SEM CONSUMO;360;1
30;704;Rolandia - Ab. Aves;In Natura 3;602;MANUTENÇÃO;ROTATIVO;411486;CONECTOR DB9 RETO FEMEA SOLD;2;103,4733333;MATERIAIS ADM INDUSTRIAL;MANUTENÇÃO;SEM CONSUMO;360;1
30;704;Rolandia - Ab. Aves;In Natura 3;602;MANUTENÇÃO;ROTATIVO;417829;VALVULA USO DESCONGELAMENTO;1;1948,1;PECAS REPOSICAO MECANICA;MANUTENÇÃO;SEM CONSUMO;360;1
30;704;Rolandia - Ab. Aves;In Natura 3;602;MANUTENÇÃO;ROTATIVO;418177;"ENGRENAGEM P/ESTEIRA TRANSP;";6;680,304;PECAS REPOSICAO MECANICA;MANUTENÇÃO;SEM CONSUMO;360;1
30;704;Rolandia - Ab. Aves;In Natura 3;602;MANUTENÇÃO;ROTATIVO;424504;CORREIA TRANSPORTADORA CORRU;1;1218,16;PECAS REPOSICAO MECANICA;MANUTENÇÃO;SEM CONSUMO;360;1
30;704;Rolandia - Ab. Aves;In Natura 3;602;MANUTENÇÃO;ROTATIVO;426922;CASQUILHO MATERIAL ACO INOX;2;835,86;PECAS REPOSICAO MECANICA;MANUTENÇÃO;SEM CONSUMO;360;1
30;704;Rolandia - Ab. Aves;In Natura 3;602;MANUTENÇÃO;ROTATIVO;432949;ATUADOR PROPORCIONAL MATERIA;1;4130,22;PECAS REPOSICAO ELETRICA;MANUTENÇÃO;SEM CONSUMO;360;1
30;704;Rolandia - Ab. Aves;In Natura 3;602;MANUTENÇÃO;ROTATIVO;437123;CORRENTE ROL TIPO SIMPLES AC;7;892,5180476;PECAS REPOSICAO MECANICA;MANUTENÇÃO;SEM CONSUMO;360;1
30;704;Rolandia - Ab. Aves;In Natura 3;602;MANUTENÇÃO;ROTATIVO;440312;BICO NEBULIZADOR MATERIAL AC;3;379,7;PECAS REPOSICAO MECANICA;MANUTENÇÃO;SEM CONSUMO;360;1
30;704;Rolandia - Ab. Aves;In Natura 3;602;MANUTENÇÃO;ROTATIVO;445357;DISCO DESBASTE ABRASIVO OXID;20;224,252;PECAS REPOSICAO MECANICA;MANUTENÇÃO;SEM CONSUMO;360;1
30;704;Rolandia - Ab. Aves;In Natura 3;602;MANUTENÇÃO;ROTATIVO;445381;FREIO MAGNETICO MATERIAL ACO;1;2095,36;PECAS REPOSICAO ELETRICA;MANUTENÇÃO;SEM CONSUMO;360;1
30;704;Rolandia - Ab. Aves;In Natura 3;602;MANUTENÇÃO;ROTATIVO;455858;ELETROVALVULA SOLENOIDE MATE;5;1197,358898;PECAS REPOSICAO MECANICA;MANUTENÇÃO;SEM CONSUMO;360;1
30;704;Rolandia - Ab. Aves;In Natura 3;602;MANUTENÇÃO;ROTATIVO;462219;DIVISOR VACUO MATERIAL POLIA;5;274,25;PECAS REPOSICAO MECANICA;MANUTENÇÃO;SEM CONSUMO;360;1
30;704;Rolandia - Ab. Aves;In Natura 3;602;MANUTENÇÃO;ROTATIVO;470628;SENSOR FOTOELETRICO TENSAO 3;4;10713,904;PECAS REPOSICAO ELETRICA;MANUTENÇÃO;SEM CONSUMO;360;1
30;704;Rolandia - Ab. Aves;In Natura 3;602;MANUTENÇÃO;ROTATIVO;473687;CONEXAO L MATERIAL TERMOPLAS;13;319,604;PECAS REPOSICAO MECANICA;MANUTENÇÃO;SEM CONSUMO;360;1
30;704;Rolandia - Ab. Aves;In Natura 3;602;MANUTENÇÃO;ROTATIVO;483782;JUNTA MATERIAL COMPOSTO BORR;3;485,18;PECAS REPOSICAO MECANICA;MANUTENÇÃO;SEM CONSUMO;360;1
30;704;Rolandia - Ab. Aves;In Natura 3;602;MANUTENÇÃO;ROTATIVO;483925;CONECTOR P/VALVULA SOLENOIDE;4;62,02;PECAS REPOSICAO ELETRICA;MANUTENÇÃO;SEM CONSUMO;360;1
30;704;Rolandia - Ab. Aves;In Natura 3;602;MANUTENÇÃO;ROTATIVO;493403;"REPARO P/ VALVULA;DANFOSS/03";1;468,58;PECAS REPOSICAO MECANICA;MANUTENÇÃO;SEM CONSUMO;360;1
30;704;Rolandia - Ab. Aves;In Natura 3;602;MANUTENÇÃO;ROTATIVO;497686;BICO DOSADOR FLUIDO OLEO MAT;1;861,51;PECAS REPOSICAO MECANICA;MANUTENÇÃO;SEM CONSUMO;360;1
30;704;Rolandia - Ab. Aves;In Natura 3;602;MANUTENÇÃO;ROTATIVO;497687;BICO DOSADOR FLUIDO OLEO MAT;1;857,1;PECAS REPOSICAO MECANICA;MANUTENÇÃO;SEM CONSUMO;360;1
30;704;Rolandia - Ab. Aves;In Natura 3;602;MANUTENÇÃO;ROTATIVO;515390;RETENTOR BRAG MATERIAL FLUOR;1;133,0933333;PECAS REPOSICAO MECANICA;MANUTENÇÃO;SEM CONSUMO;360;1
30;704;Rolandia - Ab. Aves;In Natura 3;602;MANUTENÇÃO;ROTATIVO;519019;ROLAMENTO ESFERA RIGIDO CARG;5;265,03;PECAS REPOSICAO MECANICA;MANUTENÇÃO;SEM CONSUMO;360;1
30;704;Rolandia - Ab. Aves;In Natura 3;602;MANUTENÇÃO;ROTATIVO;528738;"CONTATOR TRIPOLAR;9A;220VCA;";1;227,02;PECAS REPOSICAO ELETRICA;MANUTENÇÃO;SEM CONSUMO;360;1
30;704;Rolandia - Ab. Aves;In Natura 3;602;MANUTENÇÃO;ROTATIVO;587162;BICO CORTE OXIGENIO ACETILEN;5;288,324;PECAS REPOSICAO MECANICA;MANUTENÇÃO;SEM CONSUMO;360;1
30;704;Rolandia - Ab. Aves;In Natura 3;602;MANUTENÇÃO;ROTATIVO;623429;"VALVULA SOLENOIDE;2VIAS;G3/G";2;784,755;PECAS REPOSICAO MECANICA;MANUTENÇÃO;SEM CONSUMO;360;1
30;704;Rolandia - Ab. Aves;In Natura 3;602;MANUTENÇÃO;ROTATIVO;626358;"BICO GRAXEIRO;ANGULAR 90GR;M";194;3103,166663;PECAS REPOSICAO HIDRAULICA;MANUTENÇÃO;SEM CONSUMO;360;1
30;704;Rolandia - Ab. Aves;In Natura 3;602;MANUTENÇÃO;ROTATIVO;643218;"ROLAMENTO;SIHI/43000884";1;603,93;PECAS REPOSICAO MECANICA;MANUTENÇÃO;SEM CONSUMO;360;1
30;704;Rolandia - Ab. Aves;In Natura 3;602;MANUTENÇÃO;ROTATIVO;663975;"CONEXAO TUBO/MACHO PNEU;EM L";4;134,0224334;PECAS REPOSICAO HIDRAULICA;MANUTENÇÃO;SEM CONSUMO;360;1
30;704;Rolandia - Ab. Aves;In Natura 3;602;MANUTENÇÃO;ROTATIVO;687935;"ROLAMENTO;ULMA/9386876";8;2648,64;PECAS REPOSICAO MECANICA;MANUTENÇÃO;SEM CONSUMO;360;1
30;704;Rolandia - Ab. Aves;In Natura 3;602;MANUTENÇÃO;ROTATIVO;691955;CORREIA TRANSPORTADORA SEM-F;2;990;PECAS REPOSICAO MECANICA;MANUTENÇÃO;SEM CONSUMO;360;1
30;704;Rolandia - Ab. Aves;In Natura 3;602;MANUTENÇÃO;ROTATIVO;693872;"SUPORTE;TORFRESMA/3039808";1;290,9435498;PECAS REPOSICAO MECANICA;MANUTENÇÃO;SEM CONSUMO;360;1
30;704;Rolandia - Ab. Aves;In Natura 3;602;MANUTENÇÃO;ROTATIVO;694527;"ESTEIRA MET FLEXIVEL;COBRIDE";20;3469,36;PECAS REPOSICAO MECANICA;MANUTENÇÃO;SEM CONSUMO;360;1
30;704;Rolandia - Ab. Aves;In Natura 3;602;MANUTENÇÃO;ROTATIVO;698408;"MANGUEIRA FLEXIVEL P/GAS;CON";12;5443,185;PECAS REPOSICAO HIDRAULICA;MANUTENÇÃO;SEM CONSUMO;360;1
30;704;Rolandia - Ab. Aves;In Natura 3;602;MANUTENÇÃO;ROTATIVO;704901;"ANEL;GEA/00072557390";1;916,21;PECAS REPOSICAO MECANICA;MANUTENÇÃO;SEM CONSUMO;360;1
30;704;Rolandia - Ab. Aves;In Natura 3;602;MANUTENÇÃO;ROTATIVO;707966;"CHAVE DE SEGURANCA;SCHMERSAL";2;12893,55;PECAS REPOSICAO ELETRICA;MANUTENÇÃO;SEM CONSUMO;360;1
30;704;Rolandia - Ab. Aves;In Natura 3;602;MANUTENÇÃO;ROTATIVO;709454;"ESCOVA;JBT JOHN BEAN/2085004";1;1565,24;PECAS REPOSICAO MECANICA;MANUTENÇÃO;SEM CONSUMO;360;1
30;704;Rolandia - Ab. Aves;In Natura 3;602;MANUTENÇÃO;ROTATIVO;711788;"SENSOR INDUT SEG;20-250VCA/V";4;3100,51;PECAS REPOSICAO ELETRICA;MANUTENÇÃO;SEM CONSUMO;360;1
30;704;Rolandia - Ab. Aves;In Natura 3;602;MANUTENÇÃO;ROTATIVO;716864;"CASQUILHO;ULMA/9590643";8;6139,21;PECAS REPOSICAO MECANICA;MANUTENÇÃO;SEM CONSUMO;360;1
30;704;Rolandia - Ab. Aves;In Natura 3;602;MANUTENÇÃO;ROTATIVO;734441;"BASE RELE;ENC TRILHO DIN;OMR";8;3333,736;PECAS REPOSICAO ELETRICA;MANUTENÇÃO;SEM CONSUMO;360;1
30;704;Rolandia - Ab. Aves;In Natura 3;602;MANUTENÇÃO;ROTATIVO;749383;"CONEXAO MACHO/MACHO PNEUM;RA";10;180,61;PECAS REPOSICAO HIDRAULICA;MANUTENÇÃO;SEM CONSUMO;360;1
30;704;Rolandia - Ab. Aves;In Natura 3;602;MANUTENÇÃO;ROTATIVO;754612;"TALISCA;INTRALOX/F1D844C8IEL";40;2789,81;PECAS REPOSICAO MECANICA;MANUTENÇÃO;SEM CONSUMO;360;1
30;704;Rolandia - Ab. Aves;In Natura 3;602;MANUTENÇÃO;ROTATIVO;757714;"VENTOSA;REDONDA;FOLE;NITRILA";7;3529,353333;PECAS REPOSICAO MECANICA;MANUTENÇÃO;SEM CONSUMO;360;1
30;704;Rolandia - Ab. Aves;In Natura 3;602;MANUTENÇÃO;ROTATIVO;780463;"CONEXAO TUBO/TUBO PNEUM;EM T";1;4,31;PECAS REPOSICAO HIDRAULICA;MANUTENÇÃO;SEM CONSUMO;360;1
30;704;Rolandia - Ab. Aves;In Natura 3;602;MANUTENÇÃO;ROTATIVO;781930;"FREIO;EQUIBRASIL/50051";1;2235,38;PECAS REPOSICAO MECANICA;MANUTENÇÃO;SEM CONSUMO;360;1
30;704;Rolandia - Ab. Aves;In Natura 3;602;MANUTENÇÃO;ROTATIVO;807129;"RETENTOR;30X42X7MM;VITON;DRF";4;1109,65;PECAS REPOSICAO MECANICA;MANUTENÇÃO;SEM CONSUMO;360;1
30;704;Rolandia - Ab. Aves;In Natura 3;602;MANUTENÇÃO;ROTATIVO;812304;"ROLETE;TORFRESMA/3397795";2;2078,81;PECAS REPOSICAO MECANICA;MANUTENÇÃO;SEM CONSUMO;360;1
30;704;Rolandia - Ab. Aves;In Natura 3;602;MANUTENÇÃO;ROTATIVO;818154;"JUNTA;STERLING SIHI/43005504";2;515,95;PECAS REPOSICAO MECANICA;MANUTENÇÃO;SEM CONSUMO;360;1
30;704;Rolandia - Ab. Aves;In Natura 3;602;MANUTENÇÃO;ROTATIVO;819833;"ESTEIRA MET FLEXIVEL;COBRIDE";5;1629,13;PECAS REPOSICAO MECANICA;MANUTENÇÃO;SEM CONSUMO;360;1
30;704;Rolandia - Ab. Aves;In Natura 3;602;MANUTENÇÃO;ROTATIVO;829571;BLOCO CONTATO AUX INSTANTANE;1;229,91;PECAS REPOSICAO ELETRICA;MANUTENÇÃO;SEM CONSUMO;360;1
30;704;Rolandia - Ab. Aves;In Natura 3;602;MANUTENÇÃO;ROTATIVO;842616;"ESPACADOR;JBT/1015700X00";4;1270,103707;PECAS REPOSICAO MECANICA;MANUTENÇÃO;SEM CONSUMO;360;1
30;704;Rolandia - Ab. Aves;In Natura 3;602;MANUTENÇÃO;ROTATIVO;867115;"ROLAMENTO FIXO ESF;55X120X29";4;482,43625;PECAS REPOSICAO MECANICA;MANUTENÇÃO;SEM CONSUMO;360;1
30;704;Rolandia - Ab. Aves;In Natura 3;602;MANUTENÇÃO;ROTATIVO;875736;UNIDADE DE CONTROLE AVANCADA;1;983,63;PECAS REPOSICAO ELETRICA;MANUTENÇÃO;SEM CONSUMO;360;1
30;704;Rolandia - Ab. Aves;In Natura 3;602;MANUTENÇÃO;ROTATIVO;876055;"ACOPLAMENTO FLEX;FOFO/ELASTI";1;801,26;PECAS REPOSICAO MECANICA;MANUTENÇÃO;SEM CONSUMO;360;1
30;704;Rolandia - Ab. Aves;In Natura 3;602;MANUTENÇÃO;ROTATIVO;908813;"BICO GRAXEIRO;RETO;1/4UNF;CO";100;702,24;PECAS REPOSICAO HIDRAULICA;MANUTENÇÃO;SEM CONSUMO;360;1
30;704;Rolandia - Ab. Aves;In Natura 3;602;MANUTENÇÃO;ROTATIVO;919606;"PINO;GEA/00260314170";1;17,02;PECAS REPOSICAO MECANICA;MANUTENÇÃO;SEM CONSUMO;360;1
30;704;Rolandia - Ab. Aves;In Natura 3;602;MANUTENÇÃO;ROTATIVO;925613;"CASQUILHO;ULMA/9384241";8;2866,21;PECAS REPOSICAO MECANICA;MANUTENÇÃO;SEM CONSUMO;360;1
30;704;Rolandia - Ab. Aves;In Natura 3;602;MANUTENÇÃO;ROTATIVO;926223;"RODA;STILL/0009903916";2;8092,46;PECAS REPOSICAO MECANICA;MANUTENÇÃO;SEM CONSUMO;360;1
30;704;Rolandia - Ab. Aves;In Natura 3;602;MANUTENÇÃO;ROTATIVO;930128;"ROLO;ULMA/7681035";2;2964,46;PECAS REPOSICAO MECANICA;MANUTENÇÃO;SEM CONSUMO;360;1
30;704;Rolandia - Ab. Aves;In Natura 3;602;MANUTENÇÃO;ROTATIVO;941101;"EIXO;JBT JOHN BEAN/1015701X0";4;1973,396293;PECAS REPOSICAO MECANICA;MANUTENÇÃO;SEM CONSUMO;360;1
30;704;Rolandia - Ab. Aves;In Natura 3;602;MANUTENÇÃO;ROTATIVO;944991;"CASQUILHO;ULMA/9376379";4;1467,94;PECAS REPOSICAO MECANICA;MANUTENÇÃO;SEM CONSUMO;360;1
30;704;Rolandia - Ab. Aves;In Natura 3;602;MANUTENÇÃO;ROTATIVO;969474;"JUNTA;ISHIDA/000145525508";2;3106,92;PECAS REPOSICAO MECANICA;MANUTENÇÃO;SEM CONSUMO;360;1
30;704;Rolandia - Ab. Aves;In Natura 3;602;MANUTENÇÃO;ROTATIVO;974892;"ANEL;GEA/00072212390";2;145,25;PECAS REPOSICAO MECANICA;MANUTENÇÃO;SEM CONSUMO;360;1
30;704;Rolandia - Ab. Aves;In Natura 3;602;MANUTENÇÃO;ROTATIVO;975306;"ELEMENTO FILTRANTE;JBT JOHN";9;12060,351;PECAS REPOSICAO MECANICA;MANUTENÇÃO;SEM CONSUMO;360;1
30;704;Rolandia - Ab. Aves;In Natura 3;602;MANUTENÇÃO;ROTATIVO;978650;"EMENDA P/EST MET;CLIP;AISI30";70;2565,978333;PECAS REPOSICAO MECANICA;MANUTENÇÃO;SEM CONSUMO;360;1
30;704;Rolandia - Ab. Aves;In Natura 3;602;MANUTENÇÃO;ROTATIVO;984758;"ROLAMENTO FIXO ESF;17X35X10M";1;14,8;PECAS REPOSICAO MECANICA;MANUTENÇÃO;SEM CONSUMO;360;1
30;704;Rolandia - Ab. Aves;In Natura 3;602;MANUTENÇÃO;ROTATIVO;986910;"ACOPLAMENTO;TORFRESMA/304095";2;9234,46;PECAS REPOSICAO MECANICA;MANUTENÇÃO;SEM CONSUMO;360;1
30;704;Rolandia - Ab. Aves;In Natura 3;602;MANUTENÇÃO;ROTATIVO;989112;"TALISCA;INTRALOX/S800FTPPBR5";1;2055,02;PECAS REPOSICAO MECANICA;MANUTENÇÃO;SEM CONSUMO;360;1
30;704;Rolandia - Ab. Aves;In Natura 3;605;UNIFORMES E EPI´S;ROTATIVO;428077;BOTINA SEGURANCA Nº 45 MATER;2;191,9108;EQUIPAMENTOS DE PROTECAO - EPI;AUXILIARES DA INDUSTRIA;SEM CONSUMO;360;1
30;704;Rolandia - Ab. Aves;In Natura 3;606;COMBUSTIVEIS E LUBRIFICANTES;ROTATIVO;355993;OLEO LUBRIFICANTE INDUSTRIAL;3;47404,8825;COMBUSTIVEIS E LUBRIFICANTES;MANUTENÇÃO;SEM CONSUMO;360;1
30;704;Rolandia - Ab. Aves;In Natura 3;606;COMBUSTIVEIS E LUBRIFICANTES;ROTATIVO;472276;SILICONE PASTOSO VERMELHO OD;3;95,29125;PECAS REPOSICAO MECANICA;MANUTENÇÃO;SEM CONSUMO;360;1
30;704;Rolandia - Ab. Aves;In Natura 3;606;COMBUSTIVEIS E LUBRIFICANTES;ROTATIVO;974121;"OLEO LUBRIFICANTE;ISOVG 680;";2;2024,48;COMBUSTIVEIS E LUBRIFICANTES;MANUTENÇÃO;SEM CONSUMO;360;1
30;704;Rolandia - Ab. Aves;In Natura 3;616;DETERGENTES INDUSTRIAIS;ROTATIVO;235953;"DETERGENTE;JOHNSON DIVERSEY/";13;11785,62636;MATERIAIS DE HIGIENE E LIMPEZA;AUXILIARES DA INDUSTRIA;SEM CONSUMO;360;1
30;704;Rolandia - Ab. Aves;In Natura 3;618;ESTOQUE SALSICHA;ROTATIVO;84045;"CILINDRO PNEUM;25MM;CURSO 18";2;1532,68;PECAS REPOSICAO MECANICA;MANUTENÇÃO;SEM CONSUMO;360;1
30;704;Rolandia - Ab. Aves;In Natura 3;618;ESTOQUE SALSICHA;ROTATIVO;98349;"CONEXAO;MONTEMIL/04500100010";2;1387,55;PECAS REPOSICAO MECANICA;MANUTENÇÃO;SEM CONSUMO;360;1
30;704;Rolandia - Ab. Aves;In Natura 3;618;ESTOQUE SALSICHA;ROTATIVO;113248;"TRAVA;COZZINI/030125021";1;87,815;PECAS REPOSICAO MECANICA;MANUTENÇÃO;SEM CONSUMO;360;1
30;704;Rolandia - Ab. Aves;In Natura 3;618;ESTOQUE SALSICHA;ROTATIVO;118905;"JUNTA;HANDTMANN/9020049";2;92,98;PECAS REPOSICAO MECANICA;MANUTENÇÃO;SEM CONSUMO;360;1
30;704;Rolandia - Ab. Aves;In Natura 3;618;ESTOQUE SALSICHA;ROTATIVO;122743;"RODA;MONTEMIL/045001000072";4;6287,4;PECAS REPOSICAO MECANICA;MANUTENÇÃO;SEM CONSUMO;360;1
30;704;Rolandia - Ab. Aves;In Natura 3;618;ESTOQUE SALSICHA;ROTATIVO;177595;"RELE;DRAKE/2407123";6;813,7097719;PECAS REPOSICAO MECANICA;MANUTENÇÃO;SEM CONSUMO;360;1
30;704;Rolandia - Ab. Aves;In Natura 3;618;ESTOQUE SALSICHA;ROTATIVO;189486;"ACOPLAMENTO;FESSMANN/1061194";3;5906,664;PECAS REPOSICAO MECANICA;MANUTENÇÃO;SEM CONSUMO;360;1
30;704;Rolandia - Ab. Aves;In Natura 3;618;ESTOQUE SALSICHA;ROTATIVO;259341;"EIXO;MONTEMIL/045001000048 0";1;1595,34;PECAS REPOSICAO MECANICA;MANUTENÇÃO;SEM CONSUMO;360;1
30;704;Rolandia - Ab. Aves;In Natura 3;618;ESTOQUE SALSICHA;ROTATIVO;261724;"CORRENTE;JBT/1129503B03";4;1548,84;PECAS REPOSICAO MECANICA;MANUTENÇÃO;SEM CONSUMO;360;1
30;704;Rolandia - Ab. Aves;In Natura 3;618;ESTOQUE SALSICHA;ROTATIVO;277801;"EIXO;MONTEMIL/045001000046 0";1;1595,34;PECAS REPOSICAO MECANICA;MANUTENÇÃO;SEM CONSUMO;360;1
30;704;Rolandia - Ab. Aves;In Natura 3;618;ESTOQUE SALSICHA;ROTATIVO;293783;"MANGUEIRA ESPIRAL;POLIURETAN";2;319,07;PECAS REPOSICAO HIDRAULICA;MANUTENÇÃO;SEM CONSUMO;360;1
30;704;Rolandia - Ab. Aves;In Natura 3;618;ESTOQUE SALSICHA;ROTATIVO;294557;"PA;DRAKE/212814";12;8804,219247;PECAS REPOSICAO MECANICA;MANUTENÇÃO;SEM CONSUMO;360;1
30;704;Rolandia - Ab. Aves;In Natura 3;618;ESTOQUE SALSICHA;ROTATIVO;311975;CORREIA ESPECIFICO 863213 HA;2;540,9991667;PECAS REPOSICAO MECANICA;MANUTENÇÃO;SEM CONSUMO;360;1
30;704;Rolandia - Ab. Aves;In Natura 3;618;ESTOQUE SALSICHA;ROTATIVO;321301;MOLA ESPECIFICO 849981 HANDT;10;3321,390909;PECAS REPOSICAO MECANICA;MANUTENÇÃO;SEM CONSUMO;360;1
30;704;Rolandia - Ab. Aves;In Natura 3;618;ESTOQUE SALSICHA;ROTATIVO;330126;RETENTOR ESPECIFICO 904197 H;21;1618,176875;PECAS REPOSICAO MECANICA;MANUTENÇÃO;SEM CONSUMO;360;1
30;704;Rolandia - Ab. Aves;In Natura 3;618;ESTOQUE SALSICHA;ROTATIVO;330188;SELO ESPECIFICO 847147 HANDT;1;88,19958333;PECAS REPOSICAO MECANICA;MANUTENÇÃO;SEM CONSUMO;360;1
30;704;Rolandia - Ab. Aves;In Natura 3;618;ESTOQUE SALSICHA;ROTATIVO;332166;ROLAMENTO ESPECIFICO 838130;12;3702,67;PECAS REPOSICAO MECANICA;MANUTENÇÃO;SEM CONSUMO;360;1
30;704;Rolandia - Ab. Aves;In Natura 3;618;ESTOQUE SALSICHA;ROTATIVO;332274;SELO ESPECIFICO 844188 HANDT;1;84,4025;PECAS REPOSICAO MECANICA;MANUTENÇÃO;SEM CONSUMO;360;1
30;704;Rolandia - Ab. Aves;In Natura 3;618;ESTOQUE SALSICHA;ROTATIVO;332824;CHAVE MATERIAL ACO APLICACAO;1;2,2375;PECAS REPOSICAO ELETRICA;MANUTENÇÃO;SEM CONSUMO;360;1
30;704;Rolandia - Ab. Aves;In Natura 3;618;ESTOQUE SALSICHA;ROTATIVO;333613;ANEL ESPECIFICO 856538 HANDT;8;335,72;PECAS REPOSICAO MECANICA;MANUTENÇÃO;SEM CONSUMO;360;1
30;704;Rolandia - Ab. Aves;In Natura 3;618;ESTOQUE SALSICHA;ROTATIVO;334877;SELO ESPECIFICO 843559 HANDT;5;325,59375;PECAS REPOSICAO MECANICA;MANUTENÇÃO;SEM CONSUMO;360;1
30;704;Rolandia - Ab. Aves;In Natura 3;618;ESTOQUE SALSICHA;ROTATIVO;335423;ANEL ESPECIFICO 862087 HANDT;6;510,455;PECAS REPOSICAO MECANICA;MANUTENÇÃO;SEM CONSUMO;360;1
30;704;Rolandia - Ab. Aves;In Natura 3;618;ESTOQUE SALSICHA;ROTATIVO;335462;EIXO ESPECIFICO 860033 HANDT;2;4789,52;PECAS REPOSICAO MECANICA;MANUTENÇÃO;SEM CONSUMO;360;1
30;704;Rolandia - Ab. Aves;In Natura 3;618;ESTOQUE SALSICHA;ROTATIVO;335501;ROLAMENTO ESPECIFICO 855086;4;3978,99;PECAS REPOSICAO MECANICA;MANUTENÇÃO;SEM CONSUMO;360;1
30;704;Rolandia - Ab. Aves;In Natura 3;618;ESTOQUE SALSICHA;ROTATIVO;339418;VEDACAO ESPECIFICO 835079 HA;6;511,9875;PECAS REPOSICAO MECANICA;MANUTENÇÃO;SEM CONSUMO;360;1
30;704;Rolandia - Ab. Aves;In Natura 3;618;ESTOQUE SALSICHA;ROTATIVO;339739;CILINDRO ESPECIFICO 848350 H;4;3084,45;PECAS REPOSICAO MECANICA;MANUTENÇÃO;SEM CONSUMO;360;1
30;704;Rolandia - Ab. Aves;In Natura 3;618;ESTOQUE SALSICHA;ROTATIVO;356256;CHAVE ESPECIFICO 9003749 HAN;1;811,6456844;PECAS REPOSICAO - IMPORTADOS;MANUTENÇÃO;SEM CONSUMO;360;1
30;704;Rolandia - Ab. Aves;In Natura 3;618;ESTOQUE SALSICHA;ROTATIVO;356363;CALCO ESPECIFICO 866770 HAND;15;402,01;PECAS REPOSICAO MECANICA;MANUTENÇÃO;SEM CONSUMO;360;1
30;704;Rolandia - Ab. Aves;In Natura 3;618;ESTOQUE SALSICHA;ROTATIVO;361705;PARAFUSO ESPECIFICO 897389 H;3;3078,045;PECAS REPOSICAO MECANICA;MANUTENÇÃO;SEM CONSUMO;360;1
30;704;Rolandia - Ab. Aves;In Natura 3;618;ESTOQUE SALSICHA;ROTATIVO;363334;ROLAMENTO ESPECIFICO 862665;7;2858,126952;PECAS REPOSICAO MECANICA;MANUTENÇÃO;SEM CONSUMO;360;1
30;704;Rolandia - Ab. Aves;In Natura 3;618;ESTOQUE SALSICHA;ROTATIVO;375884;CALCO ESPECIFICO 861560 HAND;6;246,2699207;PECAS REPOSICAO MECANICA;MANUTENÇÃO;SEM CONSUMO;360;1
30;704;Rolandia - Ab. Aves;In Natura 3;618;ESTOQUE SALSICHA;ROTATIVO;386400;SENSOR ESPECIFICO 020120047;1;1423,89;PECAS REPOSICAO MECANICA;MANUTENÇÃO;SEM CONSUMO;360;1
30;704;Rolandia - Ab. Aves;In Natura 3;618;ESTOQUE SALSICHA;ROTATIVO;391419;BUCHA ESPECIFICO DWGA057405;3;3999,33;PECAS REPOSICAO MECANICA;MANUTENÇÃO;SEM CONSUMO;360;1
30;704;Rolandia - Ab. Aves;In Natura 3;618;ESTOQUE SALSICHA;ROTATIVO;397068;VEDACAO MATERIAL COMPOSTO BO;8;1035,946667;PECAS REPOSICAO MECANICA;MANUTENÇÃO;SEM CONSUMO;360;1
30;704;Rolandia - Ab. Aves;In Natura 3;618;ESTOQUE SALSICHA;ROTATIVO;410316;CONVERSOR INTERFACE RS-232/E;1;3342,35;PECAS REPOSICAO ELETRICA;MANUTENÇÃO;SEM CONSUMO;360;1
30;704;Rolandia - Ab. Aves;In Natura 3;618;ESTOQUE SALSICHA;ROTATIVO;412751;ROLAMENTO ESPECIFICO 862597;8;4339,8;PECAS REPOSICAO MECANICA;MANUTENÇÃO;SEM CONSUMO;360;1
30;704;Rolandia - Ab. Aves;In Natura 3;618;ESTOQUE SALSICHA;ROTATIVO;428928;FONTE ALIMENTACAO EQUIPAMENT;2;3583,45;PECAS REPOSICAO ELETRICA;MANUTENÇÃO;SEM CONSUMO;360;1
30;704;Rolandia - Ab. Aves;In Natura 3;618;ESTOQUE SALSICHA;ROTATIVO;431110;TRAVA MATERIAL ACO INOX USO;3;1268,7075;PECAS REPOSICAO MECANICA;MANUTENÇÃO;SEM CONSUMO;360;1
30;704;Rolandia - Ab. Aves;In Natura 3;618;ESTOQUE SALSICHA;ROTATIVO;431112;JUNTA VEDACAO MATERIAL COMPO;2;69,56;PECAS REPOSICAO MECANICA;MANUTENÇÃO;SEM CONSUMO;360;1
30;704;Rolandia - Ab. Aves;In Natura 3;618;ESTOQUE SALSICHA;ROTATIVO;434822;ROLAMENTO RIGIDO ESFERA RADI;8;1713,48;PECAS REPOSICAO MECANICA;MANUTENÇÃO;SEM CONSUMO;360;1
30;704;Rolandia - Ab. Aves;In Natura 3;618;ESTOQUE SALSICHA;ROTATIVO;435099;ANEL VEDACAO MATERIAL COMPOS;14;3995,2675;PECAS REPOSICAO MECANICA;MANUTENÇÃO;SEM CONSUMO;360;1
30;704;Rolandia - Ab. Aves;In Natura 3;618;ESTOQUE SALSICHA;ROTATIVO;435790;POLIA MATERIAL POLIAMIDA USO;2;2573,35;PECAS REPOSICAO MECANICA;MANUTENÇÃO;SEM CONSUMO;360;1
30;704;Rolandia - Ab. Aves;In Natura 3;618;ESTOQUE SALSICHA;ROTATIVO;438912;EIXO MATERIAL ACO INOX USO M;2;6416,91;PECAS REPOSICAO MECANICA;MANUTENÇÃO;SEM CONSUMO;360;1
30;704;Rolandia - Ab. Aves;In Natura 3;618;ESTOQUE SALSICHA;ROTATIVO;439955;BUCHA ROSCADA MATERIAL POLIA;4;4808,89;PECAS REPOSICAO MECANICA;MANUTENÇÃO;SEM CONSUMO;360;1
30;704;Rolandia - Ab. Aves;In Natura 3;618;ESTOQUE SALSICHA;ROTATIVO;444658;SELO MATERIAL ACO INOX AISI3;2;1803,17;PECAS REPOSICAO MECANICA;MANUTENÇÃO;SEM CONSUMO;360;1
30;704;Rolandia - Ab. Aves;In Natura 3;618;ESTOQUE SALSICHA;ROTATIVO;444757;CALCO MATERIAL ACO CARBONO U;2;1353,215;PECAS REPOSICAO MECANICA;MANUTENÇÃO;SEM CONSUMO;360;1
30;704;Rolandia - Ab. Aves;In Natura 3;618;ESTOQUE SALSICHA;ROTATIVO;452283;ACOPLAMENTO APLICACAO TRANSP;4;6970,35;PECAS REPOSICAO MECANICA;MANUTENÇÃO;SEM CONSUMO;360;1
30;704;Rolandia - Ab. Aves;In Natura 3;618;ESTOQUE SALSICHA;ROTATIVO;474681;RASPADOR APLICACAO EMBUTIDEI;2;1134,053333;AUXILIAR DA INDUSTRIA;AUXILIARES DA INDUSTRIA;SEM CONSUMO;360;1
30;704;Rolandia - Ab. Aves;In Natura 3;618;ESTOQUE SALSICHA;ROTATIVO;480705;CONEXAO INSTANTANEA MATERIAL;5;118,84;PECAS REPOSICAO MECANICA;MANUTENÇÃO;SEM CONSUMO;360;1
30;704;Rolandia - Ab. Aves;In Natura 3;618;ESTOQUE SALSICHA;ROTATIVO;482205;IHM ETH USB PROFINET 24V CC;1;8470,42;PECAS REPOSICAO ELETRICA;MANUTENÇÃO;SEM CONSUMO;360;1
30;704;Rolandia - Ab. Aves;In Natura 3;618;ESTOQUE SALSICHA;ROTATIVO;518567;CALCO MATERIAL ACO APLICACAO;2;836,3009397;PECAS REPOSICAO MECANICA;MANUTENÇÃO;SEM CONSUMO;360;1
30;704;Rolandia - Ab. Aves;In Natura 3;618;ESTOQUE SALSICHA;ROTATIVO;521410;"GRAXA;HANDTMANN/9019026";5;1769,96;COMBUSTIVEIS E LUBRIFICANTES;MANUTENÇÃO;SEM CONSUMO;360;1
30;704;Rolandia - Ab. Aves;In Natura 3;618;ESTOQUE SALSICHA;ROTATIVO;525773;BUCHA MATERIAL TERMOPLASTICO;16;2973,694011;PECAS REPOSICAO MECANICA;MANUTENÇÃO;SEM CONSUMO;360;1
30;704;Rolandia - Ab. Aves;In Natura 3;618;ESTOQUE SALSICHA;ROTATIVO;525775;CREMALHEIRA ACO INOX CARREGA;6;5337,717;PECAS REPOSICAO MECANICA;MANUTENÇÃO;SEM CONSUMO;360;1
30;704;Rolandia - Ab. Aves;In Natura 3;618;ESTOQUE SALSICHA;ROTATIVO;525778;BUCHA MATERIAL TERMOPLASTICO;16;2973,642811;PECAS REPOSICAO MECANICA;MANUTENÇÃO;SEM CONSUMO;360;1
30;704;Rolandia - Ab. Aves;In Natura 3;618;ESTOQUE SALSICHA;ROTATIVO;525783;BUCHA MATERIAL TERMOPLASTICO;12;2230,026108;PECAS REPOSICAO MECANICA;MANUTENÇÃO;SEM CONSUMO;360;1
30;704;Rolandia - Ab. Aves;In Natura 3;618;ESTOQUE SALSICHA;ROTATIVO;526343;ROLO MATERIAL ACO INOX LISO;12;5294,9252;PECAS REPOSICAO - IMPORTADOS;MANUTENÇÃO;SEM CONSUMO;360;1
30;704;Rolandia - Ab. Aves;In Natura 3;618;ESTOQUE SALSICHA;ROTATIVO;529527;POLIA TIPO ESTICADORA MATERI;2;2105,42;PECAS REPOSICAO MECANICA;MANUTENÇÃO;SEM CONSUMO;360;1
30;704;Rolandia - Ab. Aves;In Natura 3;618;ESTOQUE SALSICHA;ROTATIVO;539629;PERFIL T MATERIAL COMPOSTO B;14;3051,096;PECAS REPOSICAO MECANICA;MANUTENÇÃO;SEM CONSUMO;360;1
30;704;Rolandia - Ab. Aves;In Natura 3;618;ESTOQUE SALSICHA;ROTATIVO;543501;"ROLAMENTO;ISHIDA/00007377400";8;1333,52;PECAS REPOSICAO MECANICA;MANUTENÇÃO;SEM CONSUMO;360;1
30;704;Rolandia - Ab. Aves;In Natura 3;618;ESTOQUE SALSICHA;ROTATIVO;547168;SELO MATERIAL COMPOSTO BORRA;6;2076,276;PECAS REPOSICAO MECANICA;MANUTENÇÃO;SEM CONSUMO;360;1
30;704;Rolandia - Ab. Aves;In Natura 3;618;ESTOQUE SALSICHA;ROTATIVO;547170;ANEL VEDACAO MATERIAL COMPOS;16;553,592;PECAS REPOSICAO MECANICA;MANUTENÇÃO;SEM CONSUMO;360;1
30;704;Rolandia - Ab. Aves;In Natura 3;618;ESTOQUE SALSICHA;ROTATIVO;558650;MANCAL MATERIAL ACO INOX C/R;3;5034,581;PECAS REPOSICAO MECANICA;MANUTENÇÃO;SEM CONSUMO;360;1
30;704;Rolandia - Ab. Aves;In Natura 3;618;ESTOQUE SALSICHA;ROTATIVO;558652;MANCAL MATERIAL ACO INOX C/R;3;7930,4301;PECAS REPOSICAO MECANICA;MANUTENÇÃO;SEM CONSUMO;360;1
30;704;Rolandia - Ab. Aves;In Natura 3;618;ESTOQUE SALSICHA;ROTATIVO;558655;ROLAMENTO ESFERA CARGA RADIA;3;5680,8524;PECAS REPOSICAO MECANICA;MANUTENÇÃO;SEM CONSUMO;360;1
30;704;Rolandia - Ab. Aves;In Natura 3;618;ESTOQUE SALSICHA;ROTATIVO;558701;ROLAMENTO ESFERA CARGA RADIA;3;7507,7775;PECAS REPOSICAO MECANICA;MANUTENÇÃO;SEM CONSUMO;360;1
30;704;Rolandia - Ab. Aves;In Natura 3;618;ESTOQUE SALSICHA;ROTATIVO;568152;"FILTRO;HANDTMANN/864081";2;4864,665;PECAS REPOSICAO ELETRICA;MANUTENÇÃO;SEM CONSUMO;360;1
30;704;Rolandia - Ab. Aves;In Natura 3;618;ESTOQUE SALSICHA;ROTATIVO;595076;VEDACAO APLICACAO EMULSIFICA;8;1457,48;PECAS REPOSICAO - IMPORTADOS;MANUTENÇÃO;SEM CONSUMO;360;1
30;704;Rolandia - Ab. Aves;In Natura 3;618;ESTOQUE SALSICHA;ROTATIVO;606527;"TUBO;MONTEMIL/045001000078 0";2;2894,18;PECAS REPOSICAO MECANICA;MANUTENÇÃO;SEM CONSUMO;360;1
30;704;Rolandia - Ab. Aves;In Natura 3;618;ESTOQUE SALSICHA;ROTATIVO;609224;"CHAVE;FESSMANN/1060730";2;3743,16;PECAS REPOSICAO MECANICA;MANUTENÇÃO;SEM CONSUMO;360;1
30;704;Rolandia - Ab. Aves;In Natura 3;618;ESTOQUE SALSICHA;ROTATIVO;612434;"CHAVE;FESSMANN/1054550";2;10905,34985;MATERIAIS ADM INDUSTRIAL;MANUTENÇÃO;SEM CONSUMO;360;1
30;704;Rolandia - Ab. Aves;In Natura 3;618;ESTOQUE SALSICHA;ROTATIVO;615702;"CABO;DRAKE/2436146";7;5173,581521;PECAS REPOSICAO MECANICA;MANUTENÇÃO;SEM CONSUMO;360;1
30;704;Rolandia - Ab. Aves;In Natura 3;618;ESTOQUE SALSICHA;ROTATIVO;617584;"BASE;MONTEMIL/045001000059 0";2;5629,54;PECAS REPOSICAO MECANICA;MANUTENÇÃO;SEM CONSUMO;360;1
30;704;Rolandia - Ab. Aves;In Natura 3;618;ESTOQUE SALSICHA;ROTATIVO;642668;"RELE;DRAKE/2407122";6;1565,223946;PECAS REPOSICAO MECANICA;MANUTENÇÃO;SEM CONSUMO;360;1
30;704;Rolandia - Ab. Aves;In Natura 3;618;ESTOQUE SALSICHA;ROTATIVO;647474;"RODA;DRAKE/200661";20;8343,865712;PECAS REPOSICAO MECANICA;MANUTENÇÃO;SEM CONSUMO;360;1
30;704;Rolandia - Ab. Aves;In Natura 3;618;ESTOQUE SALSICHA;ROTATIVO;650244;"SUPORTE;MONTEMIL/04500100008";3;4790,43;PECAS REPOSICAO MECANICA;MANUTENÇÃO;SEM CONSUMO;360;1
30;704;Rolandia - Ab. Aves;In Natura 3;618;ESTOQUE SALSICHA;ROTATIVO;672516;"VEDACAO;COZZINI/120020058";1;1991,73;PECAS REPOSICAO MECANICA;MANUTENÇÃO;SEM CONSUMO;360;1
30;704;Rolandia - Ab. Aves;In Natura 3;618;ESTOQUE SALSICHA;ROTATIVO;672919;"FONTE ALIMENTACAO;24VDC;8A";2;3045,4;PECAS REPOSICAO ELETRICA;MANUTENÇÃO;SEM CONSUMO;360;1
30;704;Rolandia - Ab. Aves;In Natura 3;618;ESTOQUE SALSICHA;ROTATIVO;696461;"BOCAL;MONTEMIL/03010569";2;4318,53;PECAS REPOSICAO MECANICA;MANUTENÇÃO;SEM CONSUMO;360;1
30;704;Rolandia - Ab. Aves;In Natura 3;618;ESTOQUE SALSICHA;ROTATIVO;698309;"COMUTADOR;MULTIVAC/109187944";3;4692,105;PECAS REPOSICAO MECANICA;MANUTENÇÃO;SEM CONSUMO;360;1
30;704;Rolandia - Ab. Aves;In Natura 3;618;ESTOQUE SALSICHA;ROTATIVO;708258;"ROLAMENTO;COZZINI/030011725";1;1685,775871;PECAS REPOSICAO MECANICA;MANUTENÇÃO;SEM CONSUMO;360;1
30;704;Rolandia - Ab. Aves;In Natura 3;618;ESTOQUE SALSICHA;ROTATIVO;720180;"ESTEIRA MODULAR RETA;494MM;I";1;1693,4;PECAS REPOSICAO MECANICA;MANUTENÇÃO;SEM CONSUMO;360;1
30;704;Rolandia - Ab. Aves;In Natura 3;618;ESTOQUE SALSICHA;ROTATIVO;721348;"PARAFUSO;HANDTMANN/9005300";1;1070,77;PECAS REPOSICAO MECANICA;MANUTENÇÃO;SEM CONSUMO;360;1
30;704;Rolandia - Ab. Aves;In Natura 3;618;ESTOQUE SALSICHA;ROTATIVO;724298;"ESTEIRA;ULMA/2444364";6;4162,97;PECAS REPOSICAO MECANICA;MANUTENÇÃO;SEM CONSUMO;360;1
30;704;Rolandia - Ab. Aves;In Natura 3;618;ESTOQUE SALSICHA;ROTATIVO;764730;"ENGRENAGEM;MONTEMIL/04500100";3;4138,94;PECAS REPOSICAO MECANICA;MANUTENÇÃO;SEM CONSUMO;360;1
30;704;Rolandia - Ab. Aves;In Natura 3;618;ESTOQUE SALSICHA;ROTATIVO;770518;"BUCHA;DRAKE/8202036";18;5717,241651;PECAS REPOSICAO MECANICA;MANUTENÇÃO;SEM CONSUMO;360;1
30;704;Rolandia - Ab. Aves;In Natura 3;618;ESTOQUE SALSICHA;ROTATIVO;777779;"SUPORTE;MONTEMIL/04500100010";2;1915,59;PECAS REPOSICAO MECANICA;MANUTENÇÃO;SEM CONSUMO;360;1
30;704;Rolandia - Ab. Aves;In Natura 3;618;ESTOQUE SALSICHA;ROTATIVO;786296;"PRE-CORTADOR;COZZINI/PG300PF";1;9836,15;PECAS REPOSICAO MECANICA;MANUTENÇÃO;SEM CONSUMO;360;1
30;704;Rolandia - Ab. Aves;In Natura 3;618;ESTOQUE SALSICHA;ROTATIVO;795622;"ENGRENAGEM;MONTEMIL/04500100";3;4138,94;PECAS REPOSICAO MECANICA;MANUTENÇÃO;SEM CONSUMO;360;1
30;704;Rolandia - Ab. Aves;In Natura 3;618;ESTOQUE SALSICHA;ROTATIVO;801548;"MANGA;SANGATI BERGA/CP200023";12;1443,81;PECAS REPOSICAO MECANICA;MANUTENÇÃO;SEM CONSUMO;360;1
30;704;Rolandia - Ab. Aves;In Natura 3;618;ESTOQUE SALSICHA;ROTATIVO;802478;"ANEL;INOTEC/N7100530";2;116,05;PECAS REPOSICAO MECANICA;MANUTENÇÃO;SEM CONSUMO;360;1
30;704;Rolandia - Ab. Aves;In Natura 3;618;ESTOQUE SALSICHA;ROTATIVO;803679;"RODA;MONTEMIL/045001000058";2;2964,46;PECAS REPOSICAO MECANICA;MANUTENÇÃO;SEM CONSUMO;360;1
30;704;Rolandia - Ab. Aves;In Natura 3;618;ESTOQUE SALSICHA;ROTATIVO;829154;"BASE;HANDTMANN/9074568";6;994,6283333;PECAS REPOSICAO MECANICA;MANUTENÇÃO;SEM CONSUMO;360;1
30;704;Rolandia - Ab. Aves;In Natura 3;618;ESTOQUE SALSICHA;ROTATIVO;857001;"DRIVE;DRAKE/02484165";1;9111,83;PECAS REPOSICAO MECANICA;MANUTENÇÃO;SEM CONSUMO;360;1
30;704;Rolandia - Ab. Aves;In Natura 3;618;ESTOQUE SALSICHA;ROTATIVO;876256;"ENGRENAGEM;MONTEMIL/04500100";2;2173,23;PECAS REPOSICAO MECANICA;MANUTENÇÃO;SEM CONSUMO;360;1
30;704;Rolandia - Ab. Aves;In Natura 3;618;ESTOQUE SALSICHA;ROTATIVO;877031;"ROLO;HANDTMANN/9061672";2;2054,56;PECAS REPOSICAO MECANICA;MANUTENÇÃO;SEM CONSUMO;360;1
30;704;Rolandia - Ab. Aves;In Natura 3;618;ESTOQUE SALSICHA;ROTATIVO;902212;"REGULADOR;MULTIVAC/802781110";1;429;PECAS REPOSICAO MECANICA;MANUTENÇÃO;SEM CONSUMO;360;1
30;704;Rolandia - Ab. Aves;In Natura 3;618;ESTOQUE SALSICHA;ROTATIVO;912305;"ENGRENAGEM;MONTEMIL/04500100";2;2832,54;PECAS REPOSICAO MECANICA;MANUTENÇÃO;SEM CONSUMO;360;1
30;704;Rolandia - Ab. Aves;In Natura 3;618;ESTOQUE SALSICHA;ROTATIVO;915000;"ACOPLADOR;MULTIVAC/108587646";1;4548,88;PECAS REPOSICAO MECANICA;MANUTENÇÃO;SEM CONSUMO;360;1
30;704;Rolandia - Ab. Aves;In Natura 3;618;ESTOQUE SALSICHA;ROTATIVO;936059;"MOTOR;MONTEMIL/20150785";1;3394,15;PECAS REPOSICAO MECANICA;MANUTENÇÃO;SEM CONSUMO;360;1
30;704;Rolandia - Ab. Aves;In Natura 3;618;ESTOQUE SALSICHA;ROTATIVO;941493;"ROLAMENTO;COZZINI/030011718";1;4194,308563;PECAS REPOSICAO MECANICA;MANUTENÇÃO;SEM CONSUMO;360;1
30;704;Rolandia - Ab. Aves;In Natura 3;618;ESTOQUE SALSICHA;ROTATIVO;950759;"ANEL;INOTEC/V0009690";2;949,03;PECAS REPOSICAO MECANICA;MANUTENÇÃO;SEM CONSUMO;360;1
30;704;Rolandia - Ab. Aves;In Natura 3;618;ESTOQUE SALSICHA;ROTATIVO;961415;"CIRCUITO;HANDTMANN/9071853";1;5539,01;PECAS REPOSICAO MECANICA;MANUTENÇÃO;SEM CONSUMO;360;1
30;704;Rolandia - Ab. Aves;In Natura 3;618;ESTOQUE SALSICHA;ROTATIVO;966709;"SELO;HANDTMANN/861205";2;3232,38;PECAS REPOSICAO MECANICA;MANUTENÇÃO;SEM CONSUMO;360;1
30;704;Rolandia - Ab. Aves;In Natura 3;618;ESTOQUE SALSICHA;ROTATIVO;976658;"ARRUELA;MONTEMIL/04500100010";5;1169,56;PECAS REPOSICAO MECANICA;MANUTENÇÃO;SEM CONSUMO;360;1
30;704;Rolandia - Ab. Aves;In Natura 3;618;ESTOQUE SALSICHA;ROTATIVO;990348;"ANE;HANDTMANN/7100139";1;120,62;PECAS REPOSICAO MECANICA;MANUTENÇÃO;SEM CONSUMO;360;1
30;704;Rolandia - Ab. Aves;In Natura 3;618;ESTOQUE SALSICHA;ROTATIVO;991482;"CILINDRO;FESSMANN/1052206";1;3073,52;PECAS REPOSICAO MECANICA;MANUTENÇÃO;SEM CONSUMO;360;1
30;704;Rolandia - Ab. Aves;In Natura 3;619;MANUTENÇÃO ELÉTRICA;ROTATIVO;15848;CONTACTOR 3RT2026-1A N20 SIE;1;540,32;PECAS REPOSICAO ELETRICA;MANUTENÇÃO;SEM CONSUMO;360;1
30;704;Rolandia - Ab. Aves;In Natura 3;619;MANUTENÇÃO ELÉTRICA;ROTATIVO;69482;"EIXO;ABB/3HAC022379001";1;3021,63;PECAS REPOSICAO MECANICA;MANUTENÇÃO;SEM CONSUMO;360;1
30;704;Rolandia - Ab. Aves;In Natura 3;619;MANUTENÇÃO ELÉTRICA;ROTATIVO;69782;"INVERSOR FREQ;TRIF;380/480V;";1;6241,96;PECAS REPOSICAO ELETRICA;MANUTENÇÃO;SEM CONSUMO;360;1
30;704;Rolandia - Ab. Aves;In Natura 3;619;MANUTENÇÃO ELÉTRICA;ROTATIVO;96379;"DISJUNTOR TERM;MONO;10A;220/";1;136;PECAS REPOSICAO ELETRICA;MANUTENÇÃO;SEM CONSUMO;360;1
30;704;Rolandia - Ab. Aves;In Natura 3;619;MANUTENÇÃO ELÉTRICA;ROTATIVO;116921;"INVERSOR FREQ;TRIF;380/500VC";1;4934,17;PECAS REPOSICAO ELETRICA;MANUTENÇÃO;SEM CONSUMO;360;1
30;704;Rolandia - Ab. Aves;In Natura 3;619;MANUTENÇÃO ELÉTRICA;ROTATIVO;138990;"PLACA;TOLEDO/6075777";3;2336,91;PECAS REPOSICAO ELETRICA;MANUTENÇÃO;SEM CONSUMO;360;1
30;704;Rolandia - Ab. Aves;In Natura 3;619;MANUTENÇÃO ELÉTRICA;ROTATIVO;141174;"DISTANCIADOR;ISHIDA/00000677";4;259,41;PECAS REPOSICAO MECANICA;MANUTENÇÃO;SEM CONSUMO;360;1
30;704;Rolandia - Ab. Aves;In Natura 3;619;MANUTENÇÃO ELÉTRICA;ROTATIVO;158877;"CHAVE SELETORA;2 POSICOES;SI";1;368,48;PECAS REPOSICAO ELETRICA;MANUTENÇÃO;SEM CONSUMO;360;1
30;704;Rolandia - Ab. Aves;In Natura 3;619;MANUTENÇÃO ELÉTRICA;ROTATIVO;167938;"CABECOTE BOTAO COMAN ILUM;LA";4;44,32;PECAS REPOSICAO ELETRICA;MANUTENÇÃO;SEM CONSUMO;360;1
30;704;Rolandia - Ab. Aves;In Natura 3;619;MANUTENÇÃO ELÉTRICA;ROTATIVO;244514;"INVERSOR FREQ;TRIF;380/480V;";2;10762,56;PECAS REPOSICAO ELETRICA;MANUTENÇÃO;SEM CONSUMO;360;1
30;704;Rolandia - Ab. Aves;In Natura 3;619;MANUTENÇÃO ELÉTRICA;ROTATIVO;265889;"DISJUNTOR TERMOMAG;TRIP;14A;";1;344,1475;PECAS REPOSICAO ELETRICA;MANUTENÇÃO;SEM CONSUMO;360;1
30;704;Rolandia - Ab. Aves;In Natura 3;619;MANUTENÇÃO ELÉTRICA;ROTATIVO;307116;IHM TELA LCD COLORIDO TECLAD;1;19154,02;PECAS REPOSICAO ELETRICA;MANUTENÇÃO;SEM CONSUMO;360;1
30;704;Rolandia - Ab. Aves;In Natura 3;619;MANUTENÇÃO ELÉTRICA;ROTATIVO;310251;BORNE FUSIVEL, MODELO 1492WF;4;330,14;PECAS REPOSICAO ELETRICA;MANUTENÇÃO;SEM CONSUMO;360;1
30;704;Rolandia - Ab. Aves;In Natura 3;619;MANUTENÇÃO ELÉTRICA;ROTATIVO;345645;CELULA ESPECIFICO 6090081 TO;2;4157,96;PECAS REPOSICAO ELETRICA;MANUTENÇÃO;SEM CONSUMO;360;1
30;704;Rolandia - Ab. Aves;In Natura 3;619;MANUTENÇÃO ELÉTRICA;ROTATIVO;354940;"RESISTENCIA;ULMA/4643458";2;1854,7496;PECAS REPOSICAO ELETRICA;MANUTENÇÃO;SEM CONSUMO;360;1
30;704;Rolandia - Ab. Aves;In Natura 3;619;MANUTENÇÃO ELÉTRICA;ROTATIVO;359603;TERMOELEMENTO ESPECIFICO 107;1;1688,5;PECAS REPOSICAO ELETRICA;MANUTENÇÃO;SEM CONSUMO;360;1
30;704;Rolandia - Ab. Aves;In Natura 3;619;MANUTENÇÃO ELÉTRICA;ROTATIVO;373744;PERFIL ESPECIFICO 120040010;17;3550,467;PECAS REPOSICAO MECANICA;MANUTENÇÃO;SEM CONSUMO;360;1
30;704;Rolandia - Ab. Aves;In Natura 3;619;MANUTENÇÃO ELÉTRICA;ROTATIVO;394042;FUSIVEL VID CAPACETE C/CAPAC;65;35,9905;PECAS REPOSICAO ELETRICA;MANUTENÇÃO;SEM CONSUMO;360;1
30;704;Rolandia - Ab. Aves;In Natura 3;619;MANUTENÇÃO ELÉTRICA;ROTATIVO;403874;SENSOR FOTOELETRICO REFERENC;4;2357,446667;PECAS REPOSICAO ELETRICA;MANUTENÇÃO;SEM CONSUMO;360;1
30;704;Rolandia - Ab. Aves;In Natura 3;619;MANUTENÇÃO ELÉTRICA;ROTATIVO;417341;"SENSOR NIVEL;AISI316L;-1 A 4";1;1334,9;PECAS REPOSICAO ELETRICA;MANUTENÇÃO;SEM CONSUMO;360;1
30;704;Rolandia - Ab. Aves;In Natura 3;619;MANUTENÇÃO ELÉTRICA;ROTATIVO;417931;TERMINAL ELETRICO TIPO COMPR;10;226,4175;PECAS REPOSICAO ELETRICA;MANUTENÇÃO;SEM CONSUMO;360;1
30;704;Rolandia - Ab. Aves;In Natura 3;619;MANUTENÇÃO ELÉTRICA;ROTATIVO;422008;BASE POTENCIA N/INV 3 POLOS;1;814,2;PECAS REPOSICAO ELETRICA;MANUTENÇÃO;SEM CONSUMO;360;1
30;704;Rolandia - Ab. Aves;In Natura 3;619;MANUTENÇÃO ELÉTRICA;ROTATIVO;442246;MODULO ENTRADA SAIDA MATERIA;1;860,5745653;PECAS REPOSICAO ELETRICA;MANUTENÇÃO;SEM CONSUMO;360;1
30;704;Rolandia - Ab. Aves;In Natura 3;619;MANUTENÇÃO ELÉTRICA;ROTATIVO;453445;CORTINA LUZ IP67 4 RESOLUCAO;1;8232,16;PECAS REPOSICAO ELETRICA;MANUTENÇÃO;SEM CONSUMO;360;1
30;704;Rolandia - Ab. Aves;In Natura 3;619;MANUTENÇÃO ELÉTRICA;ROTATIVO;463228;BLOCO CONTATO MATERIAL TERMO;6;1709,113862;PECAS REPOSICAO ELETRICA;MANUTENÇÃO;SEM CONSUMO;360;1
30;704;Rolandia - Ab. Aves;In Natura 3;619;MANUTENÇÃO ELÉTRICA;ROTATIVO;467280;CONECTOR DIN MACHO TENSAO 24;10;394;PECAS REPOSICAO ELETRICA;MANUTENÇÃO;SEM CONSUMO;360;1
30;704;Rolandia - Ab. Aves;In Natura 3;619;MANUTENÇÃO ELÉTRICA;ROTATIVO;483463;FONTE ALIMENTACAO CHAVEADA A;1;2066,241194;PECAS REPOSICAO ELETRICA;MANUTENÇÃO;SEM CONSUMO;360;1
30;704;Rolandia - Ab. Aves;In Natura 3;619;MANUTENÇÃO ELÉTRICA;ROTATIVO;505574;DISPLAY GRAFICO C/TARJA MATE;3;1338,094;PECAS REPOSICAO ELETRICA;MANUTENÇÃO;SEM CONSUMO;360;1
30;704;Rolandia - Ab. Aves;In Natura 3;619;MANUTENÇÃO ELÉTRICA;ROTATIVO;512018;TECLADO MEMBRANA MATERIAL TE;2;685,1266667;PECAS REPOSICAO ELETRICA;MANUTENÇÃO;SEM CONSUMO;360;1
30;704;Rolandia - Ab. Aves;In Natura 3;619;MANUTENÇÃO ELÉTRICA;ROTATIVO;522116;"BASE;SIEMENS/6ES71936BP000BA";3;809,92;PECAS REPOSICAO ELETRICA;MANUTENÇÃO;SEM CONSUMO;360;1
30;704;Rolandia - Ab. Aves;In Natura 3;619;MANUTENÇÃO ELÉTRICA;ROTATIVO;528735;DISJUNTOR MAGNET 3 POLOS 16A;1;695,89;PECAS REPOSICAO ELETRICA;MANUTENÇÃO;SEM CONSUMO;360;1
30;704;Rolandia - Ab. Aves;In Natura 3;619;MANUTENÇÃO ELÉTRICA;ROTATIVO;530478;MODULO SAIDA SAIDA DIGITAL N;3;4382,35875;PECAS REPOSICAO ELETRICA;MANUTENÇÃO;SEM CONSUMO;360;1
30;704;Rolandia - Ab. Aves;In Natura 3;619;MANUTENÇÃO ELÉTRICA;ROTATIVO;538464;"SENSOR FOTOELETRICO;10-30VDC";1;359,1233333;PECAS REPOSICAO ELETRICA;MANUTENÇÃO;SEM CONSUMO;360;1
30;704;Rolandia - Ab. Aves;In Natura 3;619;MANUTENÇÃO ELÉTRICA;ROTATIVO;557704;DISJUNTOR CX MINIA TERMOMAG;1;14,79;PECAS REPOSICAO ELETRICA;MANUTENÇÃO;SEM CONSUMO;360;1
30;704;Rolandia - Ab. Aves;In Natura 3;619;MANUTENÇÃO ELÉTRICA;ROTATIVO;561024;BLOCO CONTATO TENSAO 5-500V;6;596,196;PECAS REPOSICAO ELETRICA;MANUTENÇÃO;SEM CONSUMO;360;1
30;704;Rolandia - Ab. Aves;In Natura 3;619;MANUTENÇÃO ELÉTRICA;ROTATIVO;561198;BLOCO CONTATO TENSAO 5-500V;10;1000,96;PECAS REPOSICAO ELETRICA;MANUTENÇÃO;SEM CONSUMO;360;1
30;704;Rolandia - Ab. Aves;In Natura 3;619;MANUTENÇÃO ELÉTRICA;ROTATIVO;563740;KIT ACESSORIO 1 CABO 3M 1 CO;2;1325,88;PECAS REPOSICAO ELETRICA;MANUTENÇÃO;SEM CONSUMO;360;1
30;704;Rolandia - Ab. Aves;In Natura 3;619;MANUTENÇÃO ELÉTRICA;ROTATIVO;572620;LEITOR BIOMETRICO INTERFACE;1;1288,93;PECAS REPOSICAO ELETRICA;MANUTENÇÃO;SEM CONSUMO;360;1
30;704;Rolandia - Ab. Aves;In Natura 3;619;MANUTENÇÃO ELÉTRICA;ROTATIVO;578457;"CONTATOR TRIPOLAR;7A;220VAC;";2;394,41;PECAS REPOSICAO ELETRICA;MANUTENÇÃO;SEM CONSUMO;360;1
30;704;Rolandia - Ab. Aves;In Natura 3;619;MANUTENÇÃO ELÉTRICA;ROTATIVO;584313;CABO USO IGNICAO TRAFOELETRO;1;214,8;PECAS REPOSICAO ELETRICA;MANUTENÇÃO;SEM CONSUMO;360;1
30;704;Rolandia - Ab. Aves;In Natura 3;619;MANUTENÇÃO ELÉTRICA;ROTATIVO;587901;BLOCO CONTATO AUX INSTANTANE;4;738,664;PECAS REPOSICAO ELETRICA;MANUTENÇÃO;SEM CONSUMO;360;1
30;704;Rolandia - Ab. Aves;In Natura 3;619;MANUTENÇÃO ELÉTRICA;ROTATIVO;597262;FONTE ALIMENTACAO CHAVEADA T;1;1006,2;PECAS REPOSICAO ELETRICA;MANUTENÇÃO;SEM CONSUMO;360;1
30;704;Rolandia - Ab. Aves;In Natura 3;619;MANUTENÇÃO ELÉTRICA;ROTATIVO;598882;VENTILADOR CENTRIFUGO ACO CA;1;1799,78;PECAS REPOSICAO MECANICA;MANUTENÇÃO;SEM CONSUMO;360;1
30;704;Rolandia - Ab. Aves;In Natura 3;619;MANUTENÇÃO ELÉTRICA;ROTATIVO;613298;"SENSOR FOTOELET;10-30VDC;0-1";2;1157,97;PECAS REPOSICAO ELETRICA;MANUTENÇÃO;SEM CONSUMO;360;1
30;704;Rolandia - Ab. Aves;In Natura 3;619;MANUTENÇÃO ELÉTRICA;ROTATIVO;644037;"ELEMENTO;WEISHAUPT/151334260";1;146,53;PECAS REPOSICAO MECANICA;MANUTENÇÃO;SEM CONSUMO;360;1
30;704;Rolandia - Ab. Aves;In Natura 3;619;MANUTENÇÃO ELÉTRICA;ROTATIVO;677548;"INVERSOR;MULTIVAC/107466980";1;10583,55;PECAS REPOSICAO MECANICA;MANUTENÇÃO;SEM CONSUMO;360;1
30;704;Rolandia - Ab. Aves;In Natura 3;619;MANUTENÇÃO ELÉTRICA;ROTATIVO;686205;"JUNTA;ISHIDA/000145432107";1;269,97;PECAS REPOSICAO MECANICA;MANUTENÇÃO;SEM CONSUMO;360;1
30;704;Rolandia - Ab. Aves;In Natura 3;619;MANUTENÇÃO ELÉTRICA;ROTATIVO;708627;"CABO;JOHN BEAN/305100G03";1;1281,61;PECAS REPOSICAO MECANICA;MANUTENÇÃO;SEM CONSUMO;360;1
30;704;Rolandia - Ab. Aves;In Natura 3;619;MANUTENÇÃO ELÉTRICA;ROTATIVO;733288;TERMINAL PRE ISOLADO OLHAL 1;40;48,952;PECAS REPOSICAO ELETRICA;MANUTENÇÃO;SEM CONSUMO;360;1
30;704;Rolandia - Ab. Aves;In Natura 3;619;MANUTENÇÃO ELÉTRICA;ROTATIVO;735468;"BICO;KORPER/HCO1936";22;451,33;PECAS REPOSICAO MECANICA;MANUTENÇÃO;SEM CONSUMO;360;1
30;704;Rolandia - Ab. Aves;In Natura 3;619;MANUTENÇÃO ELÉTRICA;ROTATIVO;735717;"CHAVE SECCIONADORA;TRIP;750V";2;2365,265;PECAS REPOSICAO ELETRICA;MANUTENÇÃO;SEM CONSUMO;360;1
30;704;Rolandia - Ab. Aves;In Natura 3;619;MANUTENÇÃO ELÉTRICA;ROTATIVO;791893;"PAINEL;ZEBRA/P1058930001";1;2306,71;PECAS REPOSICAO MECANICA;MANUTENÇÃO;SEM CONSUMO;360;1
30;704;Rolandia - Ab. Aves;In Natura 3;619;MANUTENÇÃO ELÉTRICA;ROTATIVO;809164;"CHAVE SECCIONA;TRIPOL;690V;6";1;286,89;PECAS REPOSICAO ELETRICA;MANUTENÇÃO;SEM CONSUMO;360;1
30;704;Rolandia - Ab. Aves;In Natura 3;619;MANUTENÇÃO ELÉTRICA;ROTATIVO;820200;"CABO P/SENSOR;4X0,34MM2;ISOL";3;291,79;PECAS REPOSICAO ELETRICA;MANUTENÇÃO;SEM CONSUMO;360;1
30;704;Rolandia - Ab. Aves;In Natura 3;619;MANUTENÇÃO ELÉTRICA;ROTATIVO;843157;"BLOCO CONTATO AUX INSTANT;3N";2;327,47;PECAS REPOSICAO ELETRICA;MANUTENÇÃO;SEM CONSUMO;360;1
30;704;Rolandia - Ab. Aves;In Natura 3;619;MANUTENÇÃO ELÉTRICA;ROTATIVO;844034;"ATUADOR MAGNETICO;PIZZATO/SM";4;1481,696;PECAS REPOSICAO ELETRICA;MANUTENÇÃO;SEM CONSUMO;360;1
30;704;Rolandia - Ab. Aves;In Natura 3;619;MANUTENÇÃO ELÉTRICA;ROTATIVO;860754;"CABO CONTROLE FLEX;36X0,25MM";28;6670,02;PECAS REPOSICAO ELETRICA;MANUTENÇÃO;SEM CONSUMO;360;1
30;704;Rolandia - Ab. Aves;In Natura 3;619;MANUTENÇÃO ELÉTRICA;ROTATIVO;878162;VALVULA MAG 121G2320 115V 50;1;4730,12;PECAS REPOSICAO MECANICA;MANUTENÇÃO;SEM CONSUMO;360;1
30;704;Rolandia - Ab. Aves;In Natura 3;619;MANUTENÇÃO ELÉTRICA;ROTATIVO;878260;FOTOCELULA QRI B2 B180B REF;1;4994,41;PECAS REPOSICAO ELETRICA;MANUTENÇÃO;SEM CONSUMO;360;1
30;704;Rolandia - Ab. Aves;In Natura 3;619;MANUTENÇÃO ELÉTRICA;ROTATIVO;896452;"SENSOR FOTOELET;10-30VDC;0,1";2;1541,03;PECAS REPOSICAO ELETRICA;MANUTENÇÃO;SEM CONSUMO;360;1
30;704;Rolandia - Ab. Aves;In Natura 3;619;MANUTENÇÃO ELÉTRICA;ROTATIVO;942833;"ANEL;DA FORMADORA FORMAX;MOD";10;11455,74;PECAS REPOSICAO MECANICA;MANUTENÇÃO;SEM CONSUMO;360;1
30;704;Rolandia - Ab. Aves;In Natura 3;619;MANUTENÇÃO ELÉTRICA;ROTATIVO;971628;"BORRACHA;PROVISUR/0240731";21,5;4759,887833;PECAS REPOSICAO MECANICA;MANUTENÇÃO;SEM CONSUMO;360;1
30;704;Rolandia - Ab. Aves;In Natura 3;619;MANUTENÇÃO ELÉTRICA;ROTATIVO;974924;"MOLA;EQUIBRASIL/26029";6;283,65;PECAS REPOSICAO MECANICA;MANUTENÇÃO;SEM CONSUMO;360;1
30;704;Rolandia - Ab. Aves;In Natura 3;619;MANUTENÇÃO ELÉTRICA;ROTATIVO;985164;"ATUADOR GIRATORIO;32MM;FESTO";1;2458,65875;PECAS REPOSICAO MECANICA;MANUTENÇÃO;SEM CONSUMO;360;1
30;704;Rolandia - Ab. Aves;In Natura 3;619;MANUTENÇÃO ELÉTRICA;ROTATIVO;991401;"SENSOR MAGNET PROX;10-36VCC;";4;1506,51;PECAS REPOSICAO ELETRICA;MANUTENÇÃO;SEM CONSUMO;360;1
30;704;Rolandia - Ab. Aves;In Natura 3;619;MANUTENÇÃO ELÉTRICA;ROTATIVO;992586;MODULO P/CONTROLADOR LOGICO;1;747,13;PECAS REPOSICAO ELETRICA;MANUTENÇÃO;SEM CONSUMO;360;1
30;704;Rolandia - Ab. Aves;In Natura 3;621;MANUTENÇÃO MECANICA;ROTATIVO;84152;"ANEL;JBT JOHN BEAN/413800371";2;1940,495;PECAS REPOSICAO MECANICA;MANUTENÇÃO;SEM CONSUMO;360;1
30;704;Rolandia - Ab. Aves;In Natura 3;621;MANUTENÇÃO MECANICA;ROTATIVO;92089;"TAMPAO;JBT JOHN BEAN/5534000";1;131,72;PECAS REPOSICAO MECANICA;MANUTENÇÃO;SEM CONSUMO;360;1
30;704;Rolandia - Ab. Aves;In Natura 3;621;MANUTENÇÃO MECANICA;ROTATIVO;132151;"RODA;JBT JOHN BEAN/403900285";1;772,29;PECAS REPOSICAO MECANICA;MANUTENÇÃO;SEM CONSUMO;360;1
30;704;Rolandia - Ab. Aves;In Natura 3;621;MANUTENÇÃO MECANICA;ROTATIVO;132718;"ENGRENAGEM P/ESTEIRA TRANSP;";2;343,57;PECAS REPOSICAO MECANICA;MANUTENÇÃO;SEM CONSUMO;360;1
30;704;Rolandia - Ab. Aves;In Natura 3;621;MANUTENÇÃO MECANICA;ROTATIVO;133684;"CAIXA P/ROLAMENTO;MONOBLOCO;";2;1471,39;PECAS REPOSICAO MECANICA;MANUTENÇÃO;SEM CONSUMO;360;1
30;704;Rolandia - Ab. Aves;In Natura 3;621;MANUTENÇÃO MECANICA;ROTATIVO;135160;TAMPAO ESPECIFICO 106917 SEW;2;253,075;PECAS REPOSICAO MECANICA;MANUTENÇÃO;SEM CONSUMO;360;1
30;704;Rolandia - Ab. Aves;In Natura 3;621;MANUTENÇÃO MECANICA;ROTATIVO;144722;"ROLO;ULMA/9521440";6;2206,985;PECAS REPOSICAO MECANICA;MANUTENÇÃO;SEM CONSUMO;360;1
30;704;Rolandia - Ab. Aves;In Natura 3;621;MANUTENÇÃO MECANICA;ROTATIVO;169805;ANEL VEDACAO CONEXAO SANITAR;10;679,31;PECAS REPOSICAO MECANICA;MANUTENÇÃO;SEM CONSUMO;360;1
30;704;Rolandia - Ab. Aves;In Natura 3;621;MANUTENÇÃO MECANICA;ROTATIVO;176137;"ANEL;JBT JOHN BEAN/413800279";2;880,76;PECAS REPOSICAO MECANICA;MANUTENÇÃO;SEM CONSUMO;360;1
30;704;Rolandia - Ab. Aves;In Natura 3;621;MANUTENÇÃO MECANICA;ROTATIVO;177312;"ANEL;JBT JOHN BEAN/413800278";2;849,005;PECAS REPOSICAO MECANICA;MANUTENÇÃO;SEM CONSUMO;360;1
30;704;Rolandia - Ab. Aves;In Natura 3;621;MANUTENÇÃO MECANICA;ROTATIVO;205005;"VEDACAO;BUSCH/0990106211";1;603,63;PECAS REPOSICAO MECANICA;MANUTENÇÃO;SEM CONSUMO;360;1
30;704;Rolandia - Ab. Aves;In Natura 3;621;MANUTENÇÃO MECANICA;ROTATIVO;375744;BARRA ROSCADA MATERIAL ACO I;2;49,16777778;PECAS REPOSICAO MECANICA;MANUTENÇÃO;SEM CONSUMO;360;1
30;704;Rolandia - Ab. Aves;In Natura 3;621;MANUTENÇÃO MECANICA;ROTATIVO;524727;BARRA ROSCADA MATERIAL ACO I;1;71,99925926;PECAS REPOSICAO MECANICA;MANUTENÇÃO;SEM CONSUMO;360;1
30;704;Rolandia - Ab. Aves;In Natura 3;621;MANUTENÇÃO MECANICA;ROTATIVO;586982;"VALVULA PNEUM CONTROL FLUX;G";11;862,3908333;PECAS REPOSICAO MECANICA;MANUTENÇÃO;SEM CONSUMO;360;1
30;704;Rolandia - Ab. Aves;In Natura 3;621;MANUTENÇÃO MECANICA;ROTATIVO;657331;"MANCAL;JBT JOHN BEAN/1000101";2;2654,42;PECAS REPOSICAO MECANICA;MANUTENÇÃO;SEM CONSUMO;360;1
30;704;Rolandia - Ab. Aves;In Natura 3;621;MANUTENÇÃO MECANICA;ROTATIVO;679800;"O-RING;145,64X3,53MM;SILICON";41;577,8765865;PECAS REPOSICAO MECANICA;MANUTENÇÃO;SEM CONSUMO;360;1
30;704;Rolandia - Ab. Aves;In Natura 3;621;MANUTENÇÃO MECANICA;ROTATIVO;687011;"FILTRO;DA EMPANADEIRA JBT;SU";9;5186,7;PECAS REPOSICAO MECANICA;MANUTENÇÃO;SEM CONSUMO;360;1
30;704;Rolandia - Ab. Aves;In Natura 3;621;MANUTENÇÃO MECANICA;ROTATIVO;735099;"ARANHA;JBT JOHN BEAN/2020544";2;1513,22;PECAS REPOSICAO MECANICA;MANUTENÇÃO;SEM CONSUMO;360;1
30;704;Rolandia - Ab. Aves;In Natura 3;621;MANUTENÇÃO MECANICA;ROTATIVO;742182;"MANTA FILTRANTE;FIBRA SINTET";25;1615,08;PECAS REPOSICAO MECANICA;MANUTENÇÃO;SEM CONSUMO;360;1
30;704;Rolandia - Ab. Aves;In Natura 3;621;MANUTENÇÃO MECANICA;ROTATIVO;762661;"ANEL;JBT JOHN BEAN/413800275";3;2829,685;PECAS REPOSICAO MECANICA;MANUTENÇÃO;SEM CONSUMO;360;1
30;704;Rolandia - Ab. Aves;In Natura 3;621;MANUTENÇÃO MECANICA;ROTATIVO;765337;"ARAME;ROBOPAC/144435 0001411";1;4,625;PECAS REPOSICAO MECANICA;MANUTENÇÃO;SEM CONSUMO;360;1
30;704;Rolandia - Ab. Aves;In Natura 3;621;MANUTENÇÃO MECANICA;ROTATIVO;776205;"GAXETA;QUADRADA;1/2X1/2POL;P";1;776,73;PECAS REPOSICAO MECANICA;MANUTENÇÃO;SEM CONSUMO;360;1
30;704;Rolandia - Ab. Aves;In Natura 3;621;MANUTENÇÃO MECANICA;ROTATIVO;822139;"ANEL;JBT JOHN BEAN/413800280";2;2312,615;PECAS REPOSICAO MECANICA;MANUTENÇÃO;SEM CONSUMO;360;1
30;704;Rolandia - Ab. Aves;In Natura 3;621;MANUTENÇÃO MECANICA;ROTATIVO;822687;"ARANHA;JBT JOHN BEAN/2020294";1;2141,49;PECAS REPOSICAO MECANICA;MANUTENÇÃO;SEM CONSUMO;360;1
30;704;Rolandia - Ab. Aves;In Natura 3;621;MANUTENÇÃO MECANICA;ROTATIVO;866695;EMENDA CORRENTE ROLO TIPO SI;15;25,30000005;PECAS REPOSICAO MECANICA;MANUTENÇÃO;SEM CONSUMO;360;1
30;704;Rolandia - Ab. Aves;In Natura 3;621;MANUTENÇÃO MECANICA;ROTATIVO;880630;"SELO MECANICO;JBT JOHN BEAN/";1;14269;PECAS REPOSICAO MECANICA;MANUTENÇÃO;SEM CONSUMO;360;1
30;704;Rolandia - Ab. Aves;In Natura 3;621;MANUTENÇÃO MECANICA;ROTATIVO;882405;"ENGRENAGEM;ROBOPAC/319031 21";2;719,87;PECAS REPOSICAO MECANICA;MANUTENÇÃO;SEM CONSUMO;360;1
30;704;Rolandia - Ab. Aves;In Natura 3;621;MANUTENÇÃO MECANICA;ROTATIVO;920981;"ANEL;JBT JOHN BEAN/413800276";2;2058,93;PECAS REPOSICAO MECANICA;MANUTENÇÃO;SEM CONSUMO;360;1
30;704;Rolandia - Ab. Aves;In Natura 3;621;MANUTENÇÃO MECANICA;ROTATIVO;923886;"ENCONDER;JBT JOHN BEAN/32116";3;11668,1325;PECAS REPOSICAO MECANICA;MANUTENÇÃO;SEM CONSUMO;360;1
30;704;Rolandia - Ab. Aves;In Natura 3;621;MANUTENÇÃO MECANICA;ROTATIVO;991625;"MOLA;JBT JOHN BEAN/301485A03";2;990,5;PECAS REPOSICAO MECANICA;MANUTENÇÃO;SEM CONSUMO;360;1
30;706;Rolandia - Racoes;In Natura 3;4;MANUTENÇÃO;ROTATIVO;15508;LUVA REDUCAO GALVAN. 2X1;4;106,5010743;PECAS REPOSICAO HIDRAULICA;MANUTENÇÃO;SEM CONSUMO;360;1
30;706;Rolandia - Racoes;In Natura 3;4;MANUTENÇÃO;ROTATIVO;18956;ROLAMENTO 2212 K;2;183,5378779;PECAS REPOSICAO MECANICA;MANUTENÇÃO;SEM CONSUMO;360;1
30;706;Rolandia - Racoes;In Natura 3;4;MANUTENÇÃO;ROTATIVO;23009;CORREIA EM V MODELO SPC 2800;12;1605,6;PECAS REPOSICAO - IMPORTADOS;MANUTENÇÃO;SEM CONSUMO;360;1
30;706;Rolandia - Racoes;In Natura 3;4;MANUTENÇÃO;ROTATIVO;216984;"ROLAMENTO FIXO ESF;25X62X17M";3;524,7433;PECAS REPOSICAO MECANICA;MANUTENÇÃO;SEM CONSUMO;360;1
30;706;Rolandia - Racoes;In Natura 3;4;MANUTENÇÃO;ROTATIVO;312150;CORRENTE ASA 80/1 ACO CARBON;5;643,81;PECAS REPOSICAO MECANICA;MANUTENÇÃO;SEM CONSUMO;360;1
30;706;Rolandia - Racoes;In Natura 3;4;MANUTENÇÃO;ROTATIVO;373281;LUVA REDUCAO CONVENCIONAL MA;4;38,1911111;PECAS REPOSICAO HIDRAULICA;MANUTENÇÃO;SEM CONSUMO;360;1
30;706;Rolandia - Racoes;In Natura 3;4;MANUTENÇÃO;ROTATIVO;385719;RETENTOR BR MATERIAL COMPOST;2;228,62;PECAS REPOSICAO MECANICA;MANUTENÇÃO;SEM CONSUMO;360;1
30;706;Rolandia - Racoes;In Natura 3;4;MANUTENÇÃO;ROTATIVO;391481;ROLAMENTO AUTOCOMPENSADOR RO;4;2798,634;PECAS REPOSICAO MECANICA;MANUTENÇÃO;SEM CONSUMO;360;1
30;706;Rolandia - Racoes;In Natura 3;4;MANUTENÇÃO;ROTATIVO;396236;"ROLAMENTO FIXO ESF;110X200X3";2;1481,87;PECAS REPOSICAO MECANICA;MANUTENÇÃO;SEM CONSUMO;360;1
30;706;Rolandia - Racoes;In Natura 3;4;MANUTENÇÃO;ROTATIVO;399728;ROLAMENTO ESFERA RIGIDO CARG;3;193,71;PECAS REPOSICAO MECANICA;MANUTENÇÃO;SEM CONSUMO;360;1
30;706;Rolandia - Racoes;In Natura 3;4;MANUTENÇÃO;ROTATIVO;405915;"ROLAMENTO FIXACAO RAPIDA;35X";1;380,63;PECAS REPOSICAO MECANICA;MANUTENÇÃO;SEM CONSUMO;360;1
30;706;Rolandia - Racoes;In Natura 3;4;MANUTENÇÃO;ROTATIVO;440360;VALVULA ESFERA TRIPARTIDA MA;4;264,46;PECAS REPOSICAO ELETRICA;MANUTENÇÃO;SEM CONSUMO;360;1
30;706;Rolandia - Racoes;In Natura 3;4;MANUTENÇÃO;ROTATIVO;478134;GRAMPO ACAO COTOVELO TENSOR;11;414,04;PECAS REPOSICAO MECANICA;MANUTENÇÃO;SEM CONSUMO;360;1
30;706;Rolandia - Racoes;In Natura 3;4;MANUTENÇÃO;ROTATIVO;577096;"ROLAMENTO FIXO ESF;25X52X15M";3;270;PECAS REPOSICAO MECANICA;MANUTENÇÃO;SEM CONSUMO;360;1
30;706;Rolandia - Racoes;In Natura 3;4;MANUTENÇÃO;ROTATIVO;759058;MANCAL S/ROLAMENTO MATERIAL;2;705,0933333;PECAS REPOSICAO MECANICA;MANUTENÇÃO;SEM CONSUMO;360;1
30;706;Rolandia - Racoes;In Natura 3;8;MANUTENÇÃO ELETRICA;ROTATIVO;104096;TERMINAL ELET OLHAL ALUMINIO;20;20,04538989;PECAS REPOSICAO ELETRICA;MANUTENÇÃO;SEM CONSUMO;360;1
30;706;Rolandia - Racoes;In Natura 3;8;MANUTENÇÃO ELETRICA;ROTATIVO;110554;SENSOR KI5001KI3015APKGNI;2;3415,22;PECAS REPOSICAO ELETRICA;MANUTENÇÃO;SEM CONSUMO;360;1
30;706;Rolandia - Racoes;In Natura 3;8;MANUTENÇÃO ELETRICA;ROTATIVO;325846;CABO DE COMUNICACAO PROFIBUS;50;1297,716667;PECAS REPOSICAO ELETRICA;MANUTENÇÃO;SEM CONSUMO;360;1
30;706;Rolandia - Racoes;In Natura 3;8;MANUTENÇÃO ELETRICA;ROTATIVO;325868;CABO BLINDADO FLEXIVEL 500V;150;1602;PECAS REPOSICAO ELETRICA;MANUTENÇÃO;SEM CONSUMO;360;1
30;706;Rolandia - Racoes;In Natura 3;8;MANUTENÇÃO ELETRICA;ROTATIVO;356531;CONECTOR ESPECIFICO 6ES79720;1;958,38;PECAS REPOSICAO ELETRICA;MANUTENÇÃO;SEM CONSUMO;360;1
30;706;Rolandia - Racoes;In Natura 3;8;MANUTENÇÃO ELETRICA;ROTATIVO;373453;DISJUNTOR CAIXA MOLDADA PROT;1;1930;PECAS REPOSICAO ELETRICA;MANUTENÇÃO;SEM CONSUMO;360;1
30;706;Rolandia - Racoes;In Natura 3;8;MANUTENÇÃO ELETRICA;ROTATIVO;422134;PLUG 3P+T  32A  9H STECK 220;9;344,286;PECAS REPOSICAO ELETRICA;MANUTENÇÃO;SEM CONSUMO;360;1
30;706;Rolandia - Racoes;In Natura 3;8;MANUTENÇÃO ELETRICA;ROTATIVO;520335;SENSOR INDUTIVO MATERIAL ACO;3;3411,339375;PECAS REPOSICAO MECANICA;MANUTENÇÃO;SEM CONSUMO;360;1
30;706;Rolandia - Racoes;In Natura 3;8;MANUTENÇÃO ELETRICA;ROTATIVO;536459;MODULO ELETR INTERFACE TENSA;1;3805,75;PECAS REPOSICAO ELETRICA;MANUTENÇÃO;SEM CONSUMO;360;1
30;706;Rolandia - Racoes;In Natura 3;8;MANUTENÇÃO ELETRICA;ROTATIVO;537114;ADAPTADOR INTERFACE TERMOPLA;1;919,96;PECAS REPOSICAO ELETRICA;MANUTENÇÃO;SEM CONSUMO;360;1
30;706;Rolandia - Racoes;In Natura 3;8;MANUTENÇÃO ELETRICA;ROTATIVO;566497;CABO 750V FLEX 4MM2 - AZUL;200;855,86;PECAS REPOSICAO ELETRICA;MANUTENÇÃO;SEM CONSUMO;360;1
30;706;Rolandia - Racoes;In Natura 3;8;MANUTENÇÃO ELETRICA;ROTATIVO;594456;CAPACITOR 380V CA 60HZ 30KVA;1;1030,13;PECAS REPOSICAO ELETRICA;MANUTENÇÃO;SEM CONSUMO;360;1
30;706;Rolandia - Racoes;In Natura 3;8;MANUTENÇÃO ELETRICA;ROTATIVO;802328;CONECTOR BORNE  2,5MM;6;16,93266666;PECAS REPOSICAO ELETRICA;MANUTENÇÃO;SEM CONSUMO;360;1
30;706;Rolandia - Racoes;In Natura 3;8;MANUTENÇÃO ELETRICA;ROTATIVO;932035;INTERRUPTOR DE IMBUTIR 3 TEC;4;129,17896;PECAS REPOSICAO ELETRICA;MANUTENÇÃO;SEM CONSUMO;360;1
30;706;Rolandia - Racoes;In Natura 3;11;MATERIAIS DE LABORATORIO;ROTATIVO;299175;"REAGENTE P/ANALISE;NOVOBIOCI";5;9169,1;MATERIAIS DE LABORATORIO;AUXILIARES DA INDUSTRIA;SEM CONSUMO;360;1
30;706;Rolandia - Racoes;In Natura 3;11;MATERIAIS DE LABORATORIO;ROTATIVO;351005;SUPLEMENTO P/MEIO CULT SUBST;3;1192,86;MATERIAIS DE LABORATORIO;AUXILIARES DA INDUSTRIA;SEM CONSUMO;360;1
30;787;Rolandia - Incubatorio;In Natura 3;1;ALMOXARIFADO;ROTATIVO;578504;DISPENSER/SABONETEIRA MATERI;2;535,564;MATERIAIS DE HIGIENE E LIMPEZA;AUXILIARES DA INDUSTRIA;SEM CONSUMO;360;1
30;787;Rolandia - Incubatorio;In Natura 3;3;MANUTENÇÃO MECANICA;ROTATIVO;12412;CONJUNTO FECHADURA TRAVA;15;1055,736;MATERIAIS DE LABORATORIO;AUXILIARES DA INDUSTRIA;SEM CONSUMO;360;1
30;787;Rolandia - Incubatorio;In Natura 3;3;MANUTENÇÃO MECANICA;ROTATIVO;99016;"SENSOR;SMC/DF7BASDPC";6;5470,496571;PECAS REPOSICAO MECANICA;MANUTENÇÃO;SEM CONSUMO;360;1
30;787;Rolandia - Incubatorio;In Natura 3;3;MANUTENÇÃO MECANICA;ROTATIVO;103416;RETENTOR GR MATERIAL BORRACH;20;270,9;PECAS REPOSICAO MECANICA;MANUTENÇÃO;SEM CONSUMO;360;1
30;787;Rolandia - Incubatorio;In Natura 3;3;MANUTENÇÃO MECANICA;ROTATIVO;112609;"REPARO;ATLAS COPCO/290135810";1;3098,303333;PECAS REPOSICAO MECANICA;MANUTENÇÃO;SEM CONSUMO;360;1
30;787;Rolandia - Incubatorio;In Natura 3;3;MANUTENÇÃO MECANICA;ROTATIVO;151064;"PINO ELASTICO;PESADO;8,5MM;4";300;525;PECAS REPOSICAO MECANICA;MANUTENÇÃO;SEM CONSUMO;360;1
30;787;Rolandia - Incubatorio;In Natura 3;3;MANUTENÇÃO MECANICA;ROTATIVO;190888;"ROLAMENTO FIXO ESF;12X32X10M";5;32,58;PECAS REPOSICAO MECANICA;MANUTENÇÃO;SEM CONSUMO;360;1
30;787;Rolandia - Incubatorio;In Natura 3;3;MANUTENÇÃO MECANICA;ROTATIVO;205734;"CORREIA V PERFIL;LISA;A;13X8";5;37,5;PECAS REPOSICAO MECANICA;MANUTENÇÃO;SEM CONSUMO;360;1
30;787;Rolandia - Incubatorio;In Natura 3;3;MANUTENÇÃO MECANICA;ROTATIVO;206920;CORREIA TRANSM V N SECAO UNI;5;256,49;PECAS REPOSICAO MECANICA;MANUTENÇÃO;SEM CONSUMO;360;1
30;787;Rolandia - Incubatorio;In Natura 3;3;MANUTENÇÃO MECANICA;ROTATIVO;206954;CORREIA TRANSM V N SECAO UNI;4;64,40133334;PECAS REPOSICAO MECANICA;MANUTENÇÃO;SEM CONSUMO;360;1
30;787;Rolandia - Incubatorio;In Natura 3;3;MANUTENÇÃO MECANICA;ROTATIVO;216437;"ROLAMENTO FIXO ESF;30X55X13M";5;77,04;PECAS REPOSICAO MECANICA;MANUTENÇÃO;SEM CONSUMO;360;1
30;787;Rolandia - Incubatorio;In Natura 3;3;MANUTENÇÃO MECANICA;ROTATIVO;229131;"REPARO;ATLAS COPCO/162500554";1;2356,233333;PECAS REPOSICAO MECANICA;MANUTENÇÃO;SEM CONSUMO;360;1
30;787;Rolandia - Incubatorio;In Natura 3;3;MANUTENÇÃO MECANICA;ROTATIVO;234596;"GAXETA;SECAO QUADRADA;1/4 PO";15;2045;PECAS REPOSICAO MECANICA;MANUTENÇÃO;SEM CONSUMO;360;1
30;787;Rolandia - Incubatorio;In Natura 3;3;MANUTENÇÃO MECANICA;ROTATIVO;239194;COLA ADESIVA LOCATITE 515;5;1329,5;PECAS REPOSICAO HIDRAULICA;MANUTENÇÃO;SEM CONSUMO;360;1
30;787;Rolandia - Incubatorio;In Natura 3;3;MANUTENÇÃO MECANICA;ROTATIVO;309444;MOLA COMPRESSAO MATERIAL ACO;24;108,0192;PECAS REPOSICAO MECANICA;MANUTENÇÃO;SEM CONSUMO;360;1
30;787;Rolandia - Incubatorio;In Natura 3;3;MANUTENÇÃO MECANICA;ROTATIVO;322300;MICRORUPTOR TIPO M3;2;486,4533333;PECAS REPOSICAO ELETRICA;MANUTENÇÃO;SEM CONSUMO;360;1
30;787;Rolandia - Incubatorio;In Natura 3;3;MANUTENÇÃO MECANICA;ROTATIVO;322367;PORTA FUSIVEL MOD. DH 15 KV;6;1186,6;PECAS REPOSICAO ELETRICA;MANUTENÇÃO;SEM CONSUMO;360;1
30;787;Rolandia - Incubatorio;In Natura 3;3;MANUTENÇÃO MECANICA;ROTATIVO;386809;"ANEL;ATLAS COPCO/0663210215";1;34,24;PECAS REPOSICAO MECANICA;MANUTENÇÃO;SEM CONSUMO;360;1
30;787;Rolandia - Incubatorio;In Natura 3;3;MANUTENÇÃO MECANICA;ROTATIVO;400219;VALVULA SOLENOIDE AGUA 2 VIA;3;1440,55;PECAS REPOSICAO MECANICA;MANUTENÇÃO;SEM CONSUMO;360;1
30;787;Rolandia - Incubatorio;In Natura 3;3;MANUTENÇÃO MECANICA;ROTATIVO;401804;ROLAMENTO RIGIDO ESFERA UC20;12;4464,565714;PECAS REPOSICAO MECANICA;MANUTENÇÃO;SEM CONSUMO;360;1
30;787;Rolandia - Incubatorio;In Natura 3;3;MANUTENÇÃO MECANICA;ROTATIVO;403362;"VALVULA DIREC;5/2VIAS;C/ SIM";8;4847,312;PECAS REPOSICAO HIDRAULICA;MANUTENÇÃO;SEM CONSUMO;360;1
30;787;Rolandia - Incubatorio;In Natura 3;3;MANUTENÇÃO MECANICA;ROTATIVO;407860;LUBRIFICANTE PASTA COR BRANC;5;3821,37;PECAS REPOSICAO MECANICA;MANUTENÇÃO;SEM CONSUMO;360;1
30;787;Rolandia - Incubatorio;In Natura 3;3;MANUTENÇÃO MECANICA;ROTATIVO;428190;CONECTOR P/SENSOR MATERIAL C;9;811,152;PECAS REPOSICAO ELETRICA;MANUTENÇÃO;SEM CONSUMO;360;1
30;787;Rolandia - Incubatorio;In Natura 3;3;MANUTENÇÃO MECANICA;ROTATIVO;442703;SENSOR FOTOELETRICO MATERIAL;4;3614,933333;PECAS REPOSICAO ELETRICA;MANUTENÇÃO;SEM CONSUMO;360;1
30;787;Rolandia - Incubatorio;In Natura 3;3;MANUTENÇÃO MECANICA;ROTATIVO;461272;SILENCIADOR RUIDO MATERIAL P;12;280,27;PECAS REPOSICAO MECANICA;MANUTENÇÃO;SEM CONSUMO;360;1
30;787;Rolandia - Incubatorio;In Natura 3;3;MANUTENÇÃO MECANICA;ROTATIVO;471525;BIELA MATERIAL ACO CARBONO U;6;467,25;PECAS REPOSICAO MECANICA;MANUTENÇÃO;SEM CONSUMO;360;1
30;787;Rolandia - Incubatorio;In Natura 3;3;MANUTENÇÃO MECANICA;ROTATIVO;473046;PAINEL INTERNO LARGURA 45,00;1;1814,645;PECAS REPOSICAO ELETRICA;MANUTENÇÃO;SEM CONSUMO;360;1
30;787;Rolandia - Incubatorio;In Natura 3;3;MANUTENÇÃO MECANICA;ROTATIVO;475356;BOTOEIRA COMANDO VAZIA MATER;2;217,0574;PECAS REPOSICAO ELETRICA;MANUTENÇÃO;SEM CONSUMO;360;1
30;787;Rolandia - Incubatorio;In Natura 3;3;MANUTENÇÃO MECANICA;ROTATIVO;476609;ROLAMENTO RIGIDO ESFERA 6207;1;13,11214286;PECAS REPOSICAO MECANICA;MANUTENÇÃO;SEM CONSUMO;360;1
30;787;Rolandia - Incubatorio;In Natura 3;3;MANUTENÇÃO MECANICA;ROTATIVO;493548;VALVULA ESFERA APLICACAO NAS;5;162,3458333;PECAS REPOSICAO HIDRAULICA;MANUTENÇÃO;SEM CONSUMO;360;1
30;787;Rolandia - Incubatorio;In Natura 3;3;MANUTENÇÃO MECANICA;ROTATIVO;494965;VEDACAO SIMPLES MATERIAL COM;50;385,89;PECAS REPOSICAO MECANICA;MANUTENÇÃO;SEM CONSUMO;360;1
30;787;Rolandia - Incubatorio;In Natura 3;3;MANUTENÇÃO MECANICA;ROTATIVO;496599;"ANEL;ATLAS COPCO/0663210590";1;47,125;PECAS REPOSICAO MECANICA;MANUTENÇÃO;SEM CONSUMO;360;1
30;787;Rolandia - Incubatorio;In Natura 3;3;MANUTENÇÃO MECANICA;ROTATIVO;496840;KIT REPARO MAT AC COMPO ORIN;1;2345,105;PECAS REPOSICAO MECANICA;MANUTENÇÃO;SEM CONSUMO;360;1
30;787;Rolandia - Incubatorio;In Natura 3;3;MANUTENÇÃO MECANICA;ROTATIVO;496848;KIT REPARO MAT COMPOST BORRA;1;582,81;PECAS REPOSICAO MECANICA;MANUTENÇÃO;SEM CONSUMO;360;1
30;787;Rolandia - Incubatorio;In Natura 3;3;MANUTENÇÃO MECANICA;ROTATIVO;497212;"REPARO;ATLAS COPCO/290120061";1;555,88;PECAS REPOSICAO MECANICA;MANUTENÇÃO;SEM CONSUMO;360;1
30;787;Rolandia - Incubatorio;In Natura 3;3;MANUTENÇÃO MECANICA;ROTATIVO;505691;KIT MANUTENCAO APLICACAO COM;2;217,51;PECAS REPOSICAO MECANICA;MANUTENÇÃO;SEM CONSUMO;360;1
30;787;Rolandia - Incubatorio;In Natura 3;3;MANUTENÇÃO MECANICA;ROTATIVO;507339;VEDACAO MATERIAL COMPOSTO BO;10;652,23;PECAS REPOSICAO MECANICA;MANUTENÇÃO;SEM CONSUMO;360;1
30;787;Rolandia - Incubatorio;In Natura 3;3;MANUTENÇÃO MECANICA;ROTATIVO;511084;CORPO MATERIAL ACO DIAMETRO;6;4538,643429;PECAS REPOSICAO ELETRICA;MANUTENÇÃO;SEM CONSUMO;360;1
30;787;Rolandia - Incubatorio;In Natura 3;3;MANUTENÇÃO MECANICA;ROTATIVO;515472;CADEADO MATERIAL CORPO LATAO;7;99,029;PECAS REPOSICAO MECANICA;MANUTENÇÃO;SEM CONSUMO;360;1
30;787;Rolandia - Incubatorio;In Natura 3;3;MANUTENÇÃO MECANICA;ROTATIVO;518720;BLOCO MONITORACAO MATERIAL T;10;350;PECAS REPOSICAO ELETRICA;MANUTENÇÃO;SEM CONSUMO;360;1
30;787;Rolandia - Incubatorio;In Natura 3;3;MANUTENÇÃO MECANICA;ROTATIVO;522288;"VENTOINHA;WEG/10016820";15;451,38;PECAS REPOSICAO MECANICA;MANUTENÇÃO;SEM CONSUMO;360;1
30;787;Rolandia - Incubatorio;In Natura 3;3;MANUTENÇÃO MECANICA;ROTATIVO;529865;"REPARO;SMC/CQ2B40PS";5;227,64;PECAS REPOSICAO MECANICA;MANUTENÇÃO;SEM CONSUMO;360;1
30;787;Rolandia - Incubatorio;In Natura 3;3;MANUTENÇÃO MECANICA;ROTATIVO;552103;MANGUEIRA PU 9BAR LI DIAMETR;26;481,4246667;PECAS REPOSICAO HIDRAULICA;MANUTENÇÃO;SEM CONSUMO;360;1
30;787;Rolandia - Incubatorio;In Natura 3;3;MANUTENÇÃO MECANICA;ROTATIVO;576802;"ESTATOR;NETZSCH/NDB4955090";1;485,045;PECAS REPOSICAO MECANICA;MANUTENÇÃO;SEM CONSUMO;360;1
30;787;Rolandia - Incubatorio;In Natura 3;3;MANUTENÇÃO MECANICA;ROTATIVO;662354;"FUSIVEL TP;FIBRA DE VIDRO;14";6;60,21;PECAS REPOSICAO ELETRICA;MANUTENÇÃO;SEM CONSUMO;360;1
30;787;Rolandia - Incubatorio;In Natura 3;3;MANUTENÇÃO MECANICA;ROTATIVO;690021;"VALVULA SOLENOIDE;5/2 VIAS;C";10;5618;PECAS REPOSICAO ELETRICA;MANUTENÇÃO;SEM CONSUMO;360;1
30;787;Rolandia - Incubatorio;In Natura 3;3;MANUTENÇÃO MECANICA;ROTATIVO;695479;"ANEL ELASTICO;RETENÇAO EXTER";200;1010,5;PECAS REPOSICAO MECANICA;MANUTENÇÃO;SEM CONSUMO;360;1
30;787;Rolandia - Incubatorio;In Natura 3;3;MANUTENÇÃO MECANICA;ROTATIVO;700562;"SENSOR;CATERPILLAR/1611705";1;3040,77;PECAS REPOSICAO MECANICA;MANUTENÇÃO;SEM CONSUMO;360;1
30;787;Rolandia - Incubatorio;In Natura 3;3;MANUTENÇÃO MECANICA;ROTATIVO;707840;"EMENDA;ABA UNILATERAL;P/CORR";20;494,29;PECAS REPOSICAO MECANICA;MANUTENÇÃO;SEM CONSUMO;360;1
30;787;Rolandia - Incubatorio;In Natura 3;3;MANUTENÇÃO MECANICA;ROTATIVO;708446;"CHAVE COMUTADORA;CODIGO BINA";4;889,85;PECAS REPOSICAO ELETRICA;MANUTENÇÃO;SEM CONSUMO;360;1
30;787;Rolandia - Incubatorio;In Natura 3;3;MANUTENÇÃO MECANICA;ROTATIVO;713044;"FECHO LINGUETA;FECHO MANOPLA";11;1184,541;PECAS REPOSICAO CIVIL;MANUTENÇÃO;SEM CONSUMO;360;1
30;787;Rolandia - Incubatorio;In Natura 3;3;MANUTENÇÃO MECANICA;ROTATIVO;791766;"GAXETA;SECAO QUADRADA;3/4 PO";10;1220;PECAS REPOSICAO MECANICA;MANUTENÇÃO;SEM CONSUMO;360;1
30;787;Rolandia - Incubatorio;In Natura 3;3;MANUTENÇÃO MECANICA;ROTATIVO;804170;"REPARO;ATLAS COPCO/290135340";1;4682,305;PECAS REPOSICAO MECANICA;MANUTENÇÃO;SEM CONSUMO;360;1
30;787;Rolandia - Incubatorio;In Natura 3;3;MANUTENÇÃO MECANICA;ROTATIVO;813429;"LAMPADA GERMICIDA;ULTRA-VIOL";1;578,27;PECAS REPOSICAO ELETRICA;MANUTENÇÃO;SEM CONSUMO;360;1
30;787;Rolandia - Incubatorio;In Natura 3;3;MANUTENÇÃO MECANICA;ROTATIVO;874578;"DISJUNTOR TERM;TRIPOLAR;63A;";12;2256,53;PECAS REPOSICAO ELETRICA;MANUTENÇÃO;SEM CONSUMO;360;1
30;787;Rolandia - Incubatorio;In Natura 3;3;MANUTENÇÃO MECANICA;ROTATIVO;876237;"SENSOR;CATERPILLAR/1946725";1;3040,77;PECAS REPOSICAO MECANICA;MANUTENÇÃO;SEM CONSUMO;360;1
30;787;Rolandia - Incubatorio;In Natura 3;3;MANUTENÇÃO MECANICA;ROTATIVO;899702;"REDUCAO;C/GRAMPO;P/CORRENTE";20;509,58;PECAS REPOSICAO MECANICA;MANUTENÇÃO;SEM CONSUMO;360;1
30;787;Rolandia - Incubatorio;In Natura 3;3;MANUTENÇÃO MECANICA;ROTATIVO;923314;"ACOPLAMENTO;METTLER TOLEDO/5";3;7766,32;PECAS REPOSICAO MECANICA;MANUTENÇÃO;SEM CONSUMO;360;1
30;787;Rolandia - Incubatorio;In Natura 3;3;MANUTENÇÃO MECANICA;ROTATIVO;940551;"BATERIA P/ELET;ELET;12V;2,3A";5;843,76;PECAS REPOSICAO ELETRICA;MANUTENÇÃO;SEM CONSUMO;360;1
30;787;Rolandia - Incubatorio;In Natura 3;3;MANUTENÇÃO MECANICA;ROTATIVO;940988;"VALVULA;ATLAS COPCO/22041546";1;654,2333333;PECAS REPOSICAO MECANICA;MANUTENÇÃO;SEM CONSUMO;360;1
30;787;Rolandia - Incubatorio;In Natura 3;3;MANUTENÇÃO MECANICA;ROTATIVO;953852;"CHAVE COMUTADORA;CODIGO BINA";1;456,495;PECAS REPOSICAO ELETRICA;MANUTENÇÃO;SEM CONSUMO;360;1
30;787;Rolandia - Incubatorio;In Natura 3;3;MANUTENÇÃO MECANICA;ROTATIVO;963469;"DISJUNTOR TERM;TRI;32A;3KA;2";8;675,7777778;PECAS REPOSICAO ELETRICA;MANUTENÇÃO;SEM CONSUMO;360;1
30;787;Rolandia - Incubatorio;In Natura 3;4;COMBUSTIVEIS E LUBRIFICANTES;ROTATIVO;421923;OLEO LUBRIFICANTE MINERAL ES;2;846,01;COMBUSTIVEIS E LUBRIFICANTES;MANUTENÇÃO;SEM CONSUMO;360;1
30;787;Rolandia - Incubatorio;In Natura 3;5;UNIFORMES E EPI'S;ROTATIVO;102988;PERNEIRA DE RASPA;2;179,57;EQUIPAMENTOS DE PROTECAO - EPI;AUXILIARES DA INDUSTRIA;SEM CONSUMO;360;1
30;787;Rolandia - Incubatorio;In Natura 3;5;UNIFORMES E EPI'S;ROTATIVO;382565;"LUVA SEGURANCA;M INOX;ANTI C";2;701,3266667;EQUIPAMENTOS DE PROTECAO - EPI;AUXILIARES DA INDUSTRIA;SEM CONSUMO;360;1
30;787;Rolandia - Incubatorio;In Natura 3;5;UNIFORMES E EPI'S;ROTATIVO;382746;LUVA MATERIAL FIO ACO C/POLI;12;554,22;EQUIPAMENTOS DE PROTECAO - EPI;AUXILIARES DA INDUSTRIA;SEM CONSUMO;360;1
30;787;Rolandia - Incubatorio;In Natura 3;5;UNIFORMES E EPI'S;ROTATIVO;427873;BOTA SEG Nº 43 CA 37773 MATE;4;212,0205714;EQUIPAMENTOS DE PROTECAO - EPI;AUXILIARES DA INDUSTRIA;SEM CONSUMO;360;1
30;787;Rolandia - Incubatorio;In Natura 3;5;UNIFORMES E EPI'S;ROTATIVO;428218;BOTINA SEGURANCA Nº 45;2;180,374;EQUIPAMENTOS DE PROTECAO - EPI;AUXILIARES DA INDUSTRIA;SEM CONSUMO;360;1
30;787;Rolandia - Incubatorio;In Natura 3;5;UNIFORMES E EPI'S;ROTATIVO;496258;BASTAO RESGATE FV 34,5KV 32,;1;1113,503333;EQUIPAMENTOS DE PROTECAO - EPI;AUXILIARES DA INDUSTRIA;SEM CONSUMO;360;1
30;787;Rolandia - Incubatorio;In Natura 3;5;UNIFORMES E EPI'S;ROTATIVO;563776;LUVA SEG COURO VAQUETA ANTID;4;304,875;EQUIPAMENTOS DE PROTECAO - EPI;AUXILIARES DA INDUSTRIA;SEM CONSUMO;360;1
30;787;Rolandia - Incubatorio;In Natura 3;5;UNIFORMES E EPI'S;ROTATIVO;745987;CREME PROTE MAO EPI APLICACA;2;23,815;EQUIPAMENTOS DE PROTECAO - EPI;AUXILIARES DA INDUSTRIA;SEM CONSUMO;360;1
30;787;Rolandia - Incubatorio;In Natura 3;5;UNIFORMES E EPI'S;ROTATIVO;915325;"CAMISA SEGURANÇA;MALHA;CAQUI";1;506,2966667;EQUIPAMENTOS DE PROTECAO - EPI;AUXILIARES DA INDUSTRIA;SEM CONSUMO;360;1
30;516;Rolandia - Ffo;In Natura 3;1;PRODUTOS QUIMICOS;ROTATIVO;21715;SEQUESTRANTE AZ-1130 KURITA;640;21127,83568;PROD. P/ TRATAMENTO CALDEIRAS;AUXILIARES DA INDUSTRIA;SEM CONSUMO;180;1
30;516;Rolandia - Ffo;In Natura 3;3;MANUTENÇÃO;ROTATIVO;131598;ARRUELA LISA MATERIAL ACO CA;16;4,8;PECAS REPOSICAO MECANICA;MANUTENÇÃO;SEM CONSUMO;180;1
30;516;Rolandia - Ffo;In Natura 3;3;MANUTENÇÃO;ROTATIVO;259098;"CAIXA P/ROLAM;MONOBLOCO;FERR";4;230,78;PECAS REPOSICAO MECANICA;MANUTENÇÃO;SEM CONSUMO;180;1
30;516;Rolandia - Ffo;In Natura 3;3;MANUTENÇÃO;ROTATIVO;345750;CONECTOR TEE MATERIAL POLIPR;23;60,11393678;PECAS REPOSICAO HIDRAULICA;MANUTENÇÃO;SEM CONSUMO;180;1
30;516;Rolandia - Ffo;In Natura 3;3;MANUTENÇÃO;ROTATIVO;374613;SELO MECANICO MATERIAL FACE;3;428,52;PECAS REPOSICAO MECANICA;MANUTENÇÃO;SEM CONSUMO;180;1
30;516;Rolandia - Ffo;In Natura 3;3;MANUTENÇÃO;ROTATIVO;396431;BICO P/ MACARICO APLICACAO B;6;326,0571429;PECAS REPOSICAO MECANICA;MANUTENÇÃO;SEM CONSUMO;180;1
30;516;Rolandia - Ffo;In Natura 3;3;MANUTENÇÃO;ROTATIVO;396481;BICO P/ MACARICO APLICACAO B;6;281,89;PECAS REPOSICAO MECANICA;MANUTENÇÃO;SEM CONSUMO;180;1
30;516;Rolandia - Ffo;In Natura 3;3;MANUTENÇÃO;ROTATIVO;436410;CORREIA TRANSM V N SECAO UNI;14;1106,35;PECAS REPOSICAO MECANICA;MANUTENÇÃO;SEM CONSUMO;180;1
30;516;Rolandia - Ffo;In Natura 3;3;MANUTENÇÃO;ROTATIVO;465032;TERMOMETRO BIMETALICO MAT AC;4;1373,656667;INSTR. PESOS / MEDIDAS;MANUTENÇÃO;SEM CONSUMO;180;1
30;516;Rolandia - Ffo;In Natura 3;3;MANUTENÇÃO;ROTATIVO;476285;FUSIVEL RETARDADO 250A 500V;2;246;PECAS REPOSICAO ELETRICA;MANUTENÇÃO;SEM CONSUMO;180;1
30;516;Rolandia - Ffo;In Natura 3;3;MANUTENÇÃO;ROTATIVO;480451;CORREIA V PERFIL C 105 V POL;10;609,4666666;PECAS REPOSICAO MECANICA;MANUTENÇÃO;SEM CONSUMO;180;1
30;516;Rolandia - Ffo;In Natura 3;3;MANUTENÇÃO;ROTATIVO;746916;MANCAL S/ROLAMENTO MATERIAL;3;200,86;PECAS REPOSICAO MECANICA;MANUTENÇÃO;SEM CONSUMO;180;1
30;516;Rolandia - Ffo;In Natura 3;3;MANUTENÇÃO;ROTATIVO;779148;MANCAL QUATRO FUROS F - 213;4;831,08;PECAS REPOSICAO MECANICA;MANUTENÇÃO;SEM CONSUMO;180;1
30;516;Rolandia - Ffo;In Natura 3;4;UNIFORMES E EPI'S;ROTATIVO;144312;CASACO MATERIAL RASPA COURO;3;372,759;EQUIPAMENTOS DE PROTECAO - EPI;AUXILIARES DA INDUSTRIA;SEM CONSUMO;180;1
30;516;Rolandia - Ffo;In Natura 3;4;UNIFORMES E EPI'S;ROTATIVO;427898;BOTA SEGURANCA - MATERIAL;4;220;EQUIPAMENTOS DE PROTECAO - EPI;AUXILIARES DA INDUSTRIA;SEM CONSUMO;180;1
30;516;Rolandia - Ffo;In Natura 3;4;UNIFORMES E EPI'S;ROTATIVO;427899;BOTA SEGURANCA Nº 41 MATERIA;4;220;EQUIPAMENTOS DE PROTECAO - EPI;AUXILIARES DA INDUSTRIA;SEM CONSUMO;180;1
30;516;Rolandia - Ffo;In Natura 3;4;UNIFORMES E EPI'S;ROTATIVO;427916;BOTA SEGURANCA - MATERIAL CO;20;1198;EQUIPAMENTOS DE PROTECAO - EPI;AUXILIARES DA INDUSTRIA;SEM CONSUMO;180;1
30;516;Rolandia - Ffo;In Natura 3;4;UNIFORMES E EPI'S;ROTATIVO;428003;BOTA SEGURANCA - MATERIAL CO;2;106,1968254;EQUIPAMENTOS DE PROTECAO - EPI;AUXILIARES DA INDUSTRIA;SEM CONSUMO;180;1
30;516;Rolandia - Ffo;In Natura 3;4;UNIFORMES E EPI'S;ROTATIVO;428064;BOTINA SEGURANCA Nº 44 MATER;7;494,0888776;EQUIPAMENTOS DE PROTECAO - EPI;AUXILIARES DA INDUSTRIA;SEM CONSUMO;180;1
30;516;Rolandia - Ffo;In Natura 3;4;UNIFORMES E EPI'S;ROTATIVO;428106;BOTINA SEGURANCA MATERIAL CO;10;752,3051967;EQUIPAMENTOS DE PROTECAO - EPI;AUXILIARES DA INDUSTRIA;SEM CONSUMO;180;1
30;516;Rolandia - Ffo;In Natura 3;4;UNIFORMES E EPI'S;ROTATIVO;439063;MACACAO EM TYVEK BRANCO TY12;47;2969,438004;EQUIPAMENTOS DE PROTECAO - EPI;AUXILIARES DA INDUSTRIA;SEM CONSUMO;180;1
30;516;Rolandia - Ffo;In Natura 3;4;UNIFORMES E EPI'S;ROTATIVO;494857;BOTA SEGUR PVC IMPERM BR CUR;1;87,444;EQUIPAMENTOS DE PROTECAO - EPI;AUXILIARES DA INDUSTRIA;SEM CONSUMO;180;1
30;704;Rolandia - Ab. Aves;In Natura 3;1;EMBALAGENS PRIMARIAS;ROTATIVO;63116;SACO MAT DIR POLIETILENO BAI;58585;24831,44477;EMBALAGENS P/ INDUSTRIA;EMBALAGENS;SEM CONSUMO;180;1
30;704;Rolandia - Ab. Aves;In Natura 3;1;EMBALAGENS PRIMARIAS;ROTATIVO;67131;ETIQUETA AD IDENTIFICACAO;15000;200,04875;EMBALAGENS P/ INDUSTRIA;EMBALAGENS;SEM CONSUMO;180;1
30;704;Rolandia - Ab. Aves;In Natura 3;1;EMBALAGENS PRIMARIAS;ROTATIVO;71181;ETIQUETA AD TIPO IMPR FLEX B;27000;591,98;EMBALAGENS P/ INDUSTRIA;EMBALAGENS;SEM CONSUMO;180;1
30;704;Rolandia - Ab. Aves;In Natura 3;1;EMBALAGENS PRIMARIAS;ROTATIVO;73161;SACO MATERIAL DIRETO PE BD S;50025;14262,14297;EMBALAGENS P/ INDUSTRIA;EMBALAGENS;SEM CONSUMO;180;1
30;704;Rolandia - Ab. Aves;In Natura 3;1;EMBALAGENS PRIMARIAS;ROTATIVO;73239;ETIQUETA AD TIPO IMPR FLEX P;10000;1059,58;EMBALAGENS P/ INDUSTRIA;EMBALAGENS;SEM CONSUMO;180;1
30;704;Rolandia - Ab. Aves;In Natura 3;1;EMBALAGENS PRIMARIAS;ROTATIVO;74202;ETIQ AD IMPR FLEX BOPP 15105;108000;4250,94802;EMBALAGENS P/ INDUSTRIA;EMBALAGENS;SEM CONSUMO;180;1
30;704;Rolandia - Ab. Aves;In Natura 3;1;EMBALAGENS PRIMARIAS;ROTATIVO;77982;ETIQUETA AD TIPO IMPR FLEX;10000;174,93;EMBALAGENS P/ INDUSTRIA;EMBALAGENS;SEM CONSUMO;180;1
30;704;Rolandia - Ab. Aves;In Natura 3;1;EMBALAGENS PRIMARIAS;ROTATIVO;78418;ETIQUETA AD TIPO IMPR FLEX P;4000;411,15;EMBALAGENS P/ INDUSTRIA;EMBALAGENS;SEM CONSUMO;180;1
30;704;Rolandia - Ab. Aves;In Natura 3;1;EMBALAGENS PRIMARIAS;ROTATIVO;477377;SACO MAT DIR POLIETILENO BAI;10910;2597,524572;EMBALAGENS P/ INDUSTRIA;EMBALAGENS;SEM CONSUMO;180;1
30;704;Rolandia - Ab. Aves;In Natura 3;1;EMBALAGENS PRIMARIAS;ROTATIVO;491866;SACO MAT DIR POLIETILENO BAI;101249;36449,20205;EMBALAGENS P/ INDUSTRIA;EMBALAGENS;SEM CONSUMO;180;1
30;704;Rolandia - Ab. Aves;In Natura 3;1;EMBALAGENS PRIMARIAS;ROTATIVO;491898;SACO MAT DIR POLIETILENO BAI;25609;8597,364648;EMBALAGENS P/ INDUSTRIA;EMBALAGENS;SEM CONSUMO;180;1
30;704;Rolandia - Ab. Aves;In Natura 3;1;EMBALAGENS PRIMARIAS;ROTATIVO;538492;FILME PL PE BD OB121 INCOLOR;775,29;15495,81653;EMBALAGENS P/ INDUSTRIA;EMBALAGENS;SEM CONSUMO;180;1
30;704;Rolandia - Ab. Aves;In Natura 3;5;MANUTENÇÃO MECANICA;ROTATIVO;1243;ANEL ORING BORRAC 28,5MM 2MM;4;44,84;PECAS REPOSICAO MECANICA;MANUTENÇÃO;SEM CONSUMO;180;1
30;704;Rolandia - Ab. Aves;In Natura 3;5;MANUTENÇÃO MECANICA;ROTATIVO;23016;NIPLE INOX 304 PARA SOLDA 5;3;210;PECAS REPOSICAO MECANICA;MANUTENÇÃO;SEM CONSUMO;180;1
30;704;Rolandia - Ab. Aves;In Natura 3;5;MANUTENÇÃO MECANICA;ROTATIVO;23452;CORREIA MULT-BM 8250MMX200MM;2;317,24;PECAS REPOSICAO MECANICA;MANUTENÇÃO;SEM CONSUMO;180;1
30;704;Rolandia - Ab. Aves;In Natura 3;5;MANUTENÇÃO MECANICA;ROTATIVO;23478;CORREIA MULT-BM 1500MMX425MM;1;60;PECAS REPOSICAO MECANICA;MANUTENÇÃO;SEM CONSUMO;180;1
30;704;Rolandia - Ab. Aves;In Natura 3;5;MANUTENÇÃO MECANICA;ROTATIVO;23513;RODA ACION. INV. REM06-83.4;7;310,1022785;PECAS REPOSICAO MECANICA;MANUTENÇÃO;SEM CONSUMO;180;1
30;704;Rolandia - Ab. Aves;In Natura 3;5;MANUTENÇÃO MECANICA;ROTATIVO;24218;RETENTOR (53 X 98 X 12);6;294,40944;PECAS REPOSICAO MECANICA;MANUTENÇÃO;SEM CONSUMO;180;1
30;704;Rolandia - Ab. Aves;In Natura 3;5;MANUTENÇÃO MECANICA;ROTATIVO;24470;MOLA DO MARTELO 2099;20;243,5846154;PECAS REPOSICAO MECANICA;MANUTENÇÃO;SEM CONSUMO;180;1
30;704;Rolandia - Ab. Aves;In Natura 3;5;MANUTENÇÃO MECANICA;ROTATIVO;96208;"ESCOVA CIRCULAR;CILINDRICA;N";2;2177,066;PECAS REPOSICAO MECANICA;MANUTENÇÃO;SEM CONSUMO;180;1
30;704;Rolandia - Ab. Aves;In Natura 3;5;MANUTENÇÃO MECANICA;ROTATIVO;135232;PLACA ESPECIFICO 3953722 STO;9;4046,855174;PECAS REPOSICAO - IMPORTADOS;MANUTENÇÃO;SEM CONSUMO;180;1
30;704;Rolandia - Ab. Aves;In Natura 3;5;MANUTENÇÃO MECANICA;ROTATIVO;135887;PLACA ESPECIFICO 3944137 STO;11;4819,318114;PECAS REPOSICAO - IMPORTADOS;MANUTENÇÃO;SEM CONSUMO;180;1
30;704;Rolandia - Ab. Aves;In Natura 3;5;MANUTENÇÃO MECANICA;ROTATIVO;185477;PLACA DE CURVA - CAME COD ST;31;14085,70174;PECAS REPOSICAO - IMPORTADOS;MANUTENÇÃO;SEM CONSUMO;180;1
30;704;Rolandia - Ab. Aves;In Natura 3;5;MANUTENÇÃO MECANICA;ROTATIVO;185640;"O-RING;TOTAL SOURCE/47058005";1;28,51;PECAS REPOSICAO MECANICA;MANUTENÇÃO;SEM CONSUMO;180;1
30;704;Rolandia - Ab. Aves;In Natura 3;5;MANUTENÇÃO MECANICA;ROTATIVO;206717;CORREIA TRANSM V N SECAO UNI;3;46,746;PECAS REPOSICAO MECANICA;MANUTENÇÃO;SEM CONSUMO;180;1
30;704;Rolandia - Ab. Aves;In Natura 3;5;MANUTENÇÃO MECANICA;ROTATIVO;217532;"BUCHA;TOTAL SOURCE/24205557";6;26,02;PECAS REPOSICAO MECANICA;MANUTENÇÃO;SEM CONSUMO;180;1
30;704;Rolandia - Ab. Aves;In Natura 3;5;MANUTENÇÃO MECANICA;ROTATIVO;220333;"ANEL;TOTAL SOURCE/1912966";6;8,2;PECAS REPOSICAO MECANICA;MANUTENÇÃO;SEM CONSUMO;180;1
30;704;Rolandia - Ab. Aves;In Natura 3;5;MANUTENÇÃO MECANICA;ROTATIVO;299989;"PARAFUSO;TOTAL SOURCE/127105";6;21,54;PECAS REPOSICAO MECANICA;MANUTENÇÃO;SEM CONSUMO;180;1
30;704;Rolandia - Ab. Aves;In Natura 3;5;MANUTENÇÃO MECANICA;ROTATIVO;301482;ROLAMENTO RIGIDO ESFERA GRA2;1;291,6297143;PECAS REPOSICAO MECANICA;MANUTENÇÃO;SEM CONSUMO;180;1
30;704;Rolandia - Ab. Aves;In Natura 3;5;MANUTENÇÃO MECANICA;ROTATIVO;302114;"CAIXA P/ROLAM;MONOBLOCO;PEDE";1;151,09375;PECAS REPOSICAO MECANICA;MANUTENÇÃO;SEM CONSUMO;180;1
30;704;Rolandia - Ab. Aves;In Natura 3;5;MANUTENÇÃO MECANICA;ROTATIVO;317030;FAROL ESPECIFICO 001532984 H;2;199,8;PECAS REPOSICAO MECANICA;MANUTENÇÃO;SEM CONSUMO;180;1
30;704;Rolandia - Ab. Aves;In Natura 3;5;MANUTENÇÃO MECANICA;ROTATIVO;324009;TAMPA EIXO SIMPLES 048010500;1;2213,32;PECAS REPOSICAO ELETRICA;MANUTENÇÃO;SEM CONSUMO;180;1
30;704;Rolandia - Ab. Aves;In Natura 3;5;MANUTENÇÃO MECANICA;ROTATIVO;331951;RETENTOR 00709 BR 25X44.9X5M;32;182,48;PECAS REPOSICAO MECANICA;MANUTENÇÃO;SEM CONSUMO;180;1
30;704;Rolandia - Ab. Aves;In Natura 3;5;MANUTENÇÃO MECANICA;ROTATIVO;332041;RETENTOR 62 X 100 X 17;12;382,65996;PECAS REPOSICAO MECANICA;MANUTENÇÃO;SEM CONSUMO;180;1
30;704;Rolandia - Ab. Aves;In Natura 3;5;MANUTENÇÃO MECANICA;ROTATIVO;344519;PINO ESPECIFICO 3954120 STOR;635;11122,406;PECAS REPOSICAO MECANICA;MANUTENÇÃO;SEM CONSUMO;180;1
30;704;Rolandia - Ab. Aves;In Natura 3;5;MANUTENÇÃO MECANICA;ROTATIVO;344825;"BUCHA;MEYN/8906002210013";336;5813,221366;PECAS REPOSICAO MECANICA;MANUTENÇÃO;SEM CONSUMO;180;1
30;704;Rolandia - Ab. Aves;In Natura 3;5;MANUTENÇÃO MECANICA;ROTATIVO;370543;DIGITO ESPECIFICO USD217 USI;3;712,678;PECAS REPOSICAO MECANICA;MANUTENÇÃO;SEM CONSUMO;180;1
30;704;Rolandia - Ab. Aves;In Natura 3;5;MANUTENÇÃO MECANICA;ROTATIVO;377849;EIXO ESPECIFICO 06411460 SEW;2;1309,46;PECAS REPOSICAO MECANICA;MANUTENÇÃO;SEM CONSUMO;180;1
30;704;Rolandia - Ab. Aves;In Natura 3;5;MANUTENÇÃO MECANICA;ROTATIVO;386942;ANEL ELASTICO FURO NORMATIZA;20;10,828;PECAS REPOSICAO MECANICA;MANUTENÇÃO;SEM CONSUMO;180;1
30;704;Rolandia - Ab. Aves;In Natura 3;5;MANUTENÇÃO MECANICA;ROTATIVO;391220;ROLAMENTO RIGIDO ESFERA 6190;5;198,1795625;PECAS REPOSICAO MECANICA;MANUTENÇÃO;SEM CONSUMO;180;1
30;704;Rolandia - Ab. Aves;In Natura 3;5;MANUTENÇÃO MECANICA;ROTATIVO;395959;ROLAMENTO ROLO CONICO 32304;2;52,74834;PECAS REPOSICAO MECANICA;MANUTENÇÃO;SEM CONSUMO;180;1
30;704;Rolandia - Ab. Aves;In Natura 3;5;MANUTENÇÃO MECANICA;ROTATIVO;399996;RETENTOR ESPECIFICO 0012740X;4;160,6922667;PECAS REPOSICAO MECANICA;MANUTENÇÃO;SEM CONSUMO;180;1
30;704;Rolandia - Ab. Aves;In Natura 3;5;MANUTENÇÃO MECANICA;ROTATIVO;416147;PINO ESPECIFICO JU27XX00IX11;7;1107,094545;PECAS REPOSICAO MECANICA;MANUTENÇÃO;SEM CONSUMO;180;1
30;704;Rolandia - Ab. Aves;In Natura 3;5;MANUTENÇÃO MECANICA;ROTATIVO;416244;CILINDRO PNEUM C/HAS ACAO DU;2;635,24;PECAS REPOSICAO MECANICA;MANUTENÇÃO;SEM CONSUMO;180;1
30;704;Rolandia - Ab. Aves;In Natura 3;5;MANUTENÇÃO MECANICA;ROTATIVO;418979;TAMPA MATERIAL TERMOPLASTICO;1;3312,81;PECAS REPOSICAO MECANICA;MANUTENÇÃO;SEM CONSUMO;180;1
30;704;Rolandia - Ab. Aves;In Natura 3;5;MANUTENÇÃO MECANICA;ROTATIVO;423632;ROLAMENTO ROLO CONICO MONTAG;9;527,4675;PECAS REPOSICAO MECANICA;MANUTENÇÃO;SEM CONSUMO;180;1
30;704;Rolandia - Ab. Aves;In Natura 3;5;MANUTENÇÃO MECANICA;ROTATIVO;424915;EMENDA CORRENTE ROLO SIMPLES;19;215,0579338;PECAS REPOSICAO MECANICA;MANUTENÇÃO;SEM CONSUMO;180;1
30;704;Rolandia - Ab. Aves;In Natura 3;5;MANUTENÇÃO MECANICA;ROTATIVO;425927;"CAIXA P/ ROLAMENTO;FLANGE OV";1;20,2;PECAS REPOSICAO MECANICA;MANUTENÇÃO;SEM CONSUMO;180;1
30;704;Rolandia - Ab. Aves;In Natura 3;5;MANUTENÇÃO MECANICA;ROTATIVO;431372;GAXETA MATERIAL COMPOSTO BOR;5;25,9542;PECAS REPOSICAO MECANICA;MANUTENÇÃO;SEM CONSUMO;180;1
30;704;Rolandia - Ab. Aves;In Natura 3;5;MANUTENÇÃO MECANICA;ROTATIVO;432539;ESCOVA DE ACO TUBULAR 2.1/4;3;81,36475001;PECAS REPOSICAO MECANICA;MANUTENÇÃO;SEM CONSUMO;180;1
30;704;Rolandia - Ab. Aves;In Natura 3;5;MANUTENÇÃO MECANICA;ROTATIVO;436408;ROTULA CONSTRUCAO RADIAL SUP;4;510,8546951;PECAS REPOSICAO MECANICA;MANUTENÇÃO;SEM CONSUMO;180;1
30;704;Rolandia - Ab. Aves;In Natura 3;5;MANUTENÇÃO MECANICA;ROTATIVO;445862;RETENTOR MATERIAL COMPOSTO B;2;582,66;PECAS REPOSICAO MECANICA;MANUTENÇÃO;SEM CONSUMO;180;1
30;704;Rolandia - Ab. Aves;In Natura 3;5;MANUTENÇÃO MECANICA;ROTATIVO;449084;ENGRENAGEM MATERIAL ACO INOX;6;10642,34196;PECAS REPOSICAO MECANICA;MANUTENÇÃO;SEM CONSUMO;180;1
30;704;Rolandia - Ab. Aves;In Natura 3;5;MANUTENÇÃO MECANICA;ROTATIVO;455877;ROLAMENTO ROLO CILINDRICO SI;4;1414,32;PECAS REPOSICAO MECANICA;MANUTENÇÃO;SEM CONSUMO;180;1
30;704;Rolandia - Ab. Aves;In Natura 3;5;MANUTENÇÃO MECANICA;ROTATIVO;481542;CORPO MATERIAL ACO USO PISTA;4;1031,615457;PECAS REPOSICAO MECANICA;MANUTENÇÃO;SEM CONSUMO;180;1
30;704;Rolandia - Ab. Aves;In Natura 3;5;MANUTENÇÃO MECANICA;ROTATIVO;493174;BASE APOIO MATERIAL ALUMINIO;1;1764,77;PECAS REPOSICAO MECANICA;MANUTENÇÃO;SEM CONSUMO;180;1
30;704;Rolandia - Ab. Aves;In Natura 3;5;MANUTENÇÃO MECANICA;ROTATIVO;496423;MOLA PRESSAO MATERIAL ACO IN;23;656,21875;PECAS REPOSICAO MECANICA;MANUTENÇÃO;SEM CONSUMO;180;1
30;704;Rolandia - Ab. Aves;In Natura 3;5;MANUTENÇÃO MECANICA;ROTATIVO;496481;ROLAMENTO ESFERA RADIAL MATE;14;2864,282848;PECAS REPOSICAO MECANICA;MANUTENÇÃO;SEM CONSUMO;180;1
30;704;Rolandia - Ab. Aves;In Natura 3;5;MANUTENÇÃO MECANICA;ROTATIVO;497236;ROLAMENTO CATRACA ESFERA RAD;3;525,702;PECAS REPOSICAO MECANICA;MANUTENÇÃO;SEM CONSUMO;180;1
30;704;Rolandia - Ab. Aves;In Natura 3;5;MANUTENÇÃO MECANICA;ROTATIVO;521840;CASTANHA MATERIAL POLIETILEN;12;3089,39645;PECAS REPOSICAO MECANICA;MANUTENÇÃO;SEM CONSUMO;180;1
30;704;Rolandia - Ab. Aves;In Natura 3;5;MANUTENÇÃO MECANICA;ROTATIVO;522347;KIT REPARO BUCHA PINO GUIA E;3;395,56125;PECAS REPOSICAO MECANICA;MANUTENÇÃO;SEM CONSUMO;180;1
30;704;Rolandia - Ab. Aves;In Natura 3;5;MANUTENÇÃO MECANICA;ROTATIVO;524455;BASE MATERIAL ALUMINIO COMPR;1;2147,64;PECAS REPOSICAO MECANICA;MANUTENÇÃO;SEM CONSUMO;180;1
30;704;Rolandia - Ab. Aves;In Natura 3;5;MANUTENÇÃO MECANICA;ROTATIVO;535452;BASE TUBULAR MATERIAL ALUMIN;2;3844,09;PECAS REPOSICAO MECANICA;MANUTENÇÃO;SEM CONSUMO;180;1
30;704;Rolandia - Ab. Aves;In Natura 3;5;MANUTENÇÃO MECANICA;ROTATIVO;535457;BARRA MATERIAL ACO COMPRIMEN;2;874,2;PECAS REPOSICAO MECANICA;MANUTENÇÃO;SEM CONSUMO;180;1
30;704;Rolandia - Ab. Aves;In Natura 3;5;MANUTENÇÃO MECANICA;ROTATIVO;542974;ROLAMENTO AUTOCOMPENSADOR CA;4;898,5175;PECAS REPOSICAO MECANICA;MANUTENÇÃO;SEM CONSUMO;180;1
30;704;Rolandia - Ab. Aves;In Natura 3;5;MANUTENÇÃO MECANICA;ROTATIVO;574603;ESTEIRA TRANSPORTADORA MATER;4;2727,066667;PECAS REPOSICAO MECANICA;MANUTENÇÃO;SEM CONSUMO;180;1
30;704;Rolandia - Ab. Aves;In Natura 3;5;MANUTENÇÃO MECANICA;ROTATIVO;583593;BIELA MATERIAL ACO APLICACAO;4;747,84;PECAS REPOSICAO MECANICA;MANUTENÇÃO;SEM CONSUMO;180;1
30;704;Rolandia - Ab. Aves;In Natura 3;5;MANUTENÇÃO MECANICA;ROTATIVO;608342;"O-RING;TOTAL SOURCE/977550";6;89,01;PECAS REPOSICAO MECANICA;MANUTENÇÃO;SEM CONSUMO;180;1
30;704;Rolandia - Ab. Aves;In Natura 3;5;MANUTENÇÃO MECANICA;ROTATIVO;640942;"PARFUSO;TOTAL SOURCE/1243170";6;193,53;PECAS REPOSICAO MECANICA;MANUTENÇÃO;SEM CONSUMO;180;1
30;704;Rolandia - Ab. Aves;In Natura 3;5;MANUTENÇÃO MECANICA;ROTATIVO;670281;"ESFERA;TOTAL SOURCE/47057778";6;599,49;PECAS REPOSICAO MECANICA;MANUTENÇÃO;SEM CONSUMO;180;1
30;704;Rolandia - Ab. Aves;In Natura 3;5;MANUTENÇÃO MECANICA;ROTATIVO;671477;"PINO;TOTAL SOURCE/47058019";10;109,61;PECAS REPOSICAO MECANICA;MANUTENÇÃO;SEM CONSUMO;180;1
30;704;Rolandia - Ab. Aves;In Natura 3;5;MANUTENÇÃO MECANICA;ROTATIVO;686243;"BUJAO;TOTAL SOURCE/36154591";6;15,32;PECAS REPOSICAO MECANICA;MANUTENÇÃO;SEM CONSUMO;180;1
30;704;Rolandia - Ab. Aves;In Natura 3;5;MANUTENÇÃO MECANICA;ROTATIVO;701131;"MOLA;TOTAL SOURCE/12431708";6;224,98;PECAS REPOSICAO MECANICA;MANUTENÇÃO;SEM CONSUMO;180;1
30;704;Rolandia - Ab. Aves;In Natura 3;5;MANUTENÇÃO MECANICA;ROTATIVO;710218;"EIXO;TOTAL SOURCE/13238606";9;387,01;PECAS REPOSICAO MECANICA;MANUTENÇÃO;SEM CONSUMO;180;1
30;704;Rolandia - Ab. Aves;In Natura 3;5;MANUTENÇÃO MECANICA;ROTATIVO;736331;"BUCHA;TOTAL SOURCE/13092051";4;32,54;PECAS REPOSICAO MECANICA;MANUTENÇÃO;SEM CONSUMO;180;1
30;704;Rolandia - Ab. Aves;In Natura 3;5;MANUTENÇÃO MECANICA;ROTATIVO;752013;"RESISTENCIA;USINOX/301305985";2;768,245;PECAS REPOSICAO MECANICA;MANUTENÇÃO;SEM CONSUMO;180;1
30;704;Rolandia - Ab. Aves;In Natura 3;5;MANUTENÇÃO MECANICA;ROTATIVO;757130;"VALVULA;TOTAL SOURCE/2036054";6;234,19;PECAS REPOSICAO MECANICA;MANUTENÇÃO;SEM CONSUMO;180;1
30;704;Rolandia - Ab. Aves;In Natura 3;5;MANUTENÇÃO MECANICA;ROTATIVO;786701;"SUPORTE;TOTAL SOURCE/2282330";10;368,16;PECAS REPOSICAO MECANICA;MANUTENÇÃO;SEM CONSUMO;180;1
30;704;Rolandia - Ab. Aves;In Natura 3;5;MANUTENÇÃO MECANICA;ROTATIVO;792363;"BUCHA;TOTAL SOURCE/19002";10;37,78;PECAS REPOSICAO MECANICA;MANUTENÇÃO;SEM CONSUMO;180;1
30;704;Rolandia - Ab. Aves;In Natura 3;5;MANUTENÇÃO MECANICA;ROTATIVO;795353;"BUCHA;DA FILETADORA MEYN;MOD";400;8014,67;PECAS REPOSICAO MECANICA;MANUTENÇÃO;SEM CONSUMO;180;1
30;704;Rolandia - Ab. Aves;In Natura 3;5;MANUTENÇÃO MECANICA;ROTATIVO;800969;"ARRUELA ;TOTAL SOURCE/532378";6;6,56;PECAS REPOSICAO MECANICA;MANUTENÇÃO;SEM CONSUMO;180;1
30;704;Rolandia - Ab. Aves;In Natura 3;5;MANUTENÇÃO MECANICA;ROTATIVO;803860;"MANGUEIRA BORR MONTADA;P/AGU";1;2033,81;MAT. HIGIENIZACAO INDUSTRIAL;AUXILIARES DA INDUSTRIA;SEM CONSUMO;180;1
30;704;Rolandia - Ab. Aves;In Natura 3;5;MANUTENÇÃO MECANICA;ROTATIVO;840285;"TIMAO;TOTAL SOURCE/12188165";2;1776,38;PECAS REPOSICAO MECANICA;MANUTENÇÃO;SEM CONSUMO;180;1
30;704;Rolandia - Ab. Aves;In Natura 3;5;MANUTENÇÃO MECANICA;ROTATIVO;844076;"GARFO;TOTAL SOURCE/785037";1;461,6;PECAS REPOSICAO MECANICA;MANUTENÇÃO;SEM CONSUMO;180;1
30;704;Rolandia - Ab. Aves;In Natura 3;5;MANUTENÇÃO MECANICA;ROTATIVO;853404;"PINO;TOTAL SOURCE/1105112";3;16,39;PECAS REPOSICAO MECANICA;MANUTENÇÃO;SEM CONSUMO;180;1
30;704;Rolandia - Ab. Aves;In Natura 3;5;MANUTENÇÃO MECANICA;ROTATIVO;863823;PLACA DE CURVA CAME 3944140;20;8886,290965;PECAS REPOSICAO - IMPORTADOS;MANUTENÇÃO;SEM CONSUMO;180;1
30;704;Rolandia - Ab. Aves;In Natura 3;5;MANUTENÇÃO MECANICA;ROTATIVO;865613;PLACA ESPECIFICO 3944141 STO;16;6647,997605;PECAS REPOSICAO - IMPORTADOS;MANUTENÇÃO;SEM CONSUMO;180;1
30;704;Rolandia - Ab. Aves;In Natura 3;5;MANUTENÇÃO MECANICA;ROTATIVO;884636;"ALAVANCA;TOTAL SOURCE/130921";3;66,39;PECAS REPOSICAO MECANICA;MANUTENÇÃO;SEM CONSUMO;180;1
30;704;Rolandia - Ab. Aves;In Natura 3;5;MANUTENÇÃO MECANICA;ROTATIVO;901449;"ROLETE;TOTAL SOURCE/11935882";10;78,3;PECAS REPOSICAO MECANICA;MANUTENÇÃO;SEM CONSUMO;180;1
30;704;Rolandia - Ab. Aves;In Natura 3;5;MANUTENÇÃO MECANICA;ROTATIVO;909754;"RETENTOR;TOTAL SOURCE/470580";6;25,56;PECAS REPOSICAO MECANICA;MANUTENÇÃO;SEM CONSUMO;180;1
30;704;Rolandia - Ab. Aves;In Natura 3;5;MANUTENÇÃO MECANICA;ROTATIVO;917750;"PORCA;TOTAL SOURCE/1080751";3;4,14;PECAS REPOSICAO MECANICA;MANUTENÇÃO;SEM CONSUMO;180;1
30;704;Rolandia - Ab. Aves;In Natura 3;5;MANUTENÇÃO MECANICA;ROTATIVO;932451;"PARAFUSO;TOTAL SOURCE/553830";3;37,16;PECAS REPOSICAO MECANICA;MANUTENÇÃO;SEM CONSUMO;180;1
30;704;Rolandia - Ab. Aves;In Natura 3;5;MANUTENÇÃO MECANICA;ROTATIVO;940022;"PARFUSO;TOTAL SOURCE/1238541";10;79,72;PECAS REPOSICAO MECANICA;MANUTENÇÃO;SEM CONSUMO;180;1
30;704;Rolandia - Ab. Aves;In Natura 3;5;MANUTENÇÃO MECANICA;ROTATIVO;942919;"RETENTOR;TOTAL SOURCE/120468";6;90,74;PECAS REPOSICAO MECANICA;MANUTENÇÃO;SEM CONSUMO;180;1
30;704;Rolandia - Ab. Aves;In Natura 3;6;MANUTENÇÃO HIDRAULICA E CIVIL;ROTATIVO;91558;"CONEXAO TUBO/TUBO PNEUM;RETA";6;1008,14;PECAS REPOSICAO HIDRAULICA;MANUTENÇÃO;SEM CONSUMO;180;1
30;704;Rolandia - Ab. Aves;In Natura 3;6;MANUTENÇÃO HIDRAULICA E CIVIL;ROTATIVO;118273;NIPLE REDUCAO FE MALE GF C/C;3;23,6664159;PECAS REPOSICAO HIDRAULICA;MANUTENÇÃO;SEM CONSUMO;180;1
30;704;Rolandia - Ab. Aves;In Natura 3;6;MANUTENÇÃO HIDRAULICA E CIVIL;ROTATIVO;166057;COTOVELO TUBO NAO METALICO T;12;46,15999994;PECAS REPOSICAO HIDRAULICA;MANUTENÇÃO;SEM CONSUMO;180;1
30;704;Rolandia - Ab. Aves;In Natura 3;6;MANUTENÇÃO HIDRAULICA E CIVIL;ROTATIVO;235954;CURVA PVC SOLD 25MM;5;11,165;PECAS REPOSICAO HIDRAULICA;MANUTENÇÃO;SEM CONSUMO;180;1
30;704;Rolandia - Ab. Aves;In Natura 3;6;MANUTENÇÃO HIDRAULICA E CIVIL;ROTATIVO;236543;TE TUBO NAO METALICO 90° MAT;5;24,65;PECAS REPOSICAO HIDRAULICA;MANUTENÇÃO;SEM CONSUMO;180;1
30;704;Rolandia - Ab. Aves;In Natura 3;6;MANUTENÇÃO HIDRAULICA E CIVIL;ROTATIVO;254843;LUVA TUBO MATERIAL POLICLORE;7;25,61999997;PECAS REPOSICAO HIDRAULICA;MANUTENÇÃO;SEM CONSUMO;180;1
30;704;Rolandia - Ab. Aves;In Natura 3;6;MANUTENÇÃO HIDRAULICA E CIVIL;ROTATIVO;318413;CAPS GALVANIZADO ROSCA INTER;2;254,27;PECAS REPOSICAO HIDRAULICA;MANUTENÇÃO;SEM CONSUMO;180;1
30;704;Rolandia - Ab. Aves;In Natura 3;6;MANUTENÇÃO HIDRAULICA E CIVIL;ROTATIVO;320934;LUVA REDUCAO CONVENCIONAL MA;3;38,21;PECAS REPOSICAO HIDRAULICA;MANUTENÇÃO;SEM CONSUMO;180;1
30;704;Rolandia - Ab. Aves;In Natura 3;6;MANUTENÇÃO HIDRAULICA E CIVIL;ROTATIVO;347372;NIPLE CONEXAO SANITARIA SOLD;7;144,7891666;PECAS REPOSICAO HIDRAULICA;MANUTENÇÃO;SEM CONSUMO;180;1
30;704;Rolandia - Ab. Aves;In Natura 3;6;MANUTENÇÃO HIDRAULICA E CIVIL;ROTATIVO;352153;VALVULA ESFERA 2 VIAS TRIPAR;2;1564;PECAS REPOSICAO MECANICA;MANUTENÇÃO;SEM CONSUMO;180;1
30;704;Rolandia - Ab. Aves;In Natura 3;6;MANUTENÇÃO HIDRAULICA E CIVIL;ROTATIVO;372726;TORNEIRA BOIA APLICACAO CAIX;2;533,52;PECAS REPOSICAO HIDRAULICA;MANUTENÇÃO;SEM CONSUMO;180;1
30;704;Rolandia - Ab. Aves;In Natura 3;6;MANUTENÇÃO HIDRAULICA E CIVIL;ROTATIVO;376801;UNIAO TUBO NAO METALICO MATE;2;199,9;PECAS REPOSICAO HIDRAULICA;MANUTENÇÃO;SEM CONSUMO;180;1
30;704;Rolandia - Ab. Aves;In Natura 3;6;MANUTENÇÃO HIDRAULICA E CIVIL;ROTATIVO;379418;COTOVELO TUBO NAO METALICO T;3;4,2525;PECAS REPOSICAO HIDRAULICA;MANUTENÇÃO;SEM CONSUMO;180;1
30;704;Rolandia - Ab. Aves;In Natura 3;6;MANUTENÇÃO HIDRAULICA E CIVIL;ROTATIVO;405565;TE TUBO METALICO REDUCAO 90°;3;65,39603229;PECAS REPOSICAO HIDRAULICA;MANUTENÇÃO;SEM CONSUMO;180;1
30;704;Rolandia - Ab. Aves;In Natura 3;6;MANUTENÇÃO HIDRAULICA E CIVIL;ROTATIVO;405573;TE TUBO METALICO 90° FERRO M;17;16,4985;PECAS REPOSICAO HIDRAULICA;MANUTENÇÃO;SEM CONSUMO;180;1
30;704;Rolandia - Ab. Aves;In Natura 3;6;MANUTENÇÃO HIDRAULICA E CIVIL;ROTATIVO;433077;LUVA REDUCAO TUBO METALICO C;4;564,9985185;PECAS REPOSICAO HIDRAULICA;MANUTENÇÃO;SEM CONSUMO;180;1
30;704;Rolandia - Ab. Aves;In Natura 3;6;MANUTENÇÃO HIDRAULICA E CIVIL;ROTATIVO;472984;ENGATE RAP MACHO MATERIAL BR;13;223,978719;PECAS REPOSICAO HIDRAULICA;MANUTENÇÃO;SEM CONSUMO;180;1
30;704;Rolandia - Ab. Aves;In Natura 3;7;MANUTENÇÃO ELETRICA;ROTATIVO;23761;BASE JUNCAO 8MB12-5P4-K-SK;3;2272,324286;PECAS REPOSICAO MECANICA;MANUTENÇÃO;SEM CONSUMO;180;1
30;704;Rolandia - Ab. Aves;In Natura 3;7;MANUTENÇÃO ELETRICA;ROTATIVO;23882;DISJ 3RV1021-0FA10 0,35-0,5A;3;566,3025;PECAS REPOSICAO ELETRICA;MANUTENÇÃO;SEM CONSUMO;180;1
30;704;Rolandia - Ab. Aves;In Natura 3;7;MANUTENÇÃO ELETRICA;ROTATIVO;37389;RELE ESTADO SOLIDO MONT APAR;2;346,74;PECAS REPOSICAO ELETRICA;MANUTENÇÃO;SEM CONSUMO;180;1
30;704;Rolandia - Ab. Aves;In Natura 3;7;MANUTENÇÃO ELETRICA;ROTATIVO;111723;SENSOR NI20U-S30-AP6X-H1141;2;902,03;PECAS REPOSICAO ELETRICA;MANUTENÇÃO;SEM CONSUMO;180;1
30;704;Rolandia - Ab. Aves;In Natura 3;7;MANUTENÇÃO ELETRICA;ROTATIVO;307261;CONECTOR P/SENSOR MATERIAL C;3;252,07;PECAS REPOSICAO ELETRICA;MANUTENÇÃO;SEM CONSUMO;180;1
30;704;Rolandia - Ab. Aves;In Natura 3;7;MANUTENÇÃO ELETRICA;ROTATIVO;322032;LAMPADA MISTA 220V CA 500W O;1;418,45;PECAS REPOSICAO ELETRICA;MANUTENÇÃO;SEM CONSUMO;180;1
30;704;Rolandia - Ab. Aves;In Natura 3;7;MANUTENÇÃO ELETRICA;ROTATIVO;365797;DIFUSOR LUMINARIA MODELO LUM;6;1571,890648;PECAS REPOSICAO ELETRICA;MANUTENÇÃO;SEM CONSUMO;180;1
30;704;Rolandia - Ab. Aves;In Natura 3;7;MANUTENÇÃO ELETRICA;ROTATIVO;396338;PRENSA CABO POLICLORETO VINI;8;78,72339284;PECAS REPOSICAO ELETRICA;MANUTENÇÃO;SEM CONSUMO;180;1
30;704;Rolandia - Ab. Aves;In Natura 3;7;MANUTENÇÃO ELETRICA;ROTATIVO;437024;MODULO ENTRADA MATERIAL TERM;2;6511,27;PECAS REPOSICAO ELETRICA;MANUTENÇÃO;SEM CONSUMO;180;1
30;704;Rolandia - Ab. Aves;In Natura 3;7;MANUTENÇÃO ELETRICA;ROTATIVO;437436;"MODULO ELETRONICO;16 SAIDAS;";2;4353,9875;PECAS REPOSICAO ELETRICA;MANUTENÇÃO;SEM CONSUMO;180;1
30;704;Rolandia - Ab. Aves;In Natura 3;7;MANUTENÇÃO ELETRICA;ROTATIVO;466764;RELE ACOPLADOR MONTAGEM TRIL;2;127,8039271;PECAS REPOSICAO ELETRICA;MANUTENÇÃO;SEM CONSUMO;180;1
30;704;Rolandia - Ab. Aves;In Natura 3;7;MANUTENÇÃO ELETRICA;ROTATIVO;471427;RESISTENCIA TUBULAR 220V 600;7;214,365;PECAS REPOSICAO ELETRICA;MANUTENÇÃO;SEM CONSUMO;180;1
30;704;Rolandia - Ab. Aves;In Natura 3;7;MANUTENÇÃO ELETRICA;ROTATIVO;479367;SENSOR PROX INDUTIVO SAIDA P;2;1235,453333;PECAS REPOSICAO ELETRICA;MANUTENÇÃO;SEM CONSUMO;180;1
30;704;Rolandia - Ab. Aves;In Natura 3;7;MANUTENÇÃO ELETRICA;ROTATIVO;533787;LUMINARIA HERMETICA MAT AL A;2;1366,7;PECAS REPOSICAO ELETRICA;MANUTENÇÃO;SEM CONSUMO;180;1
30;704;Rolandia - Ab. Aves;In Natura 3;7;MANUTENÇÃO ELETRICA;ROTATIVO;535959;RELE OMRON  MY2 US SV 24 VDC;1;39,855;PECAS REPOSICAO ELETRICA;MANUTENÇÃO;SEM CONSUMO;180;1
30;704;Rolandia - Ab. Aves;In Natura 3;7;MANUTENÇÃO ELETRICA;ROTATIVO;538996;FONTE ALIMENTACAO TENSAO 12V;3;341,2875;PECAS REPOSICAO ELETRICA;MANUTENÇÃO;SEM CONSUMO;180;1
30;704;Rolandia - Ab. Aves;In Natura 3;7;MANUTENÇÃO ELETRICA;ROTATIVO;591064;BOBINA TENS 12-24V POTEN 5,5;2;489;PECAS REPOSICAO ELETRICA;MANUTENÇÃO;SEM CONSUMO;180;1
30;704;Rolandia - Ab. Aves;In Natura 3;7;MANUTENÇÃO ELETRICA;ROTATIVO;595032;BOBINA TENSAO 24V POTENCIA 0;2;2883,3;PECAS REPOSICAO ELETRICA;MANUTENÇÃO;SEM CONSUMO;180;1
30;704;Rolandia - Ab. Aves;In Natura 3;7;MANUTENÇÃO ELETRICA;ROTATIVO;598925;DIFUSOR LUMINARIA MODELO LUM;4;1099,573704;PECAS REPOSICAO ELETRICA;MANUTENÇÃO;SEM CONSUMO;180;1
30;704;Rolandia - Ab. Aves;In Natura 3;7;MANUTENÇÃO ELETRICA;ROTATIVO;618241;"DISJUNTOR TRIPOL;4,5-6,3A;44";3;736,33;PECAS REPOSICAO ELETRICA;MANUTENÇÃO;SEM CONSUMO;180;1
30;704;Rolandia - Ab. Aves;In Natura 3;7;MANUTENÇÃO ELETRICA;ROTATIVO;684012;"DISJUNTOR TRIPOL;6,3A;690VCA";2;620,36;PECAS REPOSICAO ELETRICA;MANUTENÇÃO;SEM CONSUMO;180;1
30;704;Rolandia - Ab. Aves;In Natura 3;7;MANUTENÇÃO ELETRICA;ROTATIVO;719956;"CONTROLADOR FATOR POTENCIA;A";2;2488,616667;PECAS REPOSICAO ELETRICA;MANUTENÇÃO;SEM CONSUMO;180;1
30;704;Rolandia - Ab. Aves;In Natura 3;7;MANUTENÇÃO ELETRICA;ROTATIVO;723409;"CHAVE SECCIONADORA;TRIPOLAR;";7;1271,893;PECAS REPOSICAO ELETRICA;MANUTENÇÃO;SEM CONSUMO;180;1
30;704;Rolandia - Ab. Aves;In Natura 3;9;PRODUTOS QUIMICOS INDUSTRIAIS;ROTATIVO;430296;KIT ACESSORIO 3 CONJ EXTR PA;1;906,23;MATERIAIS DE LABORATORIO;AUXILIARES DA INDUSTRIA;SEM CONSUMO;180;1
30;704;Rolandia - Ab. Aves;In Natura 3;9;PRODUTOS QUIMICOS INDUSTRIAIS;ROTATIVO;556632;SODA CAUSTICA 50%;50;163,35;MEDICAMENTOS P/ AGROPECUARIA;AGROPECUARIA;SEM CONSUMO;180;1
30;704;Rolandia - Ab. Aves;In Natura 3;11;UNIFORMES E EPI'S;ROTATIVO;382568;"LUVA SEGURANCA;M INOX;ANTI C";2;933,23;EQUIPAMENTOS DE PROTECAO - EPI;AUXILIARES DA INDUSTRIA;SEM CONSUMO;180;1
30;704;Rolandia - Ab. Aves;In Natura 3;12;MATERIAIS DE LIMPEZA;ROTATIVO;439012;FUMIGENO MAT DIR FUMIGENO SM;2;828,05;MAT. HIGIENIZACAO INDUSTRIAL;AUXILIARES DA INDUSTRIA;SEM CONSUMO;180;1
30;704;Rolandia - Ab. Aves;In Natura 3;13;AUXILIARES DA INDUSTRIA;ROTATIVO;404726;"DIGITO;USINOX/10022112656";32;424,4558687;AUXILIAR DA INDUSTRIA;AUXILIARES DA INDUSTRIA;SEM CONSUMO;180;1
30;704;Rolandia - Ab. Aves;In Natura 3;14;MATERIAIS ADMINISTRATIVOS;ROTATIVO;358054;FITA ADESIVA ALUMINIO TIPO D;9;622,287;MATERIAIS DE EXPEDIENTE;MATERIAIS ADM;SEM CONSUMO;180;1
30;704;Rolandia - Ab. Aves;In Natura 3;14;MATERIAIS ADMINISTRATIVOS;ROTATIVO;368927;BANDEIRA PERSONALIZADA MATER;2;360;DESP ADM;MATERIAIS ADM;SEM CONSUMO;180;1
30;704;Rolandia - Ab. Aves;In Natura 3;14;MATERIAIS ADMINISTRATIVOS;ROTATIVO;368933;BANDEIRA CIVICA TIPO ESTADO;2;360;DESP ADM;MATERIAIS ADM;SEM CONSUMO;180;1
30;704;Rolandia - Ab. Aves;In Natura 3;14;MATERIAIS ADMINISTRATIVOS;ROTATIVO;818178;BRINDES;6;6;MATERIAIS DE MARKETING;MATERIAIS ADM;SEM CONSUMO;180;1
30;704;Rolandia - Ab. Aves;In Natura 3;17;REFEITORIO;ROTATIVO;263019;"MARMITA DESCARTAVEL;ISOPOR;S";8;500,7085714;MATERIAIS DE REFEITORIO;MATERIAIS ADM;SEM CONSUMO;180;1
30;704;Rolandia - Ab. Aves;In Natura 3;19;MATERIAIS DE LABORATÓRIO;ROTATIVO;179059;"SOLUCAO TAMPAO P/PHMETRO;10,";1;490,54;MATERIAIS DE LABORATORIO;AUXILIARES DA INDUSTRIA;SEM CONSUMO;180;1
30;704;Rolandia - Ab. Aves;In Natura 3;19;MATERIAIS DE LABORATÓRIO;ROTATIVO;310170;SORO IDENTIFICACAO BACTERIAN;1;1047,81;MATERIAIS DE LABORATORIO;AUXILIARES DA INDUSTRIA;SEM CONSUMO;180;1
30;704;Rolandia - Ab. Aves;In Natura 3;19;MATERIAIS DE LABORATÓRIO;ROTATIVO;327452;ETILENOGLICOL LIQUIDO;2;269,96;MATERIAIS DE LABORATORIO;AUXILIARES DA INDUSTRIA;SEM CONSUMO;180;1
30;704;Rolandia - Ab. Aves;In Natura 3;19;MATERIAIS DE LABORATÓRIO;ROTATIVO;351005;SUPLEMENTO P/MEIO CULT SUBST;1;957,88;MATERIAIS DE LABORATORIO;AUXILIARES DA INDUSTRIA;SEM CONSUMO;180;1
30;704;Rolandia - Ab. Aves;In Natura 3;19;MATERIAIS DE LABORATÓRIO;ROTATIVO;363026;MEIO CULTURA SUBSTANCIA AGAR;1;705,845;MATERIAIS DE LABORATORIO;AUXILIARES DA INDUSTRIA;SEM CONSUMO;180;1
30;704;Rolandia - Ab. Aves;In Natura 3;19;MATERIAIS DE LABORATÓRIO;ROTATIVO;394691;DISCO ESPECIFICO 6493 3M;1;708,865;MATERIAIS DE LABORATORIO;AUXILIARES DA INDUSTRIA;SEM CONSUMO;180;1
30;704;Rolandia - Ab. Aves;In Natura 3;19;MATERIAIS DE LABORATÓRIO;ROTATIVO;395991;MRC SOLUCAO TAMPAO PH 6,86 G;1;443,95;MATERIAIS DE LABORATORIO;AUXILIARES DA INDUSTRIA;SEM CONSUMO;180;1
30;704;Rolandia - Ab. Aves;In Natura 3;19;MATERIAIS DE LABORATÓRIO;ROTATIVO;402463;SUPLEMENTO P/MEIO CULT SUBST;2;1289,5;MATERIAIS DE LABORATORIO;AUXILIARES DA INDUSTRIA;SEM CONSUMO;180;1
30;704;Rolandia - Ab. Aves;In Natura 3;19;MATERIAIS DE LABORATÓRIO;ROTATIVO;402653;KIT DETECTOR BACTERIA/VIRUS;1;347,08;MATERIAIS DE LABORATORIO;AUXILIARES DA INDUSTRIA;SEM CONSUMO;180;1
30;704;Rolandia - Ab. Aves;In Natura 3;19;MATERIAIS DE LABORATÓRIO;ROTATIVO;411232;SORO IDENTIFICACAO BACTERIAN;2;1732,81;MATERIAIS DE LABORATORIO;AUXILIARES DA INDUSTRIA;SEM CONSUMO;180;1
30;704;Rolandia - Ab. Aves;In Natura 3;19;MATERIAIS DE LABORATÓRIO;ROTATIVO;418600;MEIO CULTURA SUBSTANCIA CALD;1;417,64;MATERIAIS DE LABORATORIO;AUXILIARES DA INDUSTRIA;SEM CONSUMO;180;1
30;704;Rolandia - Ab. Aves;In Natura 3;19;MATERIAIS DE LABORATÓRIO;ROTATIVO;438530;MEIO CULTURA SUBSTANCIA CHRO;4;3710,753475;MATERIAIS DE LABORATORIO;AUXILIARES DA INDUSTRIA;SEM CONSUMO;180;1
30;704;Rolandia - Ab. Aves;In Natura 3;19;MATERIAIS DE LABORATÓRIO;ROTATIVO;442656;MEIO CULTURA SUBSTANCIA EXTR;1;159,28;MATERIAIS DE LABORATORIO;AUXILIARES DA INDUSTRIA;SEM CONSUMO;180;1
30;704;Rolandia - Ab. Aves;In Natura 3;19;MATERIAIS DE LABORATÓRIO;ROTATIVO;481545;MEIO CULTURA SUBSTANCIA AGAR;3;1309,155;MATERIAIS DE LABORATORIO;AUXILIARES DA INDUSTRIA;SEM CONSUMO;180;1
30;704;Rolandia - Ab. Aves;In Natura 3;19;MATERIAIS DE LABORATÓRIO;ROTATIVO;498077;SORO IDENTIFICACAO BACTERIAN;2;1934,93;MATERIAIS DE LABORATORIO;AUXILIARES DA INDUSTRIA;SEM CONSUMO;180;1
30;704;Rolandia - Ab. Aves;In Natura 3;19;MATERIAIS DE LABORATÓRIO;ROTATIVO;498100;SORO IDENTIFICACAO BACTERIAN;1;1270,875;MATERIAIS DE LABORATORIO;AUXILIARES DA INDUSTRIA;SEM CONSUMO;180;1
30;704;Rolandia - Ab. Aves;In Natura 3;19;MATERIAIS DE LABORATÓRIO;ROTATIVO;498101;SORO IDENTIFICACAO BACTERIAN;2;2535,49;MATERIAIS DE LABORATORIO;AUXILIARES DA INDUSTRIA;SEM CONSUMO;180;1
30;704;Rolandia - Ab. Aves;In Natura 3;19;MATERIAIS DE LABORATÓRIO;ROTATIVO;500669;MEIO CULTURA SUBSTANCIA RAPI;2;1821,44;MATERIAIS DE LABORATORIO;AUXILIARES DA INDUSTRIA;SEM CONSUMO;180;1
30;704;Rolandia - Ab. Aves;In Natura 3;19;MATERIAIS DE LABORATÓRIO;ROTATIVO;500826;SUPLEMENTO P/MEIO CULT SUBST;2;2379,533333;MATERIAIS DE LABORATORIO;AUXILIARES DA INDUSTRIA;SEM CONSUMO;180;1
30;704;Rolandia - Ab. Aves;In Natura 3;19;MATERIAIS DE LABORATÓRIO;ROTATIVO;505521;PAPEL FILTRO QUALITATIVO FLU;5;631,89;MATERIAIS DE LABORATORIO;AUXILIARES DA INDUSTRIA;SEM CONSUMO;180;1
30;704;Rolandia - Ab. Aves;In Natura 3;19;MATERIAIS DE LABORATÓRIO;ROTATIVO;535018;MEIO CULTURA SUBSTANCIA PLAT;1;18,87544444;MATERIAIS DE LABORATORIO;AUXILIARES DA INDUSTRIA;SEM CONSUMO;180;1
30;704;Rolandia - Ab. Aves;In Natura 3;19;MATERIAIS DE LABORATÓRIO;ROTATIVO;541086;SORO IDENTIFICACAO BACTERIAN;1;1017,93;MATERIAIS DE LABORATORIO;AUXILIARES DA INDUSTRIA;SEM CONSUMO;180;1
30;704;Rolandia - Ab. Aves;In Natura 3;19;MATERIAIS DE LABORATÓRIO;ROTATIVO;541089;SORO IDENTIFICACAO BACTERIAN;2;2315,744024;MATERIAIS DE LABORATORIO;AUXILIARES DA INDUSTRIA;SEM CONSUMO;180;1
30;704;Rolandia - Ab. Aves;In Natura 3;19;MATERIAIS DE LABORATÓRIO;ROTATIVO;541096;SORO IDENTIFICACAO BACTERIAN;1;951,49;MATERIAIS DE LABORATORIO;AUXILIARES DA INDUSTRIA;SEM CONSUMO;180;1
30;704;Rolandia - Ab. Aves;In Natura 3;19;MATERIAIS DE LABORATÓRIO;ROTATIVO;569950;MEIO CULTURA SUBSTANCIA PLAT;1;301,49;MATERIAIS DE LABORATORIO;AUXILIARES DA INDUSTRIA;SEM CONSUMO;180;1
30;704;Rolandia - Ab. Aves;In Natura 3;19;MATERIAIS DE LABORATÓRIO;ROTATIVO;576394;GLICERINA LIQUIDO CLARO GLIC;2;2884,74;MATERIAIS DE LABORATORIO;AUXILIARES DA INDUSTRIA;SEM CONSUMO;180;1
30;704;Rolandia - Ab. Aves;In Natura 3;19;MATERIAIS DE LABORATÓRIO;ROTATIVO;586092;SOLUCAO PADRAO ACIDO CLORIDR;1;210,57;MATERIAIS DE LABORATORIO;AUXILIARES DA INDUSTRIA;SEM CONSUMO;180;1
30;704;Rolandia - Ab. Aves;In Natura 3;19;MATERIAIS DE LABORATÓRIO;ROTATIVO;663518;"MEIO CULTURA;CALDO BRUCELLA";1;2130,58;MATERIAIS DE LABORATORIO;AUXILIARES DA INDUSTRIA;SEM CONSUMO;180;1
30;704;Rolandia - Ab. Aves;In Natura 3;19;MATERIAIS DE LABORATÓRIO;ROTATIVO;713146;"MEIO CULTURA;AGAR;FR 500G;ME";6;4015,902857;MATERIAIS DE LABORATORIO;AUXILIARES DA INDUSTRIA;SEM CONSUMO;180;1
30;704;Rolandia - Ab. Aves;In Natura 3;19;MATERIAIS DE LABORATÓRIO;ROTATIVO;782860;"MEIO CULTURA;SKIM MILK AGGLO";1;163,69;MATERIAIS DE LABORATORIO;AUXILIARES DA INDUSTRIA;SEM CONSUMO;180;1
30;704;Rolandia - Ab. Aves;In Natura 3;19;MATERIAIS DE LABORATÓRIO;ROTATIVO;799335;MEIO CULTURA SUBSTANCIA AGAR;3;2015,414;MATERIAIS DE LABORATORIO;AUXILIARES DA INDUSTRIA;SEM CONSUMO;180;1
30;704;Rolandia - Ab. Aves;In Natura 3;19;MATERIAIS DE LABORATÓRIO;ROTATIVO;799360;MEIO CULTURA SUBSTANCIA CALD;1;353,11;MATERIAIS DE LABORATORIO;AUXILIARES DA INDUSTRIA;SEM CONSUMO;180;1
30;704;Rolandia - Ab. Aves;In Natura 3;19;MATERIAIS DE LABORATÓRIO;ROTATIVO;799882;MEIO CULTURA SUBSTANCIA AGAR;2;623,88;MATERIAIS DE LABORATORIO;AUXILIARES DA INDUSTRIA;SEM CONSUMO;180;1
30;704;Rolandia - Ab. Aves;In Natura 3;19;MATERIAIS DE LABORATÓRIO;ROTATIVO;805335;METABISSULFITO SOD- NA2O5S2;2;249,63;MATERIAIS DE LABORATORIO;AUXILIARES DA INDUSTRIA;SEM CONSUMO;180;1
30;704;Rolandia - Ab. Aves;In Natura 3;19;MATERIAIS DE LABORATÓRIO;ROTATIVO;872563;SOLUCAO CLORETO POTASSIO 3MO;1;539,86;MATERIAIS DE LABORATORIO;AUXILIARES DA INDUSTRIA;SEM CONSUMO;180;1
30;704;Rolandia - Ab. Aves;In Natura 3;19;MATERIAIS DE LABORATÓRIO;ROTATIVO;979881;"OLEO IMERSAO;MICROSCOPIA;100";3;886,91;MATERIAIS DE LABORATORIO;AUXILIARES DA INDUSTRIA;SEM CONSUMO;180;1
30;704;Rolandia - Ab. Aves;In Natura 3;100;LINHA DE PRODUCAO;ROTATIVO;438910;ETIQUETA AD EX BL-09;6000;612,91236;EMBALAGENS P/ INDUSTRIA;EMBALAGENS;SEM CONSUMO;180;1
30;704;Rolandia - Ab. Aves;In Natura 3;101;LINHA DE PRODUCAO ALIMENTOS PREPARADOS;ROTATIVO;11595;CORANTE NAT. OLEOR. PAPRICA;8,28;1909,651831;ADITIVOS E CONDIMENTOS;ADITIVOS E CONDIMENTOS;SEM CONSUMO;180;1
30;704;Rolandia - Ab. Aves;In Natura 3;101;LINHA DE PRODUCAO ALIMENTOS PREPARADOS;ROTATIVO;72584;FL TP IMP  345X0,07 9890;8100;8563,600179;EMBALAGENS P/ INDUSTRIA;EMBALAGENS;SEM CONSUMO;180;1
30;704;Rolandia - Ab. Aves;In Natura 3;101;LINHA DE PRODUCAO ALIMENTOS PREPARADOS;ROTATIVO;75406;CX PAP 385X140X160 ROL;1150;2241,19886;EMBALAGENS P/ INDUSTRIA;EMBALAGENS;SEM CONSUMO;180;1
30;704;Rolandia - Ab. Aves;In Natura 3;101;LINHA DE PRODUCAO ALIMENTOS PREPARADOS;ROTATIVO;80928;FL TP IMP  295X0,07 990886;136010;93751,85221;EMBALAGENS P/ INDUSTRIA;EMBALAGENS;SEM CONSUMO;180;1
30;704;Rolandia - Ab. Aves;In Natura 3;150;MATERIAIS PARA DESCARTE ( EMBALAGENS E CONDIMENTOS );ROTATIVO;65931;SACO MATERIAL DIRETO PE BD P;2000;1680,5293;EMBALAGENS P/ INDUSTRIA;EMBALAGENS;SEM CONSUMO;180;1
30;704;Rolandia - Ab. Aves;In Natura 3;601;EMBALAGENS;ROTATIVO;22307;ETIQ ADV BRANCA ME 85X50 MM;20000;648,46;EMBALAGENS P/ INDUSTRIA;EMBALAGENS;SEM CONSUMO;180;1
30;704;Rolandia - Ab. Aves;In Natura 3;601;EMBALAGENS;ROTATIVO;75405;CX PAP 385X140X160 ROL;5567;17078,91;EMBALAGENS P/ INDUSTRIA;EMBALAGENS;SEM CONSUMO;180;1
30;704;Rolandia - Ab. Aves;In Natura 3;601;EMBALAGENS;ROTATIVO;75406;CX PAP 385X140X160 ROL;9675;18262,81422;EMBALAGENS P/ INDUSTRIA;EMBALAGENS;SEM CONSUMO;180;1
30;704;Rolandia - Ab. Aves;In Natura 3;601;EMBALAGENS;ROTATIVO;81772;CX PAP 385X170X165 ROL;4500;11155,79699;EMBALAGENS P/ INDUSTRIA;EMBALAGENS;SEM CONSUMO;180;1
30;704;Rolandia - Ab. Aves;In Natura 3;601;EMBALAGENS;ROTATIVO;379430;FITA TERMOTRANSFERENCIA M.D.;59;937,7910092;EMBALAGENS P/ INDUSTRIA;EMBALAGENS;SEM CONSUMO;180;1
30;704;Rolandia - Ab. Aves;In Natura 3;601;EMBALAGENS;ROTATIVO;463038;FOLHA MAT DIR PEAD AZUL LARG;500;260,62284;EMBALAGENS P/ INDUSTRIA;EMBALAGENS;SEM CONSUMO;180;1
30;704;Rolandia - Ab. Aves;In Natura 3;602;MANUTENÇÃO;ROTATIVO;7126;"ROLAMENTO FIXO ESF;35X62X14M";3;331,4925;PECAS REPOSICAO MECANICA;MANUTENÇÃO;SEM CONSUMO;180;1
30;704;Rolandia - Ab. Aves;In Natura 3;602;MANUTENÇÃO;ROTATIVO;59404;ADESIVO INDUSTRIAL CONTAT BI;2;102,61;PECAS REPOSICAO HIDRAULICA;MANUTENÇÃO;SEM CONSUMO;180;1
30;704;Rolandia - Ab. Aves;In Natura 3;602;MANUTENÇÃO;ROTATIVO;60333;"ROLAMENTO FIXO ESF;12X20X42M";6;492,11;PECAS REPOSICAO MECANICA;MANUTENÇÃO;SEM CONSUMO;180;1
30;704;Rolandia - Ab. Aves;In Natura 3;602;MANUTENÇÃO;ROTATIVO;62125;"PARAFUSO;ISHIDA/000010614809";12;129,14;PECAS REPOSICAO MECANICA;MANUTENÇÃO;SEM CONSUMO;180;1
30;704;Rolandia - Ab. Aves;In Natura 3;602;MANUTENÇÃO;ROTATIVO;90510;"FONTE;ISHIDA/000131726805";4;4457,06;PECAS REPOSICAO MECANICA;MANUTENÇÃO;SEM CONSUMO;180;1
30;704;Rolandia - Ab. Aves;In Natura 3;602;MANUTENÇÃO;ROTATIVO;92373;"CORREIA;ULMA/9375524";1;218,35;PECAS REPOSICAO MECANICA;MANUTENÇÃO;SEM CONSUMO;180;1
30;704;Rolandia - Ab. Aves;In Natura 3;602;MANUTENÇÃO;ROTATIVO;93652;"BORNE;TORFRESMA/3544973";30;862,28;PECAS REPOSICAO MECANICA;MANUTENÇÃO;SEM CONSUMO;180;1
30;704;Rolandia - Ab. Aves;In Natura 3;602;MANUTENÇÃO;ROTATIVO;103257;REBOLO FORMATO RETO FACE A M;1;185,7;PECAS REPOSICAO MECANICA;MANUTENÇÃO;SEM CONSUMO;180;1
30;704;Rolandia - Ab. Aves;In Natura 3;602;MANUTENÇÃO;ROTATIVO;116651;"ROLAMENTO;GEA/00117305100";2;2556,29;PECAS REPOSICAO MECANICA;MANUTENÇÃO;SEM CONSUMO;180;1
30;704;Rolandia - Ab. Aves;In Natura 3;602;MANUTENÇÃO;ROTATIVO;120183;"EMENDA P/EST MET;CLIP;AISI30";11;415,8825;PECAS REPOSICAO MECANICA;MANUTENÇÃO;SEM CONSUMO;180;1
30;704;Rolandia - Ab. Aves;In Natura 3;602;MANUTENÇÃO;ROTATIVO;130593;"CONECTOR P/SENSOR;ANGULO 90G";2;279,3666667;PECAS REPOSICAO ELETRICA;MANUTENÇÃO;SEM CONSUMO;180;1
30;704;Rolandia - Ab. Aves;In Natura 3;602;MANUTENÇÃO;ROTATIVO;136334;"PLACA;ISHIDA/100020897403";1;9653,29;PECAS REPOSICAO MECANICA;MANUTENÇÃO;SEM CONSUMO;180;1
30;704;Rolandia - Ab. Aves;In Natura 3;602;MANUTENÇÃO;ROTATIVO;139224;"ROLAMENTO;ABB/3HAA210313";5;7828,37;PECAS REPOSICAO MECANICA;MANUTENÇÃO;SEM CONSUMO;180;1
30;704;Rolandia - Ab. Aves;In Natura 3;602;MANUTENÇÃO;ROTATIVO;140726;"ROLAMENTO;VIKING/20550063750";1;476,54;PECAS REPOSICAO MECANICA;MANUTENÇÃO;SEM CONSUMO;180;1
30;704;Rolandia - Ab. Aves;In Natura 3;602;MANUTENÇÃO;ROTATIVO;141420;"EMENDA;JBT JOHN BEAN/303171A";6;151,18;PECAS REPOSICAO MECANICA;MANUTENÇÃO;SEM CONSUMO;180;1
30;704;Rolandia - Ab. Aves;In Natura 3;602;MANUTENÇÃO;ROTATIVO;146775;"ARRUELA;ISHIDA/000144439900";16;322,29;PECAS REPOSICAO MECANICA;MANUTENÇÃO;SEM CONSUMO;180;1
30;704;Rolandia - Ab. Aves;In Natura 3;602;MANUTENÇÃO;ROTATIVO;147592;"MANGUEIRA;TORFRESMA/3749604";2;14403,42;PECAS REPOSICAO MECANICA;MANUTENÇÃO;SEM CONSUMO;180;1
30;704;Rolandia - Ab. Aves;In Natura 3;602;MANUTENÇÃO;ROTATIVO;148209;"RETENTOR;ABB/3HAB370135";1;263,42;PECAS REPOSICAO MECANICA;MANUTENÇÃO;SEM CONSUMO;180;1
30;704;Rolandia - Ab. Aves;In Natura 3;602;MANUTENÇÃO;ROTATIVO;154496;"PARAFUSO;PROVISUR/045146A";4;286,0656618;PECAS REPOSICAO MECANICA;MANUTENÇÃO;SEM CONSUMO;180;1
30;704;Rolandia - Ab. Aves;In Natura 3;602;MANUTENÇÃO;ROTATIVO;156608;"ROLAMENTO FIXO ESFERAS;40X80";4;312,2225;PECAS REPOSICAO MECANICA;MANUTENÇÃO;SEM CONSUMO;180;1
30;704;Rolandia - Ab. Aves;In Natura 3;602;MANUTENÇÃO;ROTATIVO;160765;"VALVULA DIRECIONAL;5/2 VIAS;";1;1237,28;PECAS REPOSICAO MECANICA;MANUTENÇÃO;SEM CONSUMO;180;1
30;704;Rolandia - Ab. Aves;In Natura 3;602;MANUTENÇÃO;ROTATIVO;161232;"ABRACADEIRA;JBT JOHN BEAN/55";2;234,640402;PECAS REPOSICAO MECANICA;MANUTENÇÃO;SEM CONSUMO;180;1
30;704;Rolandia - Ab. Aves;In Natura 3;602;MANUTENÇÃO;ROTATIVO;165431;CORREIA SINCRONIZADORA FECHA;7;823,1344898;PECAS REPOSICAO MECANICA;MANUTENÇÃO;SEM CONSUMO;180;1
30;704;Rolandia - Ab. Aves;In Natura 3;602;MANUTENÇÃO;ROTATIVO;165945;VALVULA REGULADORA DE PRESSA;2;660,92;PECAS REPOSICAO MECANICA;MANUTENÇÃO;SEM CONSUMO;180;1
30;704;Rolandia - Ab. Aves;In Natura 3;602;MANUTENÇÃO;ROTATIVO;165968;"VEDACAO;FESSMANN/1570706";4;1457,969964;PECAS REPOSICAO MECANICA;MANUTENÇÃO;SEM CONSUMO;180;1
30;704;Rolandia - Ab. Aves;In Natura 3;602;MANUTENÇÃO;ROTATIVO;166707;"CAIXA P/ROLAM;MONOBLOCO;PEDE";1;321,44;PECAS REPOSICAO MECANICA;MANUTENÇÃO;SEM CONSUMO;180;1
30;704;Rolandia - Ab. Aves;In Natura 3;602;MANUTENÇÃO;ROTATIVO;168145;"PARAFUSO;FESSMANN/1571279";8;28,49999936;PECAS REPOSICAO MECANICA;MANUTENÇÃO;SEM CONSUMO;180;1
30;704;Rolandia - Ab. Aves;In Natura 3;602;MANUTENÇÃO;ROTATIVO;173453;"ABRACADEIRA;PROVISUR/906865";1;243,4755382;PECAS REPOSICAO MECANICA;MANUTENÇÃO;SEM CONSUMO;180;1
30;704;Rolandia - Ab. Aves;In Natura 3;602;MANUTENÇÃO;ROTATIVO;174368;"ROLAMENTO FIXO ESF;17X47X14M";5;134,5;PECAS REPOSICAO MECANICA;MANUTENÇÃO;SEM CONSUMO;180;1
30;704;Rolandia - Ab. Aves;In Natura 3;602;MANUTENÇÃO;ROTATIVO;175340;ROLAMENTO RIGIDO ESFERA GYE3;4;252,4;PECAS REPOSICAO MECANICA;MANUTENÇÃO;SEM CONSUMO;180;1
30;704;Rolandia - Ab. Aves;In Natura 3;602;MANUTENÇÃO;ROTATIVO;177643;"CORREIA SINCRONIZ;PASSO 12,7";1;90,73;PECAS REPOSICAO MECANICA;MANUTENÇÃO;SEM CONSUMO;180;1
30;704;Rolandia - Ab. Aves;In Natura 3;602;MANUTENÇÃO;ROTATIVO;177721;"PARAFUSO;JBT JOHN BEAN/40000";396;5351,370002;PECAS REPOSICAO MECANICA;MANUTENÇÃO;SEM CONSUMO;180;1
30;704;Rolandia - Ab. Aves;In Natura 3;602;MANUTENÇÃO;ROTATIVO;181973;"ROLAMENTO;ABB/3HAC33114";2;3239,29;PECAS REPOSICAO MECANICA;MANUTENÇÃO;SEM CONSUMO;180;1
30;704;Rolandia - Ab. Aves;In Natura 3;602;MANUTENÇÃO;ROTATIVO;185074;"ABRACADEIRA;TORFRESMA/384128";2;582,2235597;PECAS REPOSICAO MECANICA;MANUTENÇÃO;SEM CONSUMO;180;1
30;704;Rolandia - Ab. Aves;In Natura 3;602;MANUTENÇÃO;ROTATIVO;194689;"ROLAMENTO;SEW/13241281";3;301,19;PECAS REPOSICAO MECANICA;MANUTENÇÃO;SEM CONSUMO;180;1
30;704;Rolandia - Ab. Aves;In Natura 3;602;MANUTENÇÃO;ROTATIVO;196761;"SENSOR MAGNETICO P/CILINDRO;";4;480,9184;PECAS REPOSICAO ELETRICA;MANUTENÇÃO;SEM CONSUMO;180;1
30;704;Rolandia - Ab. Aves;In Natura 3;602;MANUTENÇÃO;ROTATIVO;198631;"CORREIA SINCRONIZADORA;PASSO";1;171,89;PECAS REPOSICAO MECANICA;MANUTENÇÃO;SEM CONSUMO;180;1
30;704;Rolandia - Ab. Aves;In Natura 3;602;MANUTENÇÃO;ROTATIVO;203361;"ROLAMENTO;ABB/3HAC37151";2;5182,89;PECAS REPOSICAO MECANICA;MANUTENÇÃO;SEM CONSUMO;180;1
30;704;Rolandia - Ab. Aves;In Natura 3;602;MANUTENÇÃO;ROTATIVO;207477;"ROLAMENTO;ABB/2213380211";2;458,87;PECAS REPOSICAO MECANICA;MANUTENÇÃO;SEM CONSUMO;180;1
30;704;Rolandia - Ab. Aves;In Natura 3;602;MANUTENÇÃO;ROTATIVO;215812;"BICO GRAXEIRO;ANGULAR 45GR;5";109;1675,750145;PECAS REPOSICAO HIDRAULICA;MANUTENÇÃO;SEM CONSUMO;180;1
30;704;Rolandia - Ab. Aves;In Natura 3;602;MANUTENÇÃO;ROTATIVO;220743;"JUNTA;SEW/01355635";2;44,13;PECAS REPOSICAO MECANICA;MANUTENÇÃO;SEM CONSUMO;180;1
30;704;Rolandia - Ab. Aves;In Natura 3;602;MANUTENÇÃO;ROTATIVO;221747;"BLOCO CONT AUX P/DISJ;1NA;WE";4;189,12;PECAS REPOSICAO ELETRICA;MANUTENÇÃO;SEM CONSUMO;180;1
30;704;Rolandia - Ab. Aves;In Natura 3;602;MANUTENÇÃO;ROTATIVO;226691;"EMENDA;JBT JOHN BEAN/4036000";5;102,8;PECAS REPOSICAO MECANICA;MANUTENÇÃO;SEM CONSUMO;180;1
30;704;Rolandia - Ab. Aves;In Natura 3;602;MANUTENÇÃO;ROTATIVO;236386;"ROLAMENTO;PROVISUR/222317";15;2656,1025;PECAS REPOSICAO MECANICA;MANUTENÇÃO;SEM CONSUMO;180;1
30;704;Rolandia - Ab. Aves;In Natura 3;602;MANUTENÇÃO;ROTATIVO;239797;"MANGUEIRA;PROVISUR/1034682";1;502,63139;PECAS REPOSICAO MECANICA;MANUTENÇÃO;SEM CONSUMO;180;1
30;704;Rolandia - Ab. Aves;In Natura 3;602;MANUTENÇÃO;ROTATIVO;244788;"BORRACHA;MONTEMIL/20270028";10;6196,74;PECAS REPOSICAO MECANICA;MANUTENÇÃO;SEM CONSUMO;180;1
30;704;Rolandia - Ab. Aves;In Natura 3;602;MANUTENÇÃO;ROTATIVO;247062;"ROLAMENTO FIXO ESF;140X175X1";2;644,74;PECAS REPOSICAO MECANICA;MANUTENÇÃO;SEM CONSUMO;180;1
30;704;Rolandia - Ab. Aves;In Natura 3;602;MANUTENÇÃO;ROTATIVO;247700;"CORREIA V PERFIL;CX;22X14X37";10;1024,41;PECAS REPOSICAO MECANICA;MANUTENÇÃO;SEM CONSUMO;180;1
30;704;Rolandia - Ab. Aves;In Natura 3;602;MANUTENÇÃO;ROTATIVO;248536;"VALVULA DIREC;5/3VIAS;ACION";1;228,15;PECAS REPOSICAO ELETRICA;MANUTENÇÃO;SEM CONSUMO;180;1
30;704;Rolandia - Ab. Aves;In Natura 3;602;MANUTENÇÃO;ROTATIVO;250938;"ROLAMENTO;GEA/00110210670";1;2826,71;PECAS REPOSICAO MECANICA;MANUTENÇÃO;SEM CONSUMO;180;1
30;704;Rolandia - Ab. Aves;In Natura 3;602;MANUTENÇÃO;ROTATIVO;253472;"BUCHA FIX ROLAMENTO;EIXO 45M";4;233,14;PECAS REPOSICAO MECANICA;MANUTENÇÃO;SEM CONSUMO;180;1
30;704;Rolandia - Ab. Aves;In Natura 3;602;MANUTENÇÃO;ROTATIVO;255551;"EMENDA;JBT JOHN BEAN/300964A";6;85,11;PECAS REPOSICAO MECANICA;MANUTENÇÃO;SEM CONSUMO;180;1
30;704;Rolandia - Ab. Aves;In Natura 3;602;MANUTENÇÃO;ROTATIVO;259098;"CAIXA P/ROLAM;MONOBLOCO;FERR";2;181,58;PECAS REPOSICAO MECANICA;MANUTENÇÃO;SEM CONSUMO;180;1
30;704;Rolandia - Ab. Aves;In Natura 3;602;MANUTENÇÃO;ROTATIVO;259160;BROCA HELICOIDAL MATERIAL AC;2;122,9566667;PECAS REPOSICAO MECANICA;MANUTENÇÃO;SEM CONSUMO;180;1
30;704;Rolandia - Ab. Aves;In Natura 3;602;MANUTENÇÃO;ROTATIVO;261024;"ROLAMENTO ROL CONIC;55X95X29";4;976,532;PECAS REPOSICAO MECANICA;MANUTENÇÃO;SEM CONSUMO;180;1
30;704;Rolandia - Ab. Aves;In Natura 3;602;MANUTENÇÃO;ROTATIVO;263344;"ROLAMENTO AGULHAS;20X28X13MM";2;113,99;PECAS REPOSICAO MECANICA;MANUTENÇÃO;SEM CONSUMO;180;1
30;704;Rolandia - Ab. Aves;In Natura 3;602;MANUTENÇÃO;ROTATIVO;263549;"VALVULA HIDRAL DIREC;4/3 VIA";1;1261,24;PECAS REPOSICAO ELETRICA;MANUTENÇÃO;SEM CONSUMO;180;1
30;704;Rolandia - Ab. Aves;In Natura 3;602;MANUTENÇÃO;ROTATIVO;264718;"ABRACADEIRA TC;AISI304;1 1/2";2;81,52;PECAS REPOSICAO MECANICA;MANUTENÇÃO;SEM CONSUMO;180;1
30;704;Rolandia - Ab. Aves;In Natura 3;602;MANUTENÇÃO;ROTATIVO;265491;"MANGUEIRA;COZZINI/80560";2;1937,14;PECAS REPOSICAO MECANICA;MANUTENÇÃO;SEM CONSUMO;180;1
30;704;Rolandia - Ab. Aves;In Natura 3;602;MANUTENÇÃO;ROTATIVO;270771;"RELE SEGURANCA;24V;10MA;SCHM";2;1141,09;PECAS REPOSICAO ELETRICA;MANUTENÇÃO;SEM CONSUMO;180;1
30;704;Rolandia - Ab. Aves;In Natura 3;602;MANUTENÇÃO;ROTATIVO;273687;"MANGUEIRA;COZZINI/80590";2;3266,32;PECAS REPOSICAO MECANICA;MANUTENÇÃO;SEM CONSUMO;180;1
30;704;Rolandia - Ab. Aves;In Natura 3;602;MANUTENÇÃO;ROTATIVO;278954;"ESTEIRA MODULAR RETA;457MM;I";8;5186,356431;PECAS REPOSICAO MECANICA;MANUTENÇÃO;SEM CONSUMO;180;1
30;704;Rolandia - Ab. Aves;In Natura 3;602;MANUTENÇÃO;ROTATIVO;282219;"ROLAMENTO FIXO ESF;70X150X35";1;259,22;PECAS REPOSICAO MECANICA;MANUTENÇÃO;SEM CONSUMO;180;1
30;704;Rolandia - Ab. Aves;In Natura 3;602;MANUTENÇÃO;ROTATIVO;290763;"ANEL;HANDTMANN/890212";6;204,47;PECAS REPOSICAO MECANICA;MANUTENÇÃO;SEM CONSUMO;180;1
30;704;Rolandia - Ab. Aves;In Natura 3;602;MANUTENÇÃO;ROTATIVO;300017;CLIP P/CABO ACO TIPO GRAMPO;8;107,9;PECAS REPOSICAO MECANICA;MANUTENÇÃO;SEM CONSUMO;180;1
30;704;Rolandia - Ab. Aves;In Natura 3;602;MANUTENÇÃO;ROTATIVO;301645;DISCO CORTE OXIDO ALUMINIO 2;25;205,9857955;PECAS REPOSICAO MECANICA;MANUTENÇÃO;SEM CONSUMO;180;1
30;704;Rolandia - Ab. Aves;In Natura 3;602;MANUTENÇÃO;ROTATIVO;301957;SELO MECANICO DIAM. 1/2;2;18;PECAS REPOSICAO MECANICA;MANUTENÇÃO;SEM CONSUMO;180;1
30;704;Rolandia - Ab. Aves;In Natura 3;602;MANUTENÇÃO;ROTATIVO;302686;RETENTOR BR MATERIAL BORRACH;4;80;PECAS REPOSICAO MECANICA;MANUTENÇÃO;SEM CONSUMO;180;1
30;704;Rolandia - Ab. Aves;In Natura 3;602;MANUTENÇÃO;ROTATIVO;327162;VALVULA ESFERA 2 VIAS TRIPAR;2;361,42;PECAS REPOSICAO MECANICA;MANUTENÇÃO;SEM CONSUMO;180;1
30;704;Rolandia - Ab. Aves;In Natura 3;602;MANUTENÇÃO;ROTATIVO;330123;RETENTOR 20X30X7;4;49,335;PECAS REPOSICAO MECANICA;MANUTENÇÃO;SEM CONSUMO;180;1
30;704;Rolandia - Ab. Aves;In Natura 3;602;MANUTENÇÃO;ROTATIVO;333102;CORRENTE ASA 60/1 INOX;4;986,79;PECAS REPOSICAO ELETRICA;MANUTENÇÃO;SEM CONSUMO;180;1
30;704;Rolandia - Ab. Aves;In Natura 3;602;MANUTENÇÃO;ROTATIVO;344939;MANCAL C/ROLAMENTO TIPO CARC;1;851,99;PECAS REPOSICAO MECANICA;MANUTENÇÃO;SEM CONSUMO;180;1
30;704;Rolandia - Ab. Aves;In Natura 3;602;MANUTENÇÃO;ROTATIVO;352404;"JUNTA;SEW/1355694";5;89,25;PECAS REPOSICAO ELETRICA;MANUTENÇÃO;SEM CONSUMO;180;1
30;704;Rolandia - Ab. Aves;In Natura 3;602;MANUTENÇÃO;ROTATIVO;356769;ABRACADEIRA TC MATERIAL ACO;2;379,8;PECAS REPOSICAO MECANICA;MANUTENÇÃO;SEM CONSUMO;180;1
30;704;Rolandia - Ab. Aves;In Natura 3;602;MANUTENÇÃO;ROTATIVO;364910;ROLAMENTO RIGIDO ESFERA 626;15;430,5188808;PECAS REPOSICAO MECANICA;MANUTENÇÃO;SEM CONSUMO;180;1
30;704;Rolandia - Ab. Aves;In Natura 3;602;MANUTENÇÃO;ROTATIVO;369658;CORREIA TRANSM V N SECAO UNI;6;859,66;PECAS REPOSICAO MECANICA;MANUTENÇÃO;SEM CONSUMO;180;1
30;704;Rolandia - Ab. Aves;In Natura 3;602;MANUTENÇÃO;ROTATIVO;371860;BOBINA P/VALVULA SOLENOIDE M;1;210,93;PECAS REPOSICAO ELETRICA;MANUTENÇÃO;SEM CONSUMO;180;1
30;704;Rolandia - Ab. Aves;In Natura 3;602;MANUTENÇÃO;ROTATIVO;373987;PERFIL ESPECIFICO 105400252;10;2055,46;PECAS REPOSICAO MECANICA;MANUTENÇÃO;SEM CONSUMO;180;1
30;704;Rolandia - Ab. Aves;In Natura 3;602;MANUTENÇÃO;ROTATIVO;374447;ROLAMENTO ESPECIFICO 105082;2;147,14;PECAS REPOSICAO MECANICA;MANUTENÇÃO;SEM CONSUMO;180;1
30;704;Rolandia - Ab. Aves;In Natura 3;602;MANUTENÇÃO;ROTATIVO;377630;BROCA HELICOIDAL MATERIAL AC;2;35,90642858;PECAS REPOSICAO MECANICA;MANUTENÇÃO;SEM CONSUMO;180;1
30;704;Rolandia - Ab. Aves;In Natura 3;602;MANUTENÇÃO;ROTATIVO;379017;CONECTOR RETO MATERIAL LATAO;10;23,6;PECAS REPOSICAO MECANICA;MANUTENÇÃO;SEM CONSUMO;180;1
30;704;Rolandia - Ab. Aves;In Natura 3;602;MANUTENÇÃO;ROTATIVO;379810;VALVULA ESFERA 2 VIAS TRIPAR;4;470,016;PECAS REPOSICAO MECANICA;MANUTENÇÃO;SEM CONSUMO;180;1
30;704;Rolandia - Ab. Aves;In Natura 3;602;MANUTENÇÃO;ROTATIVO;382138;CORRENTE ROL TIPO SIMPLES AC;5;276,88;PECAS REPOSICAO MECANICA;MANUTENÇÃO;SEM CONSUMO;180;1
30;704;Rolandia - Ab. Aves;In Natura 3;602;MANUTENÇÃO;ROTATIVO;389793;SELANTE BASE SILICONE COMPON;1;10,34409091;PECAS REPOSICAO CIVIL;MANUTENÇÃO;SEM CONSUMO;180;1
30;704;Rolandia - Ab. Aves;In Natura 3;602;MANUTENÇÃO;ROTATIVO;389867;JUNTA ESPECIFICO 01355627 SE;10;553,207;PECAS REPOSICAO MECANICA;MANUTENÇÃO;SEM CONSUMO;180;1
30;704;Rolandia - Ab. Aves;In Natura 3;602;MANUTENÇÃO;ROTATIVO;390261;BASE ESPECIFICO XVBC21 SCHNE;3;808,275;PECAS REPOSICAO ELETRICA;MANUTENÇÃO;SEM CONSUMO;180;1
30;704;Rolandia - Ab. Aves;In Natura 3;602;MANUTENÇÃO;ROTATIVO;391223;VALVULA ESFERA 2 VIAS TRIPAR;3;347,035;PECAS REPOSICAO MECANICA;MANUTENÇÃO;SEM CONSUMO;180;1
30;704;Rolandia - Ab. Aves;In Natura 3;602;MANUTENÇÃO;ROTATIVO;398021;VALVULA ESFERA 2 VIAS TRIPAR;5;865,1333334;PECAS REPOSICAO MECANICA;MANUTENÇÃO;SEM CONSUMO;180;1
30;704;Rolandia - Ab. Aves;In Natura 3;602;MANUTENÇÃO;ROTATIVO;401502;ABRACADEIRA TC MATERIAL ACO;2;141,66;PECAS REPOSICAO MECANICA;MANUTENÇÃO;SEM CONSUMO;180;1
30;704;Rolandia - Ab. Aves;In Natura 3;602;MANUTENÇÃO;ROTATIVO;402235;RETENTOR ESPECIFICO 0017758X;2;85,62;PECAS REPOSICAO MECANICA;MANUTENÇÃO;SEM CONSUMO;180;1
30;704;Rolandia - Ab. Aves;In Natura 3;602;MANUTENÇÃO;ROTATIVO;403035;CARREGADOR ESPECIFICO 100712;1;368,96;PECAS REPOSICAO MECANICA;MANUTENÇÃO;SEM CONSUMO;180;1
30;704;Rolandia - Ab. Aves;In Natura 3;602;MANUTENÇÃO;ROTATIVO;404636;"ESFERA;JOHN BEAN/305505A03";500;15911,11388;PECAS REPOSICAO MECANICA;MANUTENÇÃO;SEM CONSUMO;180;1
30;704;Rolandia - Ab. Aves;In Natura 3;602;MANUTENÇÃO;ROTATIVO;406047;VALVULA ESFERA 2 VIAS TRIPAR;4;1876,55;PECAS REPOSICAO MECANICA;MANUTENÇÃO;SEM CONSUMO;180;1
30;704;Rolandia - Ab. Aves;In Natura 3;602;MANUTENÇÃO;ROTATIVO;406584;CONTROLADOR LOGICO PROGRAMAV;1;23094,07;PECAS REPOSICAO ELETRICA;MANUTENÇÃO;SEM CONSUMO;180;1
30;704;Rolandia - Ab. Aves;In Natura 3;602;MANUTENÇÃO;ROTATIVO;406926;CORREIA TRANSM V N SECAO UNI;8;958,77;PECAS REPOSICAO MECANICA;MANUTENÇÃO;SEM CONSUMO;180;1
30;704;Rolandia - Ab. Aves;In Natura 3;602;MANUTENÇÃO;ROTATIVO;408308;"ROLAMENTO;BUSCH/0473103123";2;267,92;PECAS REPOSICAO MECANICA;MANUTENÇÃO;SEM CONSUMO;180;1
30;704;Rolandia - Ab. Aves;In Natura 3;602;MANUTENÇÃO;ROTATIVO;409602;"CAPA;ISHIDA/000057504812";6;774,89;PECAS REPOSICAO MECANICA;MANUTENÇÃO;SEM CONSUMO;180;1
30;704;Rolandia - Ab. Aves;In Natura 3;602;MANUTENÇÃO;ROTATIVO;413734;"CAIXA P/ROLAM;MONOBLOCO;FLG";2;575,72;PECAS REPOSICAO MECANICA;MANUTENÇÃO;SEM CONSUMO;180;1
30;704;Rolandia - Ab. Aves;In Natura 3;602;MANUTENÇÃO;ROTATIVO;421316;CONECTOR TEE MATERIAL PLASTI;5;39,60280706;PECAS REPOSICAO MECANICA;MANUTENÇÃO;SEM CONSUMO;180;1
30;704;Rolandia - Ab. Aves;In Natura 3;602;MANUTENÇÃO;ROTATIVO;437131;CORRENTE ROL TIPO SIMPLES AC;2;84,8;PECAS REPOSICAO MECANICA;MANUTENÇÃO;SEM CONSUMO;180;1
30;704;Rolandia - Ab. Aves;In Natura 3;602;MANUTENÇÃO;ROTATIVO;437443;VALVULA ESCAPE 3 VIAS ALUMIN;2;2683,62;PECAS REPOSICAO MECANICA;MANUTENÇÃO;SEM CONSUMO;180;1
30;704;Rolandia - Ab. Aves;In Natura 3;602;MANUTENÇÃO;ROTATIVO;452939;"ROLAMENTO FIXO ESF;35X72X17M";4;223,0575;PECAS REPOSICAO MECANICA;MANUTENÇÃO;SEM CONSUMO;180;1
30;704;Rolandia - Ab. Aves;In Natura 3;602;MANUTENÇÃO;ROTATIVO;470632;SENSOR FOTOELETRICO TENSAO 3;3;8028,8265;PECAS REPOSICAO ELETRICA;MANUTENÇÃO;SEM CONSUMO;180;1
30;704;Rolandia - Ab. Aves;In Natura 3;602;MANUTENÇÃO;ROTATIVO;472082;CONEXAO RAPIDA PASSA-MURO MA;2;69,1388889;PECAS REPOSICAO MECANICA;MANUTENÇÃO;SEM CONSUMO;180;1
30;704;Rolandia - Ab. Aves;In Natura 3;602;MANUTENÇÃO;ROTATIVO;480707;"REGULADOR VAZAO P/CILINDRO;1";5;471,37;PECAS REPOSICAO MECANICA;MANUTENÇÃO;SEM CONSUMO;180;1
30;704;Rolandia - Ab. Aves;In Natura 3;602;MANUTENÇÃO;ROTATIVO;502356;UNIAO ADAPTADOR RET LAT BR 3;2;58,8372;PECAS REPOSICAO HIDRAULICA;MANUTENÇÃO;SEM CONSUMO;180;1
30;704;Rolandia - Ab. Aves;In Natura 3;602;MANUTENÇÃO;ROTATIVO;504956;"ROLAMENTO FIXO ESF;20X52X15M";5;157,9083333;PECAS REPOSICAO MECANICA;MANUTENÇÃO;SEM CONSUMO;180;1
30;704;Rolandia - Ab. Aves;In Natura 3;602;MANUTENÇÃO;ROTATIVO;509948;ELEMENTO LUMINOSO MATERIAL C;3;1642,755;PECAS REPOSICAO MECANICA;MANUTENÇÃO;SEM CONSUMO;180;1
30;704;Rolandia - Ab. Aves;In Natura 3;602;MANUTENÇÃO;ROTATIVO;509951;ELEMENTO LUMINOSO MATERIAL C;3;1642,77;PECAS REPOSICAO ELETRICA;MANUTENÇÃO;SEM CONSUMO;180;1
30;704;Rolandia - Ab. Aves;In Natura 3;602;MANUTENÇÃO;ROTATIVO;509952;ELEMENTO LUMINOSO MATERIAL C;3;1642,755;PECAS REPOSICAO ELETRICA;MANUTENÇÃO;SEM CONSUMO;180;1
30;704;Rolandia - Ab. Aves;In Natura 3;602;MANUTENÇÃO;ROTATIVO;513250;KIT LIMPEZA APLICACAO IMPRES;1;940,6;PECAS REPOSICAO MECANICA;MANUTENÇÃO;SEM CONSUMO;180;1
30;704;Rolandia - Ab. Aves;In Natura 3;602;MANUTENÇÃO;ROTATIVO;513987;ROLAMENTO ESFERA CARGA RADIA;2;1473,29;PECAS REPOSICAO MECANICA;MANUTENÇÃO;SEM CONSUMO;180;1
30;704;Rolandia - Ab. Aves;In Natura 3;602;MANUTENÇÃO;ROTATIVO;517122;CHAVETA MATERIAL ACO INOX CO;2;19,24;PECAS REPOSICAO MECANICA;MANUTENÇÃO;SEM CONSUMO;180;1
30;704;Rolandia - Ab. Aves;In Natura 3;602;MANUTENÇÃO;ROTATIVO;517834;ROLAMENTO ESFERA RIGIDO CARG;2;240,38;PECAS REPOSICAO MECANICA;MANUTENÇÃO;SEM CONSUMO;180;1
30;704;Rolandia - Ab. Aves;In Natura 3;602;MANUTENÇÃO;ROTATIVO;520265;ABRACADEIRA TC MATERIAL ACO;2;87,2;PECAS REPOSICAO MECANICA;MANUTENÇÃO;SEM CONSUMO;180;1
30;704;Rolandia - Ab. Aves;In Natura 3;602;MANUTENÇÃO;ROTATIVO;521327;ROLAMENTO ROLO CONICO CARGA;4;283,96;PECAS REPOSICAO MECANICA;MANUTENÇÃO;SEM CONSUMO;180;1
30;704;Rolandia - Ab. Aves;In Natura 3;602;MANUTENÇÃO;ROTATIVO;526945;TELA FILTR ACO INOX C/MOLDUR;2;2640,32;PECAS REPOSICAO MECANICA;MANUTENÇÃO;SEM CONSUMO;180;1
30;704;Rolandia - Ab. Aves;In Natura 3;602;MANUTENÇÃO;ROTATIVO;527538;MODULO ACIONAMENTO MATERIAL;1;3030,45;PECAS REPOSICAO MECANICA;MANUTENÇÃO;SEM CONSUMO;180;1
30;704;Rolandia - Ab. Aves;In Natura 3;602;MANUTENÇÃO;ROTATIVO;527814;"RELE CIRCUITO IMPRESSO;1REV";4;609,592;PECAS REPOSICAO ELETRICA;MANUTENÇÃO;SEM CONSUMO;180;1
30;704;Rolandia - Ab. Aves;In Natura 3;602;MANUTENÇÃO;ROTATIVO;535762;ANEL ELASTICO EIXO NORMATIZA;10;16,00638;PECAS REPOSICAO MECANICA;MANUTENÇÃO;SEM CONSUMO;180;1
30;704;Rolandia - Ab. Aves;In Natura 3;602;MANUTENÇÃO;ROTATIVO;574395;"VALVULA DIRECIONAL;3/2 VIAS;";1;2379,06;PECAS REPOSICAO ELETRICA;MANUTENÇÃO;SEM CONSUMO;180;1
30;704;Rolandia - Ab. Aves;In Natura 3;602;MANUTENÇÃO;ROTATIVO;577667;ROLAMENTO ROLO CONICO CARGA;4;332;PECAS REPOSICAO MECANICA;MANUTENÇÃO;SEM CONSUMO;180;1
30;704;Rolandia - Ab. Aves;In Natura 3;602;MANUTENÇÃO;ROTATIVO;589129;ROLAMENTO ROLO CONICO CARGA;4;1752,48;PECAS REPOSICAO MECANICA;MANUTENÇÃO;SEM CONSUMO;180;1
30;704;Rolandia - Ab. Aves;In Natura 3;602;MANUTENÇÃO;ROTATIVO;589570;RETENTOR MATERIAL COMPOSTO B;4;264,61;PECAS REPOSICAO MECANICA;MANUTENÇÃO;SEM CONSUMO;180;1
30;704;Rolandia - Ab. Aves;In Natura 3;602;MANUTENÇÃO;ROTATIVO;595921;ROLAMENTO ESFERA RIGIDO CARG;4;711,2366667;PECAS REPOSICAO MECANICA;MANUTENÇÃO;SEM CONSUMO;180;1
30;704;Rolandia - Ab. Aves;In Natura 3;602;MANUTENÇÃO;ROTATIVO;600484;ROLAMENTO ESFERA CONTATO ANG;4;356,12;PECAS REPOSICAO MECANICA;MANUTENÇÃO;SEM CONSUMO;180;1
30;704;Rolandia - Ab. Aves;In Natura 3;602;MANUTENÇÃO;ROTATIVO;610849;"CABO P/SENSOR;5X0,34MM2;ISOL";2;1034,475;PECAS REPOSICAO ELETRICA;MANUTENÇÃO;SEM CONSUMO;180;1
30;704;Rolandia - Ab. Aves;In Natura 3;602;MANUTENÇÃO;ROTATIVO;626613;"CORPO COM BOTAO COMANDO;1NA;";2;271,17;PECAS REPOSICAO ELETRICA;MANUTENÇÃO;SEM CONSUMO;180;1
30;704;Rolandia - Ab. Aves;In Natura 3;602;MANUTENÇÃO;ROTATIVO;632549;"PERFIL;HIGHTECH/42346";20;3017,1;PECAS REPOSICAO MECANICA;MANUTENÇÃO;SEM CONSUMO;180;1
30;704;Rolandia - Ab. Aves;In Natura 3;602;MANUTENÇÃO;ROTATIVO;639738;"POLIA;JBT JOHN BEAN/1014059X";1;1226,51;PECAS REPOSICAO MECANICA;MANUTENÇÃO;SEM CONSUMO;180;1
30;704;Rolandia - Ab. Aves;In Natura 3;602;MANUTENÇÃO;ROTATIVO;640798;"CONEXAO;JBT/356047C01";3;2374,293;PECAS REPOSICAO MECANICA;MANUTENÇÃO;SEM CONSUMO;180;1
30;704;Rolandia - Ab. Aves;In Natura 3;602;MANUTENÇÃO;ROTATIVO;644611;"FACA;SEMIL/401600200002";11;6101,076667;PECAS REPOSICAO MECANICA;MANUTENÇÃO;SEM CONSUMO;180;1
30;704;Rolandia - Ab. Aves;In Natura 3;602;MANUTENÇÃO;ROTATIVO;645627;"ESTEIRA MET FLEXIVEL;COBRIDE";5;3582,02;PECAS REPOSICAO MECANICA;MANUTENÇÃO;SEM CONSUMO;180;1
30;704;Rolandia - Ab. Aves;In Natura 3;602;MANUTENÇÃO;ROTATIVO;658867;"MANGUEIRA ESPIRAL;POLI C/ESP";5;1118,31;PECAS REPOSICAO HIDRAULICA;MANUTENÇÃO;SEM CONSUMO;180;1
30;704;Rolandia - Ab. Aves;In Natura 3;602;MANUTENÇÃO;ROTATIVO;660343;"CILINDRO PNEUM;32MM;CURSO400";2;907,675;PECAS REPOSICAO MECANICA;MANUTENÇÃO;SEM CONSUMO;180;1
30;704;Rolandia - Ab. Aves;In Natura 3;602;MANUTENÇÃO;ROTATIVO;663619;"BOTAO COMANDO;COGUM;VM;2NC;A";3;4226,44;PECAS REPOSICAO ELETRICA;MANUTENÇÃO;SEM CONSUMO;180;1
30;704;Rolandia - Ab. Aves;In Natura 3;602;MANUTENÇÃO;ROTATIVO;668838;"ROLAMENTO AUTOCOMP ESFE;40X8";4;1496,56;PECAS REPOSICAO MECANICA;MANUTENÇÃO;SEM CONSUMO;180;1
30;704;Rolandia - Ab. Aves;In Natura 3;602;MANUTENÇÃO;ROTATIVO;675768;SELO MECANICO MATERIAL FACE;3;90;PECAS REPOSICAO MECANICA;MANUTENÇÃO;SEM CONSUMO;180;1
30;704;Rolandia - Ab. Aves;In Natura 3;602;MANUTENÇÃO;ROTATIVO;678104;"ROLAMENTO ROL CIL;30X62X20MM";1;227,285;PECAS REPOSICAO MECANICA;MANUTENÇÃO;SEM CONSUMO;180;1
30;704;Rolandia - Ab. Aves;In Natura 3;602;MANUTENÇÃO;ROTATIVO;685093;"MANGUEIRA ESPIRAL;POLI C/ESP";4;1794;PECAS REPOSICAO HIDRAULICA;MANUTENÇÃO;SEM CONSUMO;180;1
30;704;Rolandia - Ab. Aves;In Natura 3;602;MANUTENÇÃO;ROTATIVO;696290;"ROLAMENTO FIXO ESF;45X85X19M";2;470,76;PECAS REPOSICAO MECANICA;MANUTENÇÃO;SEM CONSUMO;180;1
30;704;Rolandia - Ab. Aves;In Natura 3;602;MANUTENÇÃO;ROTATIVO;705236;"ROLAMENTO;ULMA/9372813";2;449,3;PECAS REPOSICAO MECANICA;MANUTENÇÃO;SEM CONSUMO;180;1
30;704;Rolandia - Ab. Aves;In Natura 3;602;MANUTENÇÃO;ROTATIVO;707138;"CHAVE SECCIONADORA;TRIPOLAR;";2;10007,4;PECAS REPOSICAO ELETRICA;MANUTENÇÃO;SEM CONSUMO;180;1
30;704;Rolandia - Ab. Aves;In Natura 3;602;MANUTENÇÃO;ROTATIVO;710265;"MANGUEIRA P/COLA QUENTE;1500";2;15197,5;PECAS REPOSICAO MECANICA;MANUTENÇÃO;SEM CONSUMO;180;1
30;704;Rolandia - Ab. Aves;In Natura 3;602;MANUTENÇÃO;ROTATIVO;715008;"AMORTECEDOR HIDRAULICO;DIAM";1;450,06;PECAS REPOSICAO MECANICA;MANUTENÇÃO;SEM CONSUMO;180;1
30;704;Rolandia - Ab. Aves;In Natura 3;602;MANUTENÇÃO;ROTATIVO;745542;"BUCHA;MONTEMIL/03010215";4;2431,3;PECAS REPOSICAO MECANICA;MANUTENÇÃO;SEM CONSUMO;180;1
30;704;Rolandia - Ab. Aves;In Natura 3;602;MANUTENÇÃO;ROTATIVO;748465;"ROLAMENTO AGULHAS;50X72X23MM";8;4206,29;PECAS REPOSICAO MECANICA;MANUTENÇÃO;SEM CONSUMO;180;1
30;704;Rolandia - Ab. Aves;In Natura 3;602;MANUTENÇÃO;ROTATIVO;758106;"BICO GRAXEIRO;RETO;1/8BSP;CO";126;892,584;PECAS REPOSICAO HIDRAULICA;MANUTENÇÃO;SEM CONSUMO;180;1
30;704;Rolandia - Ab. Aves;In Natura 3;602;MANUTENÇÃO;ROTATIVO;759563;"ESTEIRA MET FLEXIVEL;COBRIDE";5;3355,81;PECAS REPOSICAO MECANICA;MANUTENÇÃO;SEM CONSUMO;180;1
30;704;Rolandia - Ab. Aves;In Natura 3;602;MANUTENÇÃO;ROTATIVO;766091;"ROLAMENTO AXIAL ESF;15X35X15";4;538,3375;PECAS REPOSICAO MECANICA;MANUTENÇÃO;SEM CONSUMO;180;1
30;704;Rolandia - Ab. Aves;In Natura 3;602;MANUTENÇÃO;ROTATIVO;785704;"FITA;ULMA/9398028";3;464,47;PECAS REPOSICAO MECANICA;MANUTENÇÃO;SEM CONSUMO;180;1
30;704;Rolandia - Ab. Aves;In Natura 3;602;MANUTENÇÃO;ROTATIVO;787565;"ROLAMENTO FIXO ESF;50X90X20M";11;1293,017917;PECAS REPOSICAO MECANICA;MANUTENÇÃO;SEM CONSUMO;180;1
30;704;Rolandia - Ab. Aves;In Natura 3;602;MANUTENÇÃO;ROTATIVO;801650;"VALVULA ESCAPE RAPIDO;PNEUM;";4;641,42;PECAS REPOSICAO ELETRICA;MANUTENÇÃO;SEM CONSUMO;180;1
30;704;Rolandia - Ab. Aves;In Natura 3;602;MANUTENÇÃO;ROTATIVO;811069;"CORREIA V PERFIL;DENTADA;11X";3;388,7;PECAS REPOSICAO MECANICA;MANUTENÇÃO;SEM CONSUMO;180;1
30;704;Rolandia - Ab. Aves;In Natura 3;602;MANUTENÇÃO;ROTATIVO;812094;"CAIXA P/ROLAM;MONOBLOCO;PEDE";2;43,13;PECAS REPOSICAO MECANICA;MANUTENÇÃO;SEM CONSUMO;180;1
30;704;Rolandia - Ab. Aves;In Natura 3;602;MANUTENÇÃO;ROTATIVO;817616;"ROLAMENTO CONT ANG ESF;55X10";2;437,78;PECAS REPOSICAO MECANICA;MANUTENÇÃO;SEM CONSUMO;180;1
30;704;Rolandia - Ab. Aves;In Natura 3;602;MANUTENÇÃO;ROTATIVO;818359;"ENGRENAGEM;SIMPLES;AÇO CARBO";2;138,37;PECAS REPOSICAO MECANICA;MANUTENÇÃO;SEM CONSUMO;180;1
30;704;Rolandia - Ab. Aves;In Natura 3;602;MANUTENÇÃO;ROTATIVO;819470;"RETENTOR;18X40X8MM;BORRACHA";7;133,79625;PECAS REPOSICAO MECANICA;MANUTENÇÃO;SEM CONSUMO;180;1
30;704;Rolandia - Ab. Aves;In Natura 3;602;MANUTENÇÃO;ROTATIVO;833546;"VENTOSA;REDONDA;FOLE;NITRILl";6;2052,729;PECAS REPOSICAO MECANICA;MANUTENÇÃO;SEM CONSUMO;180;1
30;704;Rolandia - Ab. Aves;In Natura 3;602;MANUTENÇÃO;ROTATIVO;837539;RETENTOR BA MATERIAL COMPOST;6;60,36;PECAS REPOSICAO MECANICA;MANUTENÇÃO;SEM CONSUMO;180;1
30;704;Rolandia - Ab. Aves;In Natura 3;602;MANUTENÇÃO;ROTATIVO;841677;"ESTEIRA MET FLEXIVEL;COBRIDE";20;8696,43;PECAS REPOSICAO MECANICA;MANUTENÇÃO;SEM CONSUMO;180;1
30;704;Rolandia - Ab. Aves;In Natura 3;602;MANUTENÇÃO;ROTATIVO;842207;"ADAPTADOR MACHO;AISI304;MACH";10;1431,05;PECAS REPOSICAO HIDRAULICA;MANUTENÇÃO;SEM CONSUMO;180;1
30;704;Rolandia - Ab. Aves;In Natura 3;602;MANUTENÇÃO;ROTATIVO;850787;CORREIA SINCRONIZADORA ABERT;1;14787,95;PECAS REPOSICAO MECANICA;MANUTENÇÃO;SEM CONSUMO;180;1
30;704;Rolandia - Ab. Aves;In Natura 3;602;MANUTENÇÃO;ROTATIVO;853338;"CORREIA V PERFIL;VULCO POWER";3;129;PECAS REPOSICAO MECANICA;MANUTENÇÃO;SEM CONSUMO;180;1
30;704;Rolandia - Ab. Aves;In Natura 3;602;MANUTENÇÃO;ROTATIVO;858588;"ROLAMENTO FIXO ESF;40X90X23M";2;140,095;PECAS REPOSICAO MECANICA;MANUTENÇÃO;SEM CONSUMO;180;1
30;704;Rolandia - Ab. Aves;In Natura 3;602;MANUTENÇÃO;ROTATIVO;870372;"POSTIÇO;ULMA/7657846";2;5683,73;PECAS REPOSICAO MECANICA;MANUTENÇÃO;SEM CONSUMO;180;1
30;704;Rolandia - Ab. Aves;In Natura 3;602;MANUTENÇÃO;ROTATIVO;892485;"BATENTE;MONTEMIL/03010074 04";3;419,292;PECAS REPOSICAO MECANICA;MANUTENÇÃO;SEM CONSUMO;180;1
30;704;Rolandia - Ab. Aves;In Natura 3;602;MANUTENÇÃO;ROTATIVO;903417;"ROLAMENTO FIXO ESF;19,5X41,2";10;330,4333333;PECAS REPOSICAO MECANICA;MANUTENÇÃO;SEM CONSUMO;180;1
30;704;Rolandia - Ab. Aves;In Natura 3;602;MANUTENÇÃO;ROTATIVO;905701;"ROLAMENTO ROLOS TOROIDAIS;CO";2;1011,88;PECAS REPOSICAO MECANICA;MANUTENÇÃO;SEM CONSUMO;180;1
30;704;Rolandia - Ab. Aves;In Natura 3;602;MANUTENÇÃO;ROTATIVO;907236;"ROLAMENTO FIXO ESF;10X22X6MM";40;5107,98;PECAS REPOSICAO MECANICA;MANUTENÇÃO;SEM CONSUMO;180;1
30;704;Rolandia - Ab. Aves;In Natura 3;602;MANUTENÇÃO;ROTATIVO;917421;"CORREIA V PERFIL;16X14X2667M";6;10168,51;PECAS REPOSICAO MECANICA;MANUTENÇÃO;SEM CONSUMO;180;1
30;704;Rolandia - Ab. Aves;In Natura 3;602;MANUTENÇÃO;ROTATIVO;920490;"RODIZIO;GIRATORIO;FIXACAO ES";2;1341,1;PECAS REPOSICAO MECANICA;MANUTENÇÃO;SEM CONSUMO;180;1
30;704;Rolandia - Ab. Aves;In Natura 3;602;MANUTENÇÃO;ROTATIVO;930179;CORREIA SINCRONIZADORA ABERT;2;596,71;PECAS REPOSICAO MECANICA;MANUTENÇÃO;SEM CONSUMO;180;1
30;704;Rolandia - Ab. Aves;In Natura 3;602;MANUTENÇÃO;ROTATIVO;957389;"TRANSMISSOR PRESSAO;IFM ELEC";1;5905,45;PECAS REPOSICAO ELETRICA;MANUTENÇÃO;SEM CONSUMO;180;1
30;704;Rolandia - Ab. Aves;In Natura 3;602;MANUTENÇÃO;ROTATIVO;971114;"ROLAMENTO;IMSB/146409";3;365,46;PECAS REPOSICAO MECANICA;MANUTENÇÃO;SEM CONSUMO;180;1
30;704;Rolandia - Ab. Aves;In Natura 3;602;MANUTENÇÃO;ROTATIVO;981734;"CORREIA SINCRONIZADORA;PASSO";1;2968,43;PECAS REPOSICAO MECANICA;MANUTENÇÃO;SEM CONSUMO;180;1
30;704;Rolandia - Ab. Aves;In Natura 3;602;MANUTENÇÃO;ROTATIVO;982974;"VALVULA SOLENOIDE;5/2 VIAS;S";1;560,9575;PECAS REPOSICAO ELETRICA;MANUTENÇÃO;SEM CONSUMO;180;1
30;704;Rolandia - Ab. Aves;In Natura 3;605;UNIFORMES E EPI´S;ROTATIVO;355047;AVENTAL EQUIPAMENTO DE PROTE;1;126,9025;EQUIPAMENTOS DE PROTECAO - EPI;AUXILIARES DA INDUSTRIA;SEM CONSUMO;180;1
30;704;Rolandia - Ab. Aves;In Natura 3;605;UNIFORMES E EPI´S;ROTATIVO;428050;BOTINA SEGURANCA Nº 37 MATER;1;73,12509392;EQUIPAMENTOS DE PROTECAO - EPI;AUXILIARES DA INDUSTRIA;SEM CONSUMO;180;1
30;704;Rolandia - Ab. Aves;In Natura 3;610;MATERIAIS IMPORTADO;ROTATIVO;412149;PILHA TIPO LITHIUM TENSAO 3,;1;126,7202313;MATERIAIS DE EXPEDIENTE;MATERIAIS ADM;SEM CONSUMO;180;1
30;704;Rolandia - Ab. Aves;In Natura 3;618;ESTOQUE SALSICHA;ROTATIVO;57424;"BUCHA;MULTIVAC/19413311002";5;4941,59;PECAS REPOSICAO MECANICA;MANUTENÇÃO;SEM CONSUMO;180;1
30;704;Rolandia - Ab. Aves;In Natura 3;618;ESTOQUE SALSICHA;ROTATIVO;98194;"RODA;STILL/2337519";4;1228,26;PECAS REPOSICAO MECANICA;MANUTENÇÃO;SEM CONSUMO;180;1
30;704;Rolandia - Ab. Aves;In Natura 3;618;ESTOQUE SALSICHA;ROTATIVO;104818;FACA 79912713775 MR MULTIVAC;10;8407,71875;PECAS REPOSICAO MECANICA;MANUTENÇÃO;SEM CONSUMO;180;1
30;704;Rolandia - Ab. Aves;In Natura 3;618;ESTOQUE SALSICHA;ROTATIVO;141955;"INTERRUPTOR PUSHBOTTON;0,02A";2;5058;PECAS REPOSICAO ELETRICA;MANUTENÇÃO;SEM CONSUMO;180;1
30;704;Rolandia - Ab. Aves;In Natura 3;618;ESTOQUE SALSICHA;ROTATIVO;159393;"ROLAMENTO FIXO ESFERAS;1 CAR";200;9562,35;PECAS REPOSICAO MECANICA;MANUTENÇÃO;SEM CONSUMO;180;1
30;704;Rolandia - Ab. Aves;In Natura 3;618;ESTOQUE SALSICHA;ROTATIVO;160904;"ANEL;HANDTMANN/N7500027";1;735,57;PECAS REPOSICAO MECANICA;MANUTENÇÃO;SEM CONSUMO;180;1
30;704;Rolandia - Ab. Aves;In Natura 3;618;ESTOQUE SALSICHA;ROTATIVO;165525;CORREIA SINCRONIZADORA ABERT;1;1692,41;PECAS REPOSICAO MECANICA;MANUTENÇÃO;SEM CONSUMO;180;1
30;704;Rolandia - Ab. Aves;In Natura 3;618;ESTOQUE SALSICHA;ROTATIVO;210237;"PERFIL;MULTIVAC/81865200020";3;1397,184;PECAS REPOSICAO MECANICA;MANUTENÇÃO;SEM CONSUMO;180;1
30;704;Rolandia - Ab. Aves;In Natura 3;618;ESTOQUE SALSICHA;ROTATIVO;281700;"ROLAMENTO FIXO ESF;50X80X16M";2;119,77;PECAS REPOSICAO MECANICA;MANUTENÇÃO;SEM CONSUMO;180;1
30;704;Rolandia - Ab. Aves;In Natura 3;618;ESTOQUE SALSICHA;ROTATIVO;299614;"SENSOR;DRAKE/2422644";8;6374,0312;PECAS REPOSICAO MECANICA;MANUTENÇÃO;SEM CONSUMO;180;1
30;704;Rolandia - Ab. Aves;In Natura 3;618;ESTOQUE SALSICHA;ROTATIVO;323286;ROLAMENTO ESPECIFICO 830410;5;2366,73;PECAS REPOSICAO MECANICA;MANUTENÇÃO;SEM CONSUMO;180;1
30;704;Rolandia - Ab. Aves;In Natura 3;618;ESTOQUE SALSICHA;ROTATIVO;336094;DISJUNTOR MOTOR TRIP 380V CO;3;1565,5;PECAS REPOSICAO ELETRICA;MANUTENÇÃO;SEM CONSUMO;180;1
30;704;Rolandia - Ab. Aves;In Natura 3;618;ESTOQUE SALSICHA;ROTATIVO;353969;RASPADOR ESPECIFICO 849232 H;2;856,161;PECAS REPOSICAO - IMPORTADOS;MANUTENÇÃO;SEM CONSUMO;180;1
30;704;Rolandia - Ab. Aves;In Natura 3;618;ESTOQUE SALSICHA;ROTATIVO;372042;DISCO APLICACAO EMBUTIDEIRA-;5;2073,925;PECAS REPOSICAO MECANICA;MANUTENÇÃO;SEM CONSUMO;180;1
30;704;Rolandia - Ab. Aves;In Natura 3;618;ESTOQUE SALSICHA;ROTATIVO;373991;ANEL ESPECIFICO 78301006200;14;445,1813333;PECAS REPOSICAO MECANICA;MANUTENÇÃO;SEM CONSUMO;180;1
30;704;Rolandia - Ab. Aves;In Natura 3;618;ESTOQUE SALSICHA;ROTATIVO;386402;SENSOR ESPECIFICO REFERENCIA;2;3979,128148;PECAS REPOSICAO ELETRICA;MANUTENÇÃO;SEM CONSUMO;180;1
30;704;Rolandia - Ab. Aves;In Natura 3;618;ESTOQUE SALSICHA;ROTATIVO;389000;RETENTOR ESPECIFICO 830428 H;6;559,645;PECAS REPOSICAO MECANICA;MANUTENÇÃO;SEM CONSUMO;180;1
30;704;Rolandia - Ab. Aves;In Natura 3;618;ESTOQUE SALSICHA;ROTATIVO;390053;FITA ESPECIFICO 315299900001;20;220,864;PECAS REPOSICAO MECANICA;MANUTENÇÃO;SEM CONSUMO;180;1
30;704;Rolandia - Ab. Aves;In Natura 3;618;ESTOQUE SALSICHA;ROTATIVO;402123;KIT REPARO APLICACAO BOMBA V;2;4650,35;PECAS REPOSICAO MECANICA;MANUTENÇÃO;SEM CONSUMO;180;1
30;704;Rolandia - Ab. Aves;In Natura 3;618;ESTOQUE SALSICHA;ROTATIVO;416612;PERFIL ESPECIFICO 3016999000;3;131,235;PECAS REPOSICAO MECANICA;MANUTENÇÃO;SEM CONSUMO;180;1
30;704;Rolandia - Ab. Aves;In Natura 3;618;ESTOQUE SALSICHA;ROTATIVO;435094;ANEL MATERIAL SILICONE USO F;14;3048,863671;PECAS REPOSICAO MECANICA;MANUTENÇÃO;SEM CONSUMO;180;1
30;704;Rolandia - Ab. Aves;In Natura 3;618;ESTOQUE SALSICHA;ROTATIVO;667534;"MANGUEIRA;COZZINI/80550";2;2743,38;PECAS REPOSICAO MECANICA;MANUTENÇÃO;SEM CONSUMO;180;1
30;704;Rolandia - Ab. Aves;In Natura 3;618;ESTOQUE SALSICHA;ROTATIVO;730474;"ANEL;HANDTMANN/9002149";1;2782,57;PECAS REPOSICAO MECANICA;MANUTENÇÃO;SEM CONSUMO;180;1
30;704;Rolandia - Ab. Aves;In Natura 3;618;ESTOQUE SALSICHA;ROTATIVO;754239;"SUPRESSOR;SANGATI/CP0240160";2;339,32;PECAS REPOSICAO MECANICA;MANUTENÇÃO;SEM CONSUMO;180;1
30;704;Rolandia - Ab. Aves;In Natura 3;618;ESTOQUE SALSICHA;ROTATIVO;765134;"SENSOR;DRAKE/2422645";6;6198,058629;PECAS REPOSICAO MECANICA;MANUTENÇÃO;SEM CONSUMO;180;1
30;704;Rolandia - Ab. Aves;In Natura 3;618;ESTOQUE SALSICHA;ROTATIVO;784394;"VALVULA;FESSMANN/1060895";5;3459,530024;PECAS REPOSICAO MECANICA;MANUTENÇÃO;SEM CONSUMO;180;1
30;704;Rolandia - Ab. Aves;In Natura 3;618;ESTOQUE SALSICHA;ROTATIVO;789764;"SELO;HANDTMANN/9062280";4;1122,79;PECAS REPOSICAO MECANICA;MANUTENÇÃO;SEM CONSUMO;180;1
30;704;Rolandia - Ab. Aves;In Natura 3;618;ESTOQUE SALSICHA;ROTATIVO;846950;"JUNTA;MULTIVAC/109315566";3;4277,334;PECAS REPOSICAO MECANICA;MANUTENÇÃO;SEM CONSUMO;180;1
30;704;Rolandia - Ab. Aves;In Natura 3;618;ESTOQUE SALSICHA;ROTATIVO;849691;"GARRA;FESSMANN/2060774";3;7286,520049;PECAS REPOSICAO MECANICA;MANUTENÇÃO;SEM CONSUMO;180;1
30;704;Rolandia - Ab. Aves;In Natura 3;618;ESTOQUE SALSICHA;ROTATIVO;883666;"RETENTOR;COZZINI/120020072";13;2462,769831;PECAS REPOSICAO MECANICA;MANUTENÇÃO;SEM CONSUMO;180;1
30;704;Rolandia - Ab. Aves;In Natura 3;618;ESTOQUE SALSICHA;ROTATIVO;883806;"PINO;INOTEC/V0040029";1;476,55;PECAS REPOSICAO MECANICA;MANUTENÇÃO;SEM CONSUMO;180;1
30;704;Rolandia - Ab. Aves;In Natura 3;618;ESTOQUE SALSICHA;ROTATIVO;910034;"SENSOR;FESSMANN/1057136";4;4900,633297;PECAS REPOSICAO MECANICA;MANUTENÇÃO;SEM CONSUMO;180;1
30;704;Rolandia - Ab. Aves;In Natura 3;618;ESTOQUE SALSICHA;ROTATIVO;968465;"MODULO;FESSMANN/1061702";3;989,52;PECAS REPOSICAO MECANICA;MANUTENÇÃO;SEM CONSUMO;180;1
30;704;Rolandia - Ab. Aves;In Natura 3;618;ESTOQUE SALSICHA;ROTATIVO;976434;"CHAVE;FESSMANN/1061176";1;3345,159923;PECAS REPOSICAO MECANICA;MANUTENÇÃO;SEM CONSUMO;180;1
30;704;Rolandia - Ab. Aves;In Natura 3;619;MANUTENÇÃO ELÉTRICA;ROTATIVO;17327;DISJUNTOR DR TRIFASICO 40 AM;1;208,96;PECAS REPOSICAO ELETRICA;MANUTENÇÃO;SEM CONSUMO;180;1
30;704;Rolandia - Ab. Aves;In Natura 3;619;MANUTENÇÃO ELÉTRICA;ROTATIVO;58954;"DISJUNTOR TRIPOL;16-20A;690V";2;745,99;PECAS REPOSICAO ELETRICA;MANUTENÇÃO;SEM CONSUMO;180;1
30;704;Rolandia - Ab. Aves;In Natura 3;619;MANUTENÇÃO ELÉTRICA;ROTATIVO;58957;"DISJUNTOR TRIPOL MOTOR;25-32";1;527,78;PECAS REPOSICAO ELETRICA;MANUTENÇÃO;SEM CONSUMO;180;1
30;704;Rolandia - Ab. Aves;In Natura 3;619;MANUTENÇÃO ELÉTRICA;ROTATIVO;78937;"MODULO ELETRONICO;4 SAIDAS;S";3;2760,48;PECAS REPOSICAO ELETRICA;MANUTENÇÃO;SEM CONSUMO;180;1
30;704;Rolandia - Ab. Aves;In Natura 3;619;MANUTENÇÃO ELÉTRICA;ROTATIVO;86510;"VALVULA SOLENOIDE;5/2VIAS;1/";1;392,53;PECAS REPOSICAO ELETRICA;MANUTENÇÃO;SEM CONSUMO;180;1
30;704;Rolandia - Ab. Aves;In Natura 3;619;MANUTENÇÃO ELÉTRICA;ROTATIVO;109836;"BOBINA SOLENOIDE;24VCC;S/FRE";4;1160,685;PECAS REPOSICAO ELETRICA;MANUTENÇÃO;SEM CONSUMO;180;1
30;704;Rolandia - Ab. Aves;In Natura 3;619;MANUTENÇÃO ELÉTRICA;ROTATIVO;115019;"MODULO ELETR CONTR COMUN;SIE";1;2841,05;PECAS REPOSICAO ELETRICA;MANUTENÇÃO;SEM CONSUMO;180;1
30;704;Rolandia - Ab. Aves;In Natura 3;619;MANUTENÇÃO ELÉTRICA;ROTATIVO;130593;"CONECTOR P/SENSOR;ANGULO 90G";3;533,361;PECAS REPOSICAO ELETRICA;MANUTENÇÃO;SEM CONSUMO;180;1
30;704;Rolandia - Ab. Aves;In Natura 3;619;MANUTENÇÃO ELÉTRICA;ROTATIVO;131796;"DISJUNTOR CAIXA MOLDADA;16A;";1;627,16;PECAS REPOSICAO ELETRICA;MANUTENÇÃO;SEM CONSUMO;180;1
30;704;Rolandia - Ab. Aves;In Natura 3;619;MANUTENÇÃO ELÉTRICA;ROTATIVO;132392;"DISJUNTOR TERMOMAG;TRIP;25A;";1;978,43;PECAS REPOSICAO ELETRICA;MANUTENÇÃO;SEM CONSUMO;180;1
30;704;Rolandia - Ab. Aves;In Natura 3;619;MANUTENÇÃO ELÉTRICA;ROTATIVO;139954;"CHAVE SECCIONADORA;TRIPOLAR;";1;274,06;PECAS REPOSICAO ELETRICA;MANUTENÇÃO;SEM CONSUMO;180;1
30;704;Rolandia - Ab. Aves;In Natura 3;619;MANUTENÇÃO ELÉTRICA;ROTATIVO;147633;"CHAVE SECCIONA;TRIPOLAR;480V";1;207,48;PECAS REPOSICAO ELETRICA;MANUTENÇÃO;SEM CONSUMO;180;1
30;704;Rolandia - Ab. Aves;In Natura 3;619;MANUTENÇÃO ELÉTRICA;ROTATIVO;160005;"DISJUNTOR;ISHIDA/00011461830";1;890,52;PECAS REPOSICAO MECANICA;MANUTENÇÃO;SEM CONSUMO;180;1
30;704;Rolandia - Ab. Aves;In Natura 3;619;MANUTENÇÃO ELÉTRICA;ROTATIVO;170745;"COLUNA LUMINOSA;PERMANENTE;A";1;1635,17;PECAS REPOSICAO ELETRICA;MANUTENÇÃO;SEM CONSUMO;180;1
30;704;Rolandia - Ab. Aves;In Natura 3;619;MANUTENÇÃO ELÉTRICA;ROTATIVO;196420;"BOTAO COMANDO;COGUM;VM;2NF;A";9;6577,6875;PECAS REPOSICAO ELETRICA;MANUTENÇÃO;SEM CONSUMO;180;1
30;704;Rolandia - Ab. Aves;In Natura 3;619;MANUTENÇÃO ELÉTRICA;ROTATIVO;198507;"VALVULA SOLEN;5/3VIAS;G1/4;C";2;1710,49;PECAS REPOSICAO ELETRICA;MANUTENÇÃO;SEM CONSUMO;180;1
30;704;Rolandia - Ab. Aves;In Natura 3;619;MANUTENÇÃO ELÉTRICA;ROTATIVO;208453;"DISJUNTOR TRIPOL;50A;690VCA;";6;6141,225;PECAS REPOSICAO ELETRICA;MANUTENÇÃO;SEM CONSUMO;180;1
30;704;Rolandia - Ab. Aves;In Natura 3;619;MANUTENÇÃO ELÉTRICA;ROTATIVO;208872;"BORNE P/TERMINAL BASE;WEIDMU";10;1110,7;PECAS REPOSICAO ELETRICA;MANUTENÇÃO;SEM CONSUMO;180;1
30;704;Rolandia - Ab. Aves;In Natura 3;619;MANUTENÇÃO ELÉTRICA;ROTATIVO;217316;"CHAVE DE SEGURANCA;ANF/2NA;S";1;5242,845;PECAS REPOSICAO ELETRICA;MANUTENÇÃO;SEM CONSUMO;180;1
30;704;Rolandia - Ab. Aves;In Natura 3;619;MANUTENÇÃO ELÉTRICA;ROTATIVO;242686;"DISJUNTOR TRIPOL MOTOR;1-1,6";2;528,1425;PECAS REPOSICAO ELETRICA;MANUTENÇÃO;SEM CONSUMO;180;1
30;704;Rolandia - Ab. Aves;In Natura 3;619;MANUTENÇÃO ELÉTRICA;ROTATIVO;243615;"ATUADOR MAGNETICO;ALLEN BRAD";3;906,3795;PECAS REPOSICAO ELETRICA;MANUTENÇÃO;SEM CONSUMO;180;1
30;704;Rolandia - Ab. Aves;In Natura 3;619;MANUTENÇÃO ELÉTRICA;ROTATIVO;247227;RETENTOR BRG MATERIAL BORRAC;2;25,24;PECAS REPOSICAO MECANICA;MANUTENÇÃO;SEM CONSUMO;180;1
30;704;Rolandia - Ab. Aves;In Natura 3;619;MANUTENÇÃO ELÉTRICA;ROTATIVO;252994;"RELE DE ESTADO SOLIDO;24 A 2";2;497,8;PECAS REPOSICAO ELETRICA;MANUTENÇÃO;SEM CONSUMO;180;1
30;704;Rolandia - Ab. Aves;In Natura 3;619;MANUTENÇÃO ELÉTRICA;ROTATIVO;258843;"TERMORESISTENCIA;ULMA/761828";2;2147,927727;PECAS REPOSICAO MECANICA;MANUTENÇÃO;SEM CONSUMO;180;1
30;704;Rolandia - Ab. Aves;In Natura 3;619;MANUTENÇÃO ELÉTRICA;ROTATIVO;261852;"DISJUNTOR TRIPOL MOTOR;20-25";2;879,99;PECAS REPOSICAO ELETRICA;MANUTENÇÃO;SEM CONSUMO;180;1
30;704;Rolandia - Ab. Aves;In Natura 3;619;MANUTENÇÃO ELÉTRICA;ROTATIVO;274213;"MODULO ELETRONICO;8 ENTRADAS";1;2684,39;PECAS REPOSICAO ELETRICA;MANUTENÇÃO;SEM CONSUMO;180;1
30;704;Rolandia - Ab. Aves;In Natura 3;619;MANUTENÇÃO ELÉTRICA;ROTATIVO;291618;"DISJUNTOR TERM;BIPOLAR;2A;25";1;156,8;PECAS REPOSICAO ELETRICA;MANUTENÇÃO;SEM CONSUMO;180;1
30;704;Rolandia - Ab. Aves;In Natura 3;619;MANUTENÇÃO ELÉTRICA;ROTATIVO;295653;"BLOCO CONTATO BOTAO COMANDO;";15;762,16375;PECAS REPOSICAO ELETRICA;MANUTENÇÃO;SEM CONSUMO;180;1
30;704;Rolandia - Ab. Aves;In Natura 3;619;MANUTENÇÃO ELÉTRICA;ROTATIVO;313214;PLUG ELETRICO PREDIAL 2P+T C;4;37,58049634;PECAS REPOSICAO ELETRICA;MANUTENÇÃO;SEM CONSUMO;180;1
30;704;Rolandia - Ab. Aves;In Natura 3;619;MANUTENÇÃO ELÉTRICA;ROTATIVO;332346;TERMORESISTENCIA TIPO PT100;3;827,935;PECAS REPOSICAO ELETRICA;MANUTENÇÃO;SEM CONSUMO;180;1
30;704;Rolandia - Ab. Aves;In Natura 3;619;MANUTENÇÃO ELÉTRICA;ROTATIVO;332410;BATERIA ELETROELETRONICA COM;3;71,64;PECAS REPOSICAO ELETRICA;MANUTENÇÃO;SEM CONSUMO;180;1
30;704;Rolandia - Ab. Aves;In Natura 3;619;MANUTENÇÃO ELÉTRICA;ROTATIVO;398847;TERMOSTATO ESPECIFICO 410900;2;12064,94;PECAS REPOSICAO ELETRICA;MANUTENÇÃO;SEM CONSUMO;180;1
30;704;Rolandia - Ab. Aves;In Natura 3;619;MANUTENÇÃO ELÉTRICA;ROTATIVO;403875;SENSOR FOTOELETRICO REFERENC;2;1611,59;PECAS REPOSICAO ELETRICA;MANUTENÇÃO;SEM CONSUMO;180;1
30;704;Rolandia - Ab. Aves;In Natura 3;619;MANUTENÇÃO ELÉTRICA;ROTATIVO;406604;SENSOR ESPECIFICO 7223999000;1;484,6605;PECAS REPOSICAO ELETRICA;MANUTENÇÃO;SEM CONSUMO;180;1
30;704;Rolandia - Ab. Aves;In Natura 3;619;MANUTENÇÃO ELÉTRICA;ROTATIVO;414972;VALVULA ESFERA 2 VIAS TRIPAR;5;4185,35;PECAS REPOSICAO MECANICA;MANUTENÇÃO;SEM CONSUMO;180;1
30;704;Rolandia - Ab. Aves;In Natura 3;619;MANUTENÇÃO ELÉTRICA;ROTATIVO;426425;BLOCO TERMINAL TENS 690V COR;1;104,02;PECAS REPOSICAO ELETRICA;MANUTENÇÃO;SEM CONSUMO;180;1
30;704;Rolandia - Ab. Aves;In Natura 3;619;MANUTENÇÃO ELÉTRICA;ROTATIVO;438450;"MODULO INTERFACE HOMEM MAQ;2";1;13463,31;PECAS REPOSICAO ELETRICA;MANUTENÇÃO;SEM CONSUMO;180;1
30;704;Rolandia - Ab. Aves;In Natura 3;619;MANUTENÇÃO ELÉTRICA;ROTATIVO;448340;ATUADOR MAGNETICO MATERIAL A;1;640,1828653;PECAS REPOSICAO ELETRICA;MANUTENÇÃO;SEM CONSUMO;180;1
30;704;Rolandia - Ab. Aves;In Natura 3;619;MANUTENÇÃO ELÉTRICA;ROTATIVO;459881;SINALIZADOR SONORO TENSAO 12;5;4430,685102;PECAS REPOSICAO ELETRICA;MANUTENÇÃO;SEM CONSUMO;180;1
30;704;Rolandia - Ab. Aves;In Natura 3;619;MANUTENÇÃO ELÉTRICA;ROTATIVO;462808;PRESSOSTATO ELETRICO MATERIA;2;1774,18;PECAS REPOSICAO ELETRICA;MANUTENÇÃO;SEM CONSUMO;180;1
30;704;Rolandia - Ab. Aves;In Natura 3;619;MANUTENÇÃO ELÉTRICA;ROTATIVO;467355;SENSOR INDUTIVO MATERIAL ACO;2;2529,355;PECAS REPOSICAO ELETRICA;MANUTENÇÃO;SEM CONSUMO;180;1
30;704;Rolandia - Ab. Aves;In Natura 3;619;MANUTENÇÃO ELÉTRICA;ROTATIVO;473330;LUMINARIA MATERIAL ALUMINIO;3;2402,633963;PECAS REPOSICAO ELETRICA;MANUTENÇÃO;SEM CONSUMO;180;1
30;704;Rolandia - Ab. Aves;In Natura 3;619;MANUTENÇÃO ELÉTRICA;ROTATIVO;475240;"RELE DE IMPULSO MODULAR;1NA/";46;11541,66754;PECAS REPOSICAO ELETRICA;MANUTENÇÃO;SEM CONSUMO;180;1
30;704;Rolandia - Ab. Aves;In Natura 3;619;MANUTENÇÃO ELÉTRICA;ROTATIVO;475514;"BLOCO CONTATO BOTAO COMANDO;";1;36,025;PECAS REPOSICAO ELETRICA;MANUTENÇÃO;SEM CONSUMO;180;1
30;704;Rolandia - Ab. Aves;In Natura 3;619;MANUTENÇÃO ELÉTRICA;ROTATIVO;478512;RESISTENCIA ESPECIFICO 30269;6;1159,67;PECAS REPOSICAO ELETRICA;MANUTENÇÃO;SEM CONSUMO;180;1
30;704;Rolandia - Ab. Aves;In Natura 3;619;MANUTENÇÃO ELÉTRICA;ROTATIVO;478822;FUSIVEL DE VIDRO PEQ. 20X5MM;55;30,4535;PECAS REPOSICAO ELETRICA;MANUTENÇÃO;SEM CONSUMO;180;1
30;704;Rolandia - Ab. Aves;In Natura 3;619;MANUTENÇÃO ELÉTRICA;ROTATIVO;479368;"MODULO ELETRONICO;8 SAIDA;SI";1;3369,2;PECAS REPOSICAO ELETRICA;MANUTENÇÃO;SEM CONSUMO;180;1
30;704;Rolandia - Ab. Aves;In Natura 3;619;MANUTENÇÃO ELÉTRICA;ROTATIVO;505531;DISJUNTOR MOTOR 3 POLOS 690V;1;297,11;PECAS REPOSICAO ELETRICA;MANUTENÇÃO;SEM CONSUMO;180;1
30;704;Rolandia - Ab. Aves;In Natura 3;619;MANUTENÇÃO ELÉTRICA;ROTATIVO;508511;"FONTE ALIMENTAÇAO IND;120/23";2;5183,78;PECAS REPOSICAO ELETRICA;MANUTENÇÃO;SEM CONSUMO;180;1
30;704;Rolandia - Ab. Aves;In Natura 3;619;MANUTENÇÃO ELÉTRICA;ROTATIVO;509461;BOBINA TENSAO 24V CC USO VAL;2;12224,33;PECAS REPOSICAO MECANICA;MANUTENÇÃO;SEM CONSUMO;180;1
30;704;Rolandia - Ab. Aves;In Natura 3;619;MANUTENÇÃO ELÉTRICA;ROTATIVO;513084;"INVERSOR FREQ;TRIF;380/480V;";2;7161,98;PECAS REPOSICAO ELETRICA;MANUTENÇÃO;SEM CONSUMO;180;1
30;704;Rolandia - Ab. Aves;In Natura 3;619;MANUTENÇÃO ELÉTRICA;ROTATIVO;514991;CABECOTE MATERIAL ACO C/ILUM;5;249,9;PECAS REPOSICAO ELETRICA;MANUTENÇÃO;SEM CONSUMO;180;1
30;704;Rolandia - Ab. Aves;In Natura 3;619;MANUTENÇÃO ELÉTRICA;ROTATIVO;520039;BOBINA P/VALVULA SOLENOIDE M;2;465,705;PECAS REPOSICAO ELETRICA;MANUTENÇÃO;SEM CONSUMO;180;1
30;704;Rolandia - Ab. Aves;In Natura 3;619;MANUTENÇÃO ELÉTRICA;ROTATIVO;528729;DISJUNTOR MAGNET 3 POLOS 1,6;2;932,33;PECAS REPOSICAO ELETRICA;MANUTENÇÃO;SEM CONSUMO;180;1
30;704;Rolandia - Ab. Aves;In Natura 3;619;MANUTENÇÃO ELÉTRICA;ROTATIVO;528731;DISJUNTOR MAGNET 3 POLOS 3,2;2;674,415;PECAS REPOSICAO ELETRICA;MANUTENÇÃO;SEM CONSUMO;180;1
30;704;Rolandia - Ab. Aves;In Natura 3;619;MANUTENÇÃO ELÉTRICA;ROTATIVO;528733;DISJUNTOR MOTOR 3 POLOS 220V;1;317,92;PECAS REPOSICAO ELETRICA;MANUTENÇÃO;SEM CONSUMO;180;1
30;704;Rolandia - Ab. Aves;In Natura 3;619;MANUTENÇÃO ELÉTRICA;ROTATIVO;528736;"DISJUNTOR TRIPOL;7-10 A;220V";1;533,55;PECAS REPOSICAO ELETRICA;MANUTENÇÃO;SEM CONSUMO;180;1
30;704;Rolandia - Ab. Aves;In Natura 3;619;MANUTENÇÃO ELÉTRICA;ROTATIVO;528744;BLOCO CONTATO AUXILIAR MATER;10;808,31;PECAS REPOSICAO ELETRICA;MANUTENÇÃO;SEM CONSUMO;180;1
30;704;Rolandia - Ab. Aves;In Natura 3;619;MANUTENÇÃO ELÉTRICA;ROTATIVO;532269;RESISTOR FRENAGEM RESISTENCI;5;1850,06;PECAS REPOSICAO ELETRICA;MANUTENÇÃO;SEM CONSUMO;180;1
30;704;Rolandia - Ab. Aves;In Natura 3;619;MANUTENÇÃO ELÉTRICA;ROTATIVO;536074;PRESSOSTATO DIGITAL FLUIDO A;2;1139,68;PECAS REPOSICAO ELETRICA;MANUTENÇÃO;SEM CONSUMO;180;1
30;704;Rolandia - Ab. Aves;In Natura 3;619;MANUTENÇÃO ELÉTRICA;ROTATIVO;544593;INTERRUPTOR SEGURANCA PORTA;4;2739,215;PECAS REPOSICAO ELETRICA;MANUTENÇÃO;SEM CONSUMO;180;1
30;704;Rolandia - Ab. Aves;In Natura 3;619;MANUTENÇÃO ELÉTRICA;ROTATIVO;544908;DISJUNTOR CX MINIA 1 PO 16A;10;139,9948965;PECAS REPOSICAO ELETRICA;MANUTENÇÃO;SEM CONSUMO;180;1
30;704;Rolandia - Ab. Aves;In Natura 3;619;MANUTENÇÃO ELÉTRICA;ROTATIVO;551055;CONECTOR 3 VIAS MATERIAL TER;6;602,545;PECAS REPOSICAO ELETRICA;MANUTENÇÃO;SEM CONSUMO;180;1
30;704;Rolandia - Ab. Aves;In Natura 3;619;MANUTENÇÃO ELÉTRICA;ROTATIVO;552346;DISJUNTOR CX SIMP 2 POLOS 25;1;506,68;PECAS REPOSICAO ELETRICA;MANUTENÇÃO;SEM CONSUMO;180;1
30;704;Rolandia - Ab. Aves;In Natura 3;619;MANUTENÇÃO ELÉTRICA;ROTATIVO;556447;"CONECTOR ELETRICO;PLUG;FEMEA";4;289,6634074;PECAS REPOSICAO ELETRICA;MANUTENÇÃO;SEM CONSUMO;180;1
30;704;Rolandia - Ab. Aves;In Natura 3;619;MANUTENÇÃO ELÉTRICA;ROTATIVO;557733;DISJUNTOR CX MINIA TERMOMAG;1;30,14;PECAS REPOSICAO ELETRICA;MANUTENÇÃO;SEM CONSUMO;180;1
30;704;Rolandia - Ab. Aves;In Natura 3;619;MANUTENÇÃO ELÉTRICA;ROTATIVO;573573;PRESSOSTATO DIGITAL FLUIDO A;1;585,514;PECAS REPOSICAO ELETRICA;MANUTENÇÃO;SEM CONSUMO;180;1
30;704;Rolandia - Ab. Aves;In Natura 3;619;MANUTENÇÃO ELÉTRICA;ROTATIVO;574019;DISJUNTOR CX ABERT IP20 CLAS;1;245,17;PECAS REPOSICAO ELETRICA;MANUTENÇÃO;SEM CONSUMO;180;1
30;704;Rolandia - Ab. Aves;In Natura 3;619;MANUTENÇÃO ELÉTRICA;ROTATIVO;574906;DISJUNTOR C/DISP TRIP 18A 13;1;291,1;PECAS REPOSICAO ELETRICA;MANUTENÇÃO;SEM CONSUMO;180;1
30;704;Rolandia - Ab. Aves;In Natura 3;619;MANUTENÇÃO ELÉTRICA;ROTATIVO;589930;CONTATOR PRINCIPAL 3 POLOS T;1;176,75;PECAS REPOSICAO ELETRICA;MANUTENÇÃO;SEM CONSUMO;180;1
30;704;Rolandia - Ab. Aves;In Natura 3;619;MANUTENÇÃO ELÉTRICA;ROTATIVO;590774;"DISJUNTOR TRIPOL;2,80-4 A;69";1;336,44;PECAS REPOSICAO ELETRICA;MANUTENÇÃO;SEM CONSUMO;180;1
30;704;Rolandia - Ab. Aves;In Natura 3;619;MANUTENÇÃO ELÉTRICA;ROTATIVO;590778;"DISJUNTOR TRIPOL;1,4-2A;380V";1;351,2;PECAS REPOSICAO ELETRICA;MANUTENÇÃO;SEM CONSUMO;180;1
30;704;Rolandia - Ab. Aves;In Natura 3;619;MANUTENÇÃO ELÉTRICA;ROTATIVO;603119;"TERMORESISTENCIA;PT100;3 FIO";2;500;PECAS REPOSICAO ELETRICA;MANUTENÇÃO;SEM CONSUMO;180;1
30;704;Rolandia - Ab. Aves;In Natura 3;619;MANUTENÇÃO ELÉTRICA;ROTATIVO;619488;"SENSOR PROX IND;CIL;10-30VDC";1;292,97;PECAS REPOSICAO ELETRICA;MANUTENÇÃO;SEM CONSUMO;180;1
30;704;Rolandia - Ab. Aves;In Natura 3;619;MANUTENÇÃO ELÉTRICA;ROTATIVO;657500;"FILTRO;ISHIDA/000108106405";2;2292,18;PECAS REPOSICAO MECANICA;MANUTENÇÃO;SEM CONSUMO;180;1
30;704;Rolandia - Ab. Aves;In Natura 3;619;MANUTENÇÃO ELÉTRICA;ROTATIVO;658740;"BOBINA SOLENOIDE;24VDC/42VAC";5;975,2166667;PECAS REPOSICAO ELETRICA;MANUTENÇÃO;SEM CONSUMO;180;1
30;704;Rolandia - Ab. Aves;In Natura 3;619;MANUTENÇÃO ELÉTRICA;ROTATIVO;677113;"CHAVE SECCIONA;TRIP;690V;30A";1;11322,34;PECAS REPOSICAO ELETRICA;MANUTENÇÃO;SEM CONSUMO;180;1
30;704;Rolandia - Ab. Aves;In Natura 3;619;MANUTENÇÃO ELÉTRICA;ROTATIVO;716082;"ADAPTADOR;TECHNO/6000347LA";157;901,81585;PECAS REPOSICAO MECANICA;MANUTENÇÃO;SEM CONSUMO;180;1
30;704;Rolandia - Ab. Aves;In Natura 3;619;MANUTENÇÃO ELÉTRICA;ROTATIVO;723817;"RESISTENCIA AQUECIMENTO;TUBU";5;1518,846667;PECAS REPOSICAO ELETRICA;MANUTENÇÃO;SEM CONSUMO;180;1
30;704;Rolandia - Ab. Aves;In Natura 3;619;MANUTENÇÃO ELÉTRICA;ROTATIVO;736406;PCI JUNCAO QUATRO CELULAS CO;2;1254,235;PECAS REPOSICAO ELETRICA;MANUTENÇÃO;SEM CONSUMO;180;1
30;704;Rolandia - Ab. Aves;In Natura 3;619;MANUTENÇÃO ELÉTRICA;ROTATIVO;759922;"SENSOR MAGNETICO P/CILINDRO;";2;378,19;PECAS REPOSICAO ELETRICA;MANUTENÇÃO;SEM CONSUMO;180;1
30;704;Rolandia - Ab. Aves;In Natura 3;619;MANUTENÇÃO ELÉTRICA;ROTATIVO;763434;"DISJUNTOR TERMOMAG;UNIPOL;2A";1;179,26;PECAS REPOSICAO ELETRICA;MANUTENÇÃO;SEM CONSUMO;180;1
30;704;Rolandia - Ab. Aves;In Natura 3;619;MANUTENÇÃO ELÉTRICA;ROTATIVO;763954;"INVERSOR FREQ;TRIF;380/480V;";1;4620,74;PECAS REPOSICAO ELETRICA;MANUTENÇÃO;SEM CONSUMO;180;1
30;704;Rolandia - Ab. Aves;In Natura 3;619;MANUTENÇÃO ELÉTRICA;ROTATIVO;784382;"DISJUNTOR TERM;MONO;6A;440VC";1;64,72;PECAS REPOSICAO ELETRICA;MANUTENÇÃO;SEM CONSUMO;180;1
30;704;Rolandia - Ab. Aves;In Natura 3;619;MANUTENÇÃO ELÉTRICA;ROTATIVO;791096;"DISJUNTOR TRIPOL MOTOR;10-16";2;611,4;PECAS REPOSICAO ELETRICA;MANUTENÇÃO;SEM CONSUMO;180;1
30;704;Rolandia - Ab. Aves;In Natura 3;619;MANUTENÇÃO ELÉTRICA;ROTATIVO;806134;"DISJUNTOR TRIPOL MOTOR;80-10";2;2762,33;PECAS REPOSICAO ELETRICA;MANUTENÇÃO;SEM CONSUMO;180;1
30;704;Rolandia - Ab. Aves;In Natura 3;619;MANUTENÇÃO ELÉTRICA;ROTATIVO;809181;"SENSOR PROX INDU;CIL;10-30VC";3;1929,905;PECAS REPOSICAO ELETRICA;MANUTENÇÃO;SEM CONSUMO;180;1
30;704;Rolandia - Ab. Aves;In Natura 3;619;MANUTENÇÃO ELÉTRICA;ROTATIVO;834581;"DISJUNTOR TERM;MONOPOLAR;4A;";1;88,89;PECAS REPOSICAO ELETRICA;MANUTENÇÃO;SEM CONSUMO;180;1
30;704;Rolandia - Ab. Aves;In Natura 3;619;MANUTENÇÃO ELÉTRICA;ROTATIVO;844768;"DISJUNTOR TERM;BIPOLAR;4A;25";1;156,8;PECAS REPOSICAO ELETRICA;MANUTENÇÃO;SEM CONSUMO;180;1
30;704;Rolandia - Ab. Aves;In Natura 3;619;MANUTENÇÃO ELÉTRICA;ROTATIVO;848438;"ATUADOR MAGNETICO;SCHMERSAL/";2;1351,175;PECAS REPOSICAO ELETRICA;MANUTENÇÃO;SEM CONSUMO;180;1
30;704;Rolandia - Ab. Aves;In Natura 3;619;MANUTENÇÃO ELÉTRICA;ROTATIVO;868246;"DISJUNTOR TRIPOL;0,9-1,25A;2";1;323,76;PECAS REPOSICAO ELETRICA;MANUTENÇÃO;SEM CONSUMO;180;1
30;704;Rolandia - Ab. Aves;In Natura 3;619;MANUTENÇÃO ELÉTRICA;ROTATIVO;869554;DISJUNTOR MOTOR TRIP 415V CO;1;385,65;PECAS REPOSICAO ELETRICA;MANUTENÇÃO;SEM CONSUMO;180;1
30;704;Rolandia - Ab. Aves;In Natura 3;619;MANUTENÇÃO ELÉTRICA;ROTATIVO;878641;"CONECTOR P/SENSOR;RETO;FEMEA";1;177,85;PECAS REPOSICAO ELETRICA;MANUTENÇÃO;SEM CONSUMO;180;1
30;704;Rolandia - Ab. Aves;In Natura 3;619;MANUTENÇÃO ELÉTRICA;ROTATIVO;887139;BLOCO DE DISTRIBUIÇAO ELETRI;1;435,28;PECAS REPOSICAO ELETRICA;MANUTENÇÃO;SEM CONSUMO;180;1
30;704;Rolandia - Ab. Aves;In Natura 3;619;MANUTENÇÃO ELÉTRICA;ROTATIVO;896194;"CHAVE SECCIONADORA;TRIPOLAR;";1;802,87;PECAS REPOSICAO ELETRICA;MANUTENÇÃO;SEM CONSUMO;180;1
30;704;Rolandia - Ab. Aves;In Natura 3;619;MANUTENÇÃO ELÉTRICA;ROTATIVO;899779;"CHAVE FIM CURSO;1NA/1NF;240V";2;687,56;PECAS REPOSICAO ELETRICA;MANUTENÇÃO;SEM CONSUMO;180;1
30;704;Rolandia - Ab. Aves;In Natura 3;619;MANUTENÇÃO ELÉTRICA;ROTATIVO;901003;"CONECTOR P/SENSOR;ANGULO 90G";1;250,63;PECAS REPOSICAO ELETRICA;MANUTENÇÃO;SEM CONSUMO;180;1
30;704;Rolandia - Ab. Aves;In Natura 3;619;MANUTENÇÃO ELÉTRICA;ROTATIVO;921409;"MICRO VENTILADOR;AXIAL;ALUMI";1;340,175;PECAS REPOSICAO ELETRICA;MANUTENÇÃO;SEM CONSUMO;180;1
30;704;Rolandia - Ab. Aves;In Natura 3;619;MANUTENÇÃO ELÉTRICA;ROTATIVO;936881;"BOBINA P/DISJUNTOR;SIEMENS/3";1;274,62;PECAS REPOSICAO ELETRICA;MANUTENÇÃO;SEM CONSUMO;180;1
30;704;Rolandia - Ab. Aves;In Natura 3;619;MANUTENÇÃO ELÉTRICA;ROTATIVO;942258;"CHAVE SECCIONADORA;TRIPOLAR;";5;1342,81;PECAS REPOSICAO ELETRICA;MANUTENÇÃO;SEM CONSUMO;180;1
30;704;Rolandia - Ab. Aves;In Natura 3;619;MANUTENÇÃO ELÉTRICA;ROTATIVO;945272;"SENSOR FOTOELETRICO;10-30VDC";1;981,92;PECAS REPOSICAO ELETRICA;MANUTENÇÃO;SEM CONSUMO;180;1
30;704;Rolandia - Ab. Aves;In Natura 3;619;MANUTENÇÃO ELÉTRICA;ROTATIVO;957663;BLOCO CONTATO AUX INSTANTANE;5;398,66;PECAS REPOSICAO ELETRICA;MANUTENÇÃO;SEM CONSUMO;180;1
30;704;Rolandia - Ab. Aves;In Natura 3;619;MANUTENÇÃO ELÉTRICA;ROTATIVO;962560;"DISJUNTOR TERMOMAG;TRIP;32A;";1;835,42;PECAS REPOSICAO ELETRICA;MANUTENÇÃO;SEM CONSUMO;180;1
30;704;Rolandia - Ab. Aves;In Natura 3;619;MANUTENÇÃO ELÉTRICA;ROTATIVO;963872;"BOTAO COMAND;RED;BR;C/FRONT";1;167,81;PECAS REPOSICAO ELETRICA;MANUTENÇÃO;SEM CONSUMO;180;1
30;704;Rolandia - Ab. Aves;In Natura 3;619;MANUTENÇÃO ELÉTRICA;ROTATIVO;973788;"DISJUNTOR TERM;MONO;4A;440VC";1;49,31;PECAS REPOSICAO ELETRICA;MANUTENÇÃO;SEM CONSUMO;180;1
30;704;Rolandia - Ab. Aves;In Natura 3;619;MANUTENÇÃO ELÉTRICA;ROTATIVO;975144;"SENSOR ULTRASONICO;12-24VDC;";1;3229,59;PECAS REPOSICAO ELETRICA;MANUTENÇÃO;SEM CONSUMO;180;1
30;704;Rolandia - Ab. Aves;In Natura 3;621;MANUTENÇÃO MECANICA;ROTATIVO;75851;"FILTRO P/ SISTEMA AR;VENTARE";2;1233,15;PECAS REPOSICAO MECANICA;MANUTENÇÃO;SEM CONSUMO;180;1
30;704;Rolandia - Ab. Aves;In Natura 3;621;MANUTENÇÃO MECANICA;ROTATIVO;254721;"ANEL VEDACAO CONEXAO TUBO;SI";3;421,19;PECAS REPOSICAO MECANICA;MANUTENÇÃO;SEM CONSUMO;180;1
30;704;Rolandia - Ab. Aves;In Natura 3;621;MANUTENÇÃO MECANICA;ROTATIVO;255189;"VENTOSA;REDONDA;PUR;DIAM 40M";20;1930,44;PECAS REPOSICAO MECANICA;MANUTENÇÃO;SEM CONSUMO;180;1
30;704;Rolandia - Ab. Aves;In Natura 3;621;MANUTENÇÃO MECANICA;ROTATIVO;259098;"CAIXA P/ROLAM;MONOBLOCO;FERR";3;125,1225;PECAS REPOSICAO MECANICA;MANUTENÇÃO;SEM CONSUMO;180;1
30;704;Rolandia - Ab. Aves;In Natura 3;621;MANUTENÇÃO MECANICA;ROTATIVO;311022;CORREIA TRANSM V N SECAO UNI;3;77,7;PECAS REPOSICAO MECANICA;MANUTENÇÃO;SEM CONSUMO;180;1
30;704;Rolandia - Ab. Aves;In Natura 3;621;MANUTENÇÃO MECANICA;ROTATIVO;380656;"REPARO P/VALVULA;VALVUGAS/KR";2;534,71;PECAS REPOSICAO MECANICA;MANUTENÇÃO;SEM CONSUMO;180;1
30;704;Rolandia - Ab. Aves;In Natura 3;621;MANUTENÇÃO MECANICA;ROTATIVO;390440;ROLAMENTO RIGIDO ESFERA SUC2;1;1087,215;PECAS REPOSICAO MECANICA;MANUTENÇÃO;SEM CONSUMO;180;1
30;704;Rolandia - Ab. Aves;In Natura 3;621;MANUTENÇÃO MECANICA;ROTATIVO;399996;RETENTOR ESPECIFICO 0012740X;2;68,69833333;PECAS REPOSICAO MECANICA;MANUTENÇÃO;SEM CONSUMO;180;1
30;704;Rolandia - Ab. Aves;In Natura 3;621;MANUTENÇÃO MECANICA;ROTATIVO;422420;RETENTOR MATERIAL COMPOSTO B;1;46,80375;PECAS REPOSICAO MECANICA;MANUTENÇÃO;SEM CONSUMO;180;1
30;704;Rolandia - Ab. Aves;In Natura 3;621;MANUTENÇÃO MECANICA;ROTATIVO;423243;ANEL VEDACAO MATERIAL COMPOS;5;79,7225;PECAS REPOSICAO MECANICA;MANUTENÇÃO;SEM CONSUMO;180;1
30;704;Rolandia - Ab. Aves;In Natura 3;621;MANUTENÇÃO MECANICA;ROTATIVO;470098;VALVULA PNEUMATICA 3/2 VIAS;2;6606,24;PECAS REPOSICAO MECANICA;MANUTENÇÃO;SEM CONSUMO;180;1
30;704;Rolandia - Ab. Aves;In Natura 3;621;MANUTENÇÃO MECANICA;ROTATIVO;480918;"FILTRO REGULADOR;FESTO/52918";1;420,095;PECAS REPOSICAO MECANICA;MANUTENÇÃO;SEM CONSUMO;180;1
30;704;Rolandia - Ab. Aves;In Natura 3;621;MANUTENÇÃO MECANICA;ROTATIVO;489080;CORDAO MATERIAL COMPOSTO BOR;5;17,95;PECAS REPOSICAO MECANICA;MANUTENÇÃO;SEM CONSUMO;180;1
30;704;Rolandia - Ab. Aves;In Natura 3;621;MANUTENÇÃO MECANICA;ROTATIVO;489173;CORDAO MATERIAL COMPOSTO BOR;10;57,39;PECAS REPOSICAO MECANICA;MANUTENÇÃO;SEM CONSUMO;180;1
30;704;Rolandia - Ab. Aves;In Natura 3;621;MANUTENÇÃO MECANICA;ROTATIVO;502727;VALVULA ALIVIO/SEGURANCA SIM;1;2496,1;PECAS REPOSICAO MECANICA;MANUTENÇÃO;SEM CONSUMO;180;1
30;704;Rolandia - Ab. Aves;In Natura 3;621;MANUTENÇÃO MECANICA;ROTATIVO;612687;"AMORTECEDOR HIDRAULICO;DIAM";2;2028,57;PECAS REPOSICAO MECANICA;MANUTENÇÃO;SEM CONSUMO;180;1
30;704;Rolandia - Ab. Aves;In Natura 3;621;MANUTENÇÃO MECANICA;ROTATIVO;614321;"VALVULA SOLENOIDE;3/2VIAS;G1";1;808,57;PECAS REPOSICAO MECANICA;MANUTENÇÃO;SEM CONSUMO;180;1
30;704;Rolandia - Ab. Aves;In Natura 3;621;MANUTENÇÃO MECANICA;ROTATIVO;648169;"FILTRO P/ SISTEMA AR;AEROGLA";45;2251,73;PECAS REPOSICAO MECANICA;MANUTENÇÃO;SEM CONSUMO;180;1
30;704;Rolandia - Ab. Aves;In Natura 3;621;MANUTENÇÃO MECANICA;ROTATIVO;727093;"FILTRO P/ SISTEMA AR;VENTARE";5;2626,332;PECAS REPOSICAO MECANICA;MANUTENÇÃO;SEM CONSUMO;180;1
30;704;Rolandia - Ab. Aves;In Natura 3;621;MANUTENÇÃO MECANICA;ROTATIVO;845481;"FILTRO P/ SISTEMA AR;AEROGLA";90;3166,75;PECAS REPOSICAO MECANICA;MANUTENÇÃO;SEM CONSUMO;180;1
30;704;Rolandia - Ab. Aves;In Natura 3;621;MANUTENÇÃO MECANICA;ROTATIVO;902212;"REGULADOR;MULTIVAC/802781110";2;1010,36;PECAS REPOSICAO MECANICA;MANUTENÇÃO;SEM CONSUMO;180;1
30;704;Rolandia - Ab. Aves;In Natura 3;621;MANUTENÇÃO MECANICA;ROTATIVO;950130;"CILINDRO PNEUM;50MM;CURSO 10";1;567,56;PECAS REPOSICAO MECANICA;MANUTENÇÃO;SEM CONSUMO;180;1
30;704;Rolandia - Ab. Aves;In Natura 3;621;MANUTENÇÃO MECANICA;ROTATIVO;951728;"CILINDRO PNEUM;25MM;CURSO 95";2;1228,77;PECAS REPOSICAO MECANICA;MANUTENÇÃO;SEM CONSUMO;180;1
30;704;Rolandia - Ab. Aves;In Natura 3;621;MANUTENÇÃO MECANICA;ROTATIVO;970105;"CILINDRO PNEUM;40MM;CURSO 15";1;572,03;PECAS REPOSICAO MECANICA;MANUTENÇÃO;SEM CONSUMO;180;1
30;704;Rolandia - Ab. Aves;In Natura 3;621;MANUTENÇÃO MECANICA;ROTATIVO;978141;"FILTRO P/ SISTEMA AR;VENTARE";6;3559,874222;PECAS REPOSICAO MECANICA;MANUTENÇÃO;SEM CONSUMO;180;1
30;704;Rolandia - Ab. Aves;In Natura 3;621;MANUTENÇÃO MECANICA;ROTATIVO;995641;"CILINDRO PNEUM;50MM;CURSO 30";1;1962,08;PECAS REPOSICAO MECANICA;MANUTENÇÃO;SEM CONSUMO;180;1
30;706;Rolandia - Racoes;In Natura 3;1;RAÇÕES E CONCENTRADOS;ROTATIVO;458503;LINCO SPECTIN 440;89,57;34684,27342;MATERIA PRIMA RACOES;MATERIA PRIMA RAÇÃO;SEM CONSUMO;180;1
30;706;Rolandia - Racoes;In Natura 3;4;MANUTENÇÃO;ROTATIVO;109636;"VALVULA DIRECIONAL;5/2 VIAS;";4;2158,5;PECAS REPOSICAO MECANICA;MANUTENÇÃO;SEM CONSUMO;180;1
30;706;Rolandia - Racoes;In Natura 3;4;MANUTENÇÃO;ROTATIVO;148748;"CORREIA V PERFIL;METRIC POWE";12;2080;PECAS REPOSICAO MECANICA;MANUTENÇÃO;SEM CONSUMO;180;1
30;706;Rolandia - Racoes;In Natura 3;4;MANUTENÇÃO;ROTATIVO;207462;CORREIA TRANSM V N SECAO UNI;8;300;PECAS REPOSICAO MECANICA;MANUTENÇÃO;SEM CONSUMO;180;1
30;706;Rolandia - Racoes;In Natura 3;4;MANUTENÇÃO;ROTATIVO;210935;ESTEIRA PORTA CABOS REF.2541;10;2509,36;PECAS REPOSICAO MECANICA;MANUTENÇÃO;SEM CONSUMO;180;1
30;706;Rolandia - Racoes;In Natura 3;4;MANUTENÇÃO;ROTATIVO;217557;ROLAMENTO AUTOCOMPENSADOR RO;4;1014,53;PECAS REPOSICAO MECANICA;MANUTENÇÃO;SEM CONSUMO;180;1
30;706;Rolandia - Racoes;In Natura 3;4;MANUTENÇÃO;ROTATIVO;235261;BUCHA REDUCAO TUBO MATERIAL;3;22,095;PECAS REPOSICAO HIDRAULICA;MANUTENÇÃO;SEM CONSUMO;180;1
30;706;Rolandia - Racoes;In Natura 3;4;MANUTENÇÃO;ROTATIVO;291846;MANCAL F 206 J-NTN;5;234,0171429;PECAS REPOSICAO MECANICA;MANUTENÇÃO;SEM CONSUMO;180;1
30;706;Rolandia - Racoes;In Natura 3;4;MANUTENÇÃO;ROTATIVO;302837;MEIA EMENDA PARA CORRENTE DE;2;8,166;PECAS REPOSICAO MECANICA;MANUTENÇÃO;SEM CONSUMO;180;1
30;706;Rolandia - Racoes;In Natura 3;4;MANUTENÇÃO;ROTATIVO;304699;BUCHA ROLAMENTO FIXACAO DIAM;4;186,08;PECAS REPOSICAO MECANICA;MANUTENÇÃO;SEM CONSUMO;180;1
30;706;Rolandia - Racoes;In Natura 3;4;MANUTENÇÃO;ROTATIVO;308315;NIPLE COMUM/DUPLO FE MALE GF;2;36,60457325;PECAS REPOSICAO HIDRAULICA;MANUTENÇÃO;SEM CONSUMO;180;1
30;706;Rolandia - Racoes;In Natura 3;4;MANUTENÇÃO;ROTATIVO;329691;RODA DENTADA SIMPLES FORMA R;2;205,02;PECAS REPOSICAO MECANICA;MANUTENÇÃO;SEM CONSUMO;180;1
30;706;Rolandia - Racoes;In Natura 3;4;MANUTENÇÃO;ROTATIVO;337090;ROLAMENTO 6204 DDU;7;148,6898438;PECAS REPOSICAO MECANICA;MANUTENÇÃO;SEM CONSUMO;180;1
30;706;Rolandia - Racoes;In Natura 3;4;MANUTENÇÃO;ROTATIVO;378526;BUCHA ROLAMENTO FIXACAO DIAM;2;269,16;PECAS REPOSICAO MECANICA;MANUTENÇÃO;SEM CONSUMO;180;1
30;706;Rolandia - Racoes;In Natura 3;4;MANUTENÇÃO;ROTATIVO;379234;BUCHA ROLAMENTO FIXACAO DIAM;6;1836,981707;PECAS REPOSICAO MECANICA;MANUTENÇÃO;SEM CONSUMO;180;1
30;706;Rolandia - Racoes;In Natura 3;4;MANUTENÇÃO;ROTATIVO;380756;CURVA SOLDAVEL ANG 45° RAIO;3;15;PECAS REPOSICAO MECANICA;MANUTENÇÃO;SEM CONSUMO;180;1
30;706;Rolandia - Racoes;In Natura 3;4;MANUTENÇÃO;ROTATIVO;383408;REDUCAO TUBO METALICO TIPO C;11;78,52224933;PECAS REPOSICAO HIDRAULICA;MANUTENÇÃO;SEM CONSUMO;180;1
30;706;Rolandia - Racoes;In Natura 3;4;MANUTENÇÃO;ROTATIVO;389572;MARTELO C/BORDA POLIURETANO;2;1908,5295;PECAS REPOSICAO MECANICA;MANUTENÇÃO;SEM CONSUMO;180;1
30;706;Rolandia - Racoes;In Natura 3;4;MANUTENÇÃO;ROTATIVO;419884;ABRACADEIRA ROSCA S/FIM MATE;40;391,872;PECAS REPOSICAO MECANICA;MANUTENÇÃO;SEM CONSUMO;180;1
30;706;Rolandia - Racoes;In Natura 3;4;MANUTENÇÃO;ROTATIVO;435250;ROLAMENTO ROLO ESFERICO AUTO;4;1657,615;PECAS REPOSICAO MECANICA;MANUTENÇÃO;SEM CONSUMO;180;1
30;706;Rolandia - Racoes;In Natura 3;4;MANUTENÇÃO;ROTATIVO;464915;JUNTA MATERIAL AMIANTO GRAFI;2;659,188;PECAS REPOSICAO MECANICA;MANUTENÇÃO;SEM CONSUMO;180;1
30;706;Rolandia - Racoes;In Natura 3;4;MANUTENÇÃO;ROTATIVO;486558;EMENDA CORRENTE ELO SIMPLES;2;24,75333332;PECAS REPOSICAO MECANICA;MANUTENÇÃO;SEM CONSUMO;180;1
30;706;Rolandia - Racoes;In Natura 3;4;MANUTENÇÃO;ROTATIVO;496133;RETENTOR BA MATERIAL COMPOST;6;83,208;PECAS REPOSICAO MECANICA;MANUTENÇÃO;SEM CONSUMO;180;1
30;706;Rolandia - Racoes;In Natura 3;4;MANUTENÇÃO;ROTATIVO;496139;RETENTOR BA MATERIAL COMPOST;6;91,68;PECAS REPOSICAO MECANICA;MANUTENÇÃO;SEM CONSUMO;180;1
30;706;Rolandia - Racoes;In Natura 3;4;MANUTENÇÃO;ROTATIVO;510591;ROLAMENTO ESFERA RIGIDO CARG;3;327,29;PECAS REPOSICAO MECANICA;MANUTENÇÃO;SEM CONSUMO;180;1
30;706;Rolandia - Racoes;In Natura 3;4;MANUTENÇÃO;ROTATIVO;574613;CAPA PROTECAO POLIAMIDA PRET;11;1622,033358;PECAS REPOSICAO MECANICA;MANUTENÇÃO;SEM CONSUMO;180;1
30;706;Rolandia - Racoes;In Natura 3;4;MANUTENÇÃO;ROTATIVO;577407;PNEU MATERIAL COMPOSTO BORRA;2;110;PECAS REPOSICAO VEICULOS;MANUTENÇÃO;SEM CONSUMO;180;1
30;706;Rolandia - Racoes;In Natura 3;4;MANUTENÇÃO;ROTATIVO;586577;ADESIVO ACRILICO BASE ESTER;5;1441,405;PECAS REPOSICAO MECANICA;MANUTENÇÃO;SEM CONSUMO;180;1
30;706;Rolandia - Racoes;In Natura 3;4;MANUTENÇÃO;ROTATIVO;752690;MOLA COIMBRA;3;331,94;PECAS REPOSICAO MECANICA;MANUTENÇÃO;SEM CONSUMO;180;1
30;706;Rolandia - Racoes;In Natura 3;4;MANUTENÇÃO;ROTATIVO;914053;ROLAMENTO RIGIDO ESFERA UC21;2;905,665;PECAS REPOSICAO MECANICA;MANUTENÇÃO;SEM CONSUMO;180;1
30;706;Rolandia - Racoes;In Natura 3;5;PRODUTO QUIMICOS E LIMPEZA;ROTATIVO;485202;OLEO LUBRIFICANTE LIQUIDO LI;4;5200;COMBUSTIVEIS E LUBRIFICANTES;MANUTENÇÃO;SEM CONSUMO;180;1
30;706;Rolandia - Racoes;In Natura 3;5;PRODUTO QUIMICOS E LIMPEZA;ROTATIVO;614327;SAPONACEO SAPOLIO RADIUM 300;10;51,9;MATERIAIS DE HIGIENE E LIMPEZA;AUXILIARES DA INDUSTRIA;SEM CONSUMO;180;1
30;706;Rolandia - Racoes;In Natura 3;6;UNIFORMES E SPI´S;ROTATIVO;387007;MASCARA DE SOLDA DE;2;646,4666667;EQUIPAMENTOS DE PROTECAO - EPI;AUXILIARES DA INDUSTRIA;SEM CONSUMO;180;1
30;706;Rolandia - Racoes;In Natura 3;6;UNIFORMES E SPI´S;ROTATIVO;402758;TRAVA QUEDA TIPO CORDA SEGUR;6;2382,6;EQUIPAMENTOS DE PROTECAO - EPI;AUXILIARES DA INDUSTRIA;SEM CONSUMO;180;1
30;706;Rolandia - Racoes;In Natura 3;6;UNIFORMES E SPI´S;ROTATIVO;402939;"MOSQUETAO P/ICA CARGA;OVAL;C";6;249,792;EQUIPAMENTOS DE PROTECAO - EPI;AUXILIARES DA INDUSTRIA;SEM CONSUMO;180;1
30;706;Rolandia - Racoes;In Natura 3;6;UNIFORMES E SPI´S;ROTATIVO;458879;BOTINA SEGURANCA MATERIAL CO;6;433,38;EQUIPAMENTOS DE PROTECAO - EPI;AUXILIARES DA INDUSTRIA;SEM CONSUMO;180;1
30;706;Rolandia - Racoes;In Natura 3;6;UNIFORMES E SPI´S;ROTATIVO;469870;MANGOTE SEGURANCA MATERIAL A;6;1520,235;EQUIPAMENTOS DE PROTECAO - EPI;AUXILIARES DA INDUSTRIA;SEM CONSUMO;180;1
30;706;Rolandia - Racoes;In Natura 3;8;MANUTENÇÃO ELETRICA;ROTATIVO;78558;"CONECTOR REDE;MACHO;RJ45;4 V";6;1109,21;PECAS REPOSICAO ELETRICA;MANUTENÇÃO;SEM CONSUMO;180;1
30;706;Rolandia - Racoes;In Natura 3;8;MANUTENÇÃO ELETRICA;ROTATIVO;198978;SEAL TUBO FLEXIVEL 1/2;39;216,6450001;PECAS REPOSICAO ELETRICA;MANUTENÇÃO;SEM CONSUMO;180;1
30;706;Rolandia - Racoes;In Natura 3;8;MANUTENÇÃO ELETRICA;ROTATIVO;227110;CABO 1KV FLEX 4X1,50MM2 PT V;93;555,3774;PECAS REPOSICAO ELETRICA;MANUTENÇÃO;SEM CONSUMO;180;1
30;706;Rolandia - Racoes;In Natura 3;8;MANUTENÇÃO ELETRICA;ROTATIVO;344451;CABO PVC 750 V  4X1,0 MM2;35;238,1715;PECAS REPOSICAO ELETRICA;MANUTENÇÃO;SEM CONSUMO;180;1
30;706;Rolandia - Racoes;In Natura 3;8;MANUTENÇÃO ELETRICA;ROTATIVO;377255;TAMPAO ESPECIFICO 3SB3921OAA;1;25,7;PECAS REPOSICAO MECANICA;MANUTENÇÃO;SEM CONSUMO;180;1
30;706;Rolandia - Racoes;In Natura 3;8;MANUTENÇÃO ELETRICA;ROTATIVO;382190;RELE TERMICO CONTATOS AUXILI;2;663,1;PECAS REPOSICAO ELETRICA;MANUTENÇÃO;SEM CONSUMO;180;1
30;706;Rolandia - Racoes;In Natura 3;8;MANUTENÇÃO ELETRICA;ROTATIVO;391045;TERMINAL COMPRESSAO PINO TUB;50;12,66;PECAS REPOSICAO ELETRICA;MANUTENÇÃO;SEM CONSUMO;180;1
30;706;Rolandia - Racoes;In Natura 3;8;MANUTENÇÃO ELETRICA;ROTATIVO;404831;CONECTOR TIPO RETO EXTREMIDA;1;4,512;PECAS REPOSICAO ELETRICA;MANUTENÇÃO;SEM CONSUMO;180;1
30;706;Rolandia - Racoes;In Natura 3;8;MANUTENÇÃO ELETRICA;ROTATIVO;478913;QUADRO COMANDO MATERIAL ACO;7;15676,04646;PECAS REPOSICAO ELETRICA;MANUTENÇÃO;SEM CONSUMO;180;1
30;706;Rolandia - Racoes;In Natura 3;8;MANUTENÇÃO ELETRICA;ROTATIVO;522116;"BASE;SIEMENS/6ES71936BP000BA";2;466,52;PECAS REPOSICAO ELETRICA;MANUTENÇÃO;SEM CONSUMO;180;1
30;706;Rolandia - Racoes;In Natura 3;8;MANUTENÇÃO ELETRICA;ROTATIVO;903388;BASE DO RELE FOTOELETRICO MO;5;228,925;PECAS REPOSICAO ELETRICA;MANUTENÇÃO;SEM CONSUMO;180;1
30;706;Rolandia - Racoes;In Natura 3;8;MANUTENÇÃO ELETRICA;ROTATIVO;943614;FITA ISOLANTE TIPO COMUM MAT;3;34,122;PECAS REPOSICAO ELETRICA;MANUTENÇÃO;SEM CONSUMO;180;1
30;706;Rolandia - Racoes;In Natura 3;8;MANUTENÇÃO ELETRICA;ROTATIVO;943622;FITA ISOLANTE TIPO COMUM MAT;3;32,11875;PECAS REPOSICAO ELETRICA;MANUTENÇÃO;SEM CONSUMO;180;1
30;706;Rolandia - Racoes;In Natura 3;8;MANUTENÇÃO ELETRICA;ROTATIVO;943649;FITA ISOLANTE TIPO COMUM MAT;3;31,446;PECAS REPOSICAO ELETRICA;MANUTENÇÃO;SEM CONSUMO;180;1
30;706;Rolandia - Racoes;In Natura 3;8;MANUTENÇÃO ELETRICA;ROTATIVO;990051;SENSOR MAGNETICO MK 5103;4;982,3933333;PECAS REPOSICAO ELETRICA;MANUTENÇÃO;SEM CONSUMO;180;1
30;706;Rolandia - Racoes;In Natura 3;11;MATERIAIS DE LABORATORIO;ROTATIVO;218091;"REAGENTE P/ANALISE;LIQ;ISOPR";3;2369,74;MATERIAIS DE LABORATORIO;AUXILIARES DA INDUSTRIA;SEM CONSUMO;180;1
30;706;Rolandia - Racoes;In Natura 3;11;MATERIAIS DE LABORATORIO;ROTATIVO;309211;FILTRO MILLEX 0,22MICRAS 33M;3;1979,676667;MATERIAIS DE LABORATORIO;AUXILIARES DA INDUSTRIA;SEM CONSUMO;180;1
30;706;Rolandia - Racoes;In Natura 3;11;MATERIAIS DE LABORATORIO;ROTATIVO;310784;KIT ELISA PARA MG - MYCOPLAS;2;7585,13;MATERIAIS DE LABORATORIO;AUXILIARES DA INDUSTRIA;SEM CONSUMO;180;1
30;706;Rolandia - Racoes;In Natura 3;11;MATERIAIS DE LABORATORIO;ROTATIVO;340526;CLORETO POTASSIO SOLUCAO 3MO;1;246,65;MATERIAIS DE LABORATORIO;AUXILIARES DA INDUSTRIA;SEM CONSUMO;180;1
30;706;Rolandia - Racoes;In Natura 3;11;MATERIAIS DE LABORATORIO;ROTATIVO;376640;"REAGENTE P/ANALISE;PO;IODETO";1;914,02;MATERIAIS DE LABORATORIO;AUXILIARES DA INDUSTRIA;SEM CONSUMO;180;1
30;706;Rolandia - Racoes;In Natura 3;11;MATERIAIS DE LABORATORIO;ROTATIVO;394668;MEIO CULTURA SUBSTANCIA AGAR;4;1425,288;MATERIAIS DE LABORATORIO;AUXILIARES DA INDUSTRIA;SEM CONSUMO;180;1
30;706;Rolandia - Racoes;In Natura 3;11;MATERIAIS DE LABORATORIO;ROTATIVO;448557;PAPEL GRAU CIRURGICO POLIPRO;5;917,97;MATERIAIS DE LABORATORIO;AUXILIARES DA INDUSTRIA;SEM CONSUMO;180;1
30;706;Rolandia - Racoes;In Natura 3;11;MATERIAIS DE LABORATORIO;ROTATIVO;454216;SOLUCAO PADRAO P/CONDUTIVIDA;2;754,55;MATERIAIS DE LABORATORIO;AUXILIARES DA INDUSTRIA;SEM CONSUMO;180;1
30;706;Rolandia - Racoes;In Natura 3;11;MATERIAIS DE LABORATORIO;ROTATIVO;485600;FILTRO OTICO FLUIDO LUZ MATE;1;3913,54;PECAS REPOSICAO MECANICA;MANUTENÇÃO;SEM CONSUMO;180;1
30;706;Rolandia - Racoes;In Natura 3;11;MATERIAIS DE LABORATORIO;ROTATIVO;541089;SORO IDENTIFICACAO BACTERIAN;1;1348,05;MATERIAIS DE LABORATORIO;AUXILIARES DA INDUSTRIA;SEM CONSUMO;180;1
30;706;Rolandia - Racoes;In Natura 3;11;MATERIAIS DE LABORATORIO;ROTATIVO;541091;SORO IDENTIFICACAO BACTERIAN;1;1066,12;MATERIAIS DE LABORATORIO;AUXILIARES DA INDUSTRIA;SEM CONSUMO;180;1
30;706;Rolandia - Racoes;In Natura 3;11;MATERIAIS DE LABORATORIO;ROTATIVO;547876;SORO IDENTIFICACAO BACTERIAN;2;789,91;MATERIAIS DE LABORATORIO;AUXILIARES DA INDUSTRIA;SEM CONSUMO;180;1
30;706;Rolandia - Racoes;In Natura 3;11;MATERIAIS DE LABORATORIO;ROTATIVO;563549;CARTUCHO FLUI AG USO ACIONAM;2;89,79;PECAS REPOSICAO MECANICA;MANUTENÇÃO;SEM CONSUMO;180;1
30;706;Rolandia - Racoes;In Natura 3;11;MATERIAIS DE LABORATORIO;ROTATIVO;569342;PONTEIRA PIPETA EST MAT TP C;4;2367,595455;MATERIAIS DE LABORATORIO;AUXILIARES DA INDUSTRIA;SEM CONSUMO;180;1
30;706;Rolandia - Racoes;In Natura 3;11;MATERIAIS DE LABORATORIO;ROTATIVO;600793;KIT TESTE REAGENTE FORNECIME;3;7999,0125;MATERIAIS DE LABORATORIO;AUXILIARES DA INDUSTRIA;SEM CONSUMO;180;1
30;706;Rolandia - Racoes;In Natura 3;11;MATERIAIS DE LABORATORIO;ROTATIVO;606131;"PLACA PCR;96 POÇOS;BRAND/RB7";1;1168,46;MATERIAIS DE LABORATORIO;AUXILIARES DA INDUSTRIA;SEM CONSUMO;180;1
30;706;Rolandia - Racoes;In Natura 3;11;MATERIAIS DE LABORATORIO;ROTATIVO;629714;"REAGENTE P/ANALISE;LIQUIDO;T";3;2704,05;MATERIAIS DE LABORATORIO;AUXILIARES DA INDUSTRIA;SEM CONSUMO;180;1
30;706;Rolandia - Racoes;In Natura 3;11;MATERIAIS DE LABORATORIO;ROTATIVO;710309;"PLACA POÇO PROFUNDO;POLIPROP";1;2108,3;MATERIAIS DE LABORATORIO;AUXILIARES DA INDUSTRIA;SEM CONSUMO;180;1
30;706;Rolandia - Racoes;In Natura 3;11;MATERIAIS DE LABORATORIO;ROTATIVO;786724;"SOLUÇAO PADRAO DE CONDUT;100";2;873,06;MATERIAIS DE LABORATORIO;AUXILIARES DA INDUSTRIA;SEM CONSUMO;180;1
30;706;Rolandia - Racoes;In Natura 3;11;MATERIAIS DE LABORATORIO;ROTATIVO;801909;SOLUCAO TAMPAO PH 7 MERCK  C;1;210,06;MATERIAIS DE LABORATORIO;AUXILIARES DA INDUSTRIA;SEM CONSUMO;180;1
30;706;Rolandia - Racoes;In Natura 3;11;MATERIAIS DE LABORATORIO;ROTATIVO;804398;TESOURA MULTIUSO REF 666-8 1;6;460,73;SERRAS E DISCOS DE CORTE;MANUTENÇÃO;SEM CONSUMO;180;1
30;706;Rolandia - Racoes;In Natura 3;11;MATERIAIS DE LABORATORIO;ROTATIVO;838314;ALCA CALIBRADA DESCARTAVEL T;48;343,2624;MATERIAIS DE LABORATORIO;AUXILIARES DA INDUSTRIA;SEM CONSUMO;180;1
30;706;Rolandia - Racoes;In Natura 3;11;MATERIAIS DE LABORATORIO;ROTATIVO;901937;"REAGENTE P/ANALISE;LIQ;CLORO";1;327,32;MATERIAIS DE LABORATORIO;AUXILIARES DA INDUSTRIA;SEM CONSUMO;180;1
30;787;Rolandia - Incubatorio;In Natura 3;1;ALMOXARIFADO;ROTATIVO;370293;CAIXA ARQUIVO MORTO TIPO DES;200;634;MATERIAIS DE EXPEDIENTE;MATERIAIS ADM;SEM CONSUMO;180;1
30;787;Rolandia - Incubatorio;In Natura 3;1;ALMOXARIFADO;ROTATIVO;576053;TINTEIRO-MX2212 FIXXAR;40;838,32;AUXILIAR DA INDUSTRIA;AUXILIARES DA INDUSTRIA;SEM CONSUMO;180;1
30;787;Rolandia - Incubatorio;In Natura 3;3;MANUTENÇÃO MECANICA;ROTATIVO;13628;SIRENE ELETRONICA;1;281,345;PECAS REPOSICAO ELETRICA;MANUTENÇÃO;SEM CONSUMO;180;1
30;787;Rolandia - Incubatorio;In Natura 3;3;MANUTENÇÃO MECANICA;ROTATIVO;61052;"LUMINARIA;HERMETICA;LAMP LED";24;8255,808;PECAS REPOSICAO ELETRICA;MANUTENÇÃO;SEM CONSUMO;180;1
30;787;Rolandia - Incubatorio;In Natura 3;3;MANUTENÇÃO MECANICA;ROTATIVO;61141;"FILTRO;COOPERMAQ/18461";4;708,8068148;PECAS REPOSICAO MECANICA;MANUTENÇÃO;SEM CONSUMO;180;1
30;787;Rolandia - Incubatorio;In Natura 3;3;MANUTENÇÃO MECANICA;ROTATIVO;77430;"CHAVE NIVEL TIPO BOIA;MAGNET";2;2086,96;PECAS REPOSICAO ELETRICA;MANUTENÇÃO;SEM CONSUMO;180;1
30;787;Rolandia - Incubatorio;In Natura 3;3;MANUTENÇÃO MECANICA;ROTATIVO;111903;"VALVULA ESFERA;MIN;LATAO;1/4";5;135,6;PECAS REPOSICAO MECANICA;MANUTENÇÃO;SEM CONSUMO;180;1
30;787;Rolandia - Incubatorio;In Natura 3;3;MANUTENÇÃO MECANICA;ROTATIVO;130359;"MICRO VENTILADOR;AXIAL;POLIE";20;1076,8;PECAS REPOSICAO ELETRICA;MANUTENÇÃO;SEM CONSUMO;180;1
30;787;Rolandia - Incubatorio;In Natura 3;3;MANUTENÇÃO MECANICA;ROTATIVO;153156;"SENSOR ANALOG PRESSAO;-1+0BA";2;4331,31;PECAS REPOSICAO ELETRICA;MANUTENÇÃO;SEM CONSUMO;180;1
30;787;Rolandia - Incubatorio;In Natura 3;3;MANUTENÇÃO MECANICA;ROTATIVO;251999;"SENSOR MAGNET PROXIMIDADE;19";50;6325,48;PECAS REPOSICAO ELETRICA;MANUTENÇÃO;SEM CONSUMO;180;1
30;787;Rolandia - Incubatorio;In Natura 3;3;MANUTENÇÃO MECANICA;ROTATIVO;252516;"SENSOR;COOPERMAQ/40948";2;4084,636667;PECAS REPOSICAO MECANICA;MANUTENÇÃO;SEM CONSUMO;180;1
30;787;Rolandia - Incubatorio;In Natura 3;3;MANUTENÇÃO MECANICA;ROTATIVO;257805;"SENSOR FOTOELETRICO;10-30V;1";39;32175;PECAS REPOSICAO ELETRICA;MANUTENÇÃO;SEM CONSUMO;180;1
30;787;Rolandia - Incubatorio;In Natura 3;3;MANUTENÇÃO MECANICA;ROTATIVO;265073;"SENSOR;COOPERMAQ/40947";3;6126,955;PECAS REPOSICAO MECANICA;MANUTENÇÃO;SEM CONSUMO;180;1
30;787;Rolandia - Incubatorio;In Natura 3;3;MANUTENÇÃO MECANICA;ROTATIVO;282151;"CHAVE PARTIDA PROT MOTOR;220";3;806,88375;PECAS REPOSICAO ELETRICA;MANUTENÇÃO;SEM CONSUMO;180;1
30;787;Rolandia - Incubatorio;In Natura 3;3;MANUTENÇÃO MECANICA;ROTATIVO;295035;DISJUNTOR MONOPOLAR 16A SIEM;1;8,94958741;PECAS REPOSICAO ELETRICA;MANUTENÇÃO;SEM CONSUMO;180;1
30;787;Rolandia - Incubatorio;In Natura 3;3;MANUTENÇÃO MECANICA;ROTATIVO;306562;ABRACADEIRA FLEXIVEL MATERIA;50;117,92;PECAS REPOSICAO ELETRICA;MANUTENÇÃO;SEM CONSUMO;180;1
30;787;Rolandia - Incubatorio;In Natura 3;3;MANUTENÇÃO MECANICA;ROTATIVO;308215;ROLAMENTO RIGIDO ESFERA SUC2;5;2490,55;PECAS REPOSICAO MECANICA;MANUTENÇÃO;SEM CONSUMO;180;1
30;787;Rolandia - Incubatorio;In Natura 3;3;MANUTENÇÃO MECANICA;ROTATIVO;318903;CONTATOR 25A 1NA1NF 220V 50/;4;1535,055;PECAS REPOSICAO ELETRICA;MANUTENÇÃO;SEM CONSUMO;180;1
30;787;Rolandia - Incubatorio;In Natura 3;3;MANUTENÇÃO MECANICA;ROTATIVO;323351;"ROLAMENTO FIXO ESF;17X35X10M";30;405,1725;PECAS REPOSICAO MECANICA;MANUTENÇÃO;SEM CONSUMO;180;1
30;787;Rolandia - Incubatorio;In Natura 3;3;MANUTENÇÃO MECANICA;ROTATIVO;323485;"ROLAMENTO FIXO ESF;15X35X11M";32;140,2491828;PECAS REPOSICAO MECANICA;MANUTENÇÃO;SEM CONSUMO;180;1
30;787;Rolandia - Incubatorio;In Natura 3;3;MANUTENÇÃO MECANICA;ROTATIVO;337087;ROLAMENTO ESFERA RIGIDO CARG;27;156,7960541;PECAS REPOSICAO MECANICA;MANUTENÇÃO;SEM CONSUMO;180;1
30;787;Rolandia - Incubatorio;In Natura 3;3;MANUTENÇÃO MECANICA;ROTATIVO;351620;DISJUNTOR TERMO MAGNETICO NU;5;204,145;PECAS REPOSICAO ELETRICA;MANUTENÇÃO;SEM CONSUMO;180;1
30;787;Rolandia - Incubatorio;In Natura 3;3;MANUTENÇÃO MECANICA;ROTATIVO;382144;RETENTOR BR MATERIAL BORRACH;20;280,48;PECAS REPOSICAO MECANICA;MANUTENÇÃO;SEM CONSUMO;180;1
30;787;Rolandia - Incubatorio;In Natura 3;3;MANUTENÇÃO MECANICA;ROTATIVO;385763;DISCO DESBASTE OXIDO ALUMINI;15;133,47;PECAS REPOSICAO MECANICA;MANUTENÇÃO;SEM CONSUMO;180;1
30;787;Rolandia - Incubatorio;In Natura 3;3;MANUTENÇÃO MECANICA;ROTATIVO;391223;VALVULA ESFERA 2 VIAS TRIPAR;5;671,1416667;PECAS REPOSICAO MECANICA;MANUTENÇÃO;SEM CONSUMO;180;1
30;787;Rolandia - Incubatorio;In Natura 3;3;MANUTENÇÃO MECANICA;ROTATIVO;396387;RELE FOTOELETRICO ELETRICO P;4;306,412;PECAS REPOSICAO ELETRICA;MANUTENÇÃO;SEM CONSUMO;180;1
30;787;Rolandia - Incubatorio;In Natura 3;3;MANUTENÇÃO MECANICA;ROTATIVO;398138;CABO POTENCIA COBRE ELETROLI;100;500;PECAS REPOSICAO ELETRICA;MANUTENÇÃO;SEM CONSUMO;180;1
30;787;Rolandia - Incubatorio;In Natura 3;3;MANUTENÇÃO MECANICA;ROTATIVO;411634;TERMORESISTENCIA TIPO PT100;5;1939,86;PECAS REPOSICAO ELETRICA;MANUTENÇÃO;SEM CONSUMO;180;1
30;787;Rolandia - Incubatorio;In Natura 3;3;MANUTENÇÃO MECANICA;ROTATIVO;413999;TERMOSTATO DIG FAIXA TEMPERA;2;814,5133333;PECAS REPOSICAO ELETRICA;MANUTENÇÃO;SEM CONSUMO;180;1
30;787;Rolandia - Incubatorio;In Natura 3;3;MANUTENÇÃO MECANICA;ROTATIVO;422126;PLUG INDUSTRIAL MATERIAL CAR;6;488,4361176;PECAS REPOSICAO ELETRICA;MANUTENÇÃO;SEM CONSUMO;180;1
30;787;Rolandia - Incubatorio;In Natura 3;3;MANUTENÇÃO MECANICA;ROTATIVO;431608;VALVULA SOLENOIDE C/FILTRO A;5;3890,645;PECAS REPOSICAO MECANICA;MANUTENÇÃO;SEM CONSUMO;180;1
30;787;Rolandia - Incubatorio;In Natura 3;3;MANUTENÇÃO MECANICA;ROTATIVO;472642;CHAVE SECCIONADORA MATERIAL;3;1407,603;PECAS REPOSICAO ELETRICA;MANUTENÇÃO;SEM CONSUMO;180;1
30;787;Rolandia - Incubatorio;In Natura 3;3;MANUTENÇÃO MECANICA;ROTATIVO;472917;SENSOR APLICACAO INCUBADORA;9;1960,950764;PECAS REPOSICAO ELETRICA;MANUTENÇÃO;SEM CONSUMO;180;1
30;787;Rolandia - Incubatorio;In Natura 3;3;MANUTENÇÃO MECANICA;ROTATIVO;472918;REDUTOR MATERIAL ALUMINIO AP;1;1627,915;PECAS REPOSICAO ELETRICA;MANUTENÇÃO;SEM CONSUMO;180;1
30;787;Rolandia - Incubatorio;In Natura 3;3;MANUTENÇÃO MECANICA;ROTATIVO;472943;MANOMETRO MATERIAL ACO INOX;10;3002,87;INSTR. PESOS / MEDIDAS;MANUTENÇÃO;SEM CONSUMO;180;1
30;787;Rolandia - Incubatorio;In Natura 3;3;MANUTENÇÃO MECANICA;ROTATIVO;473083;BOTAO APLICACAO MAQUINA NASC;1;200,662;PECAS REPOSICAO ELETRICA;MANUTENÇÃO;SEM CONSUMO;180;1
30;787;Rolandia - Incubatorio;In Natura 3;3;MANUTENÇÃO MECANICA;ROTATIVO;475417;ENGATE RAPIDO TIPO ENGATE FE;6;1174,45;PECAS REPOSICAO MECANICA;MANUTENÇÃO;SEM CONSUMO;180;1
30;787;Rolandia - Incubatorio;In Natura 3;3;MANUTENÇÃO MECANICA;ROTATIVO;476014;ESTEIRA MATERIAL POLICLORETO;6;6539,56;PECAS REPOSICAO MECANICA;MANUTENÇÃO;SEM CONSUMO;180;1
30;787;Rolandia - Incubatorio;In Natura 3;3;MANUTENÇÃO MECANICA;ROTATIVO;478844;RELE IMPULSO TENSAO 24V CC C;8;1228,816;PECAS REPOSICAO ELETRICA;MANUTENÇÃO;SEM CONSUMO;180;1
30;787;Rolandia - Incubatorio;In Natura 3;3;MANUTENÇÃO MECANICA;ROTATIVO;544334;BOMBA PRESSAO FLUIDO AGUA TE;2;2200,13;PECAS REPOSICAO MECANICA;MANUTENÇÃO;SEM CONSUMO;180;1
30;787;Rolandia - Incubatorio;In Natura 3;3;MANUTENÇÃO MECANICA;ROTATIVO;548906;CORREIA V PERFIL B TRANSMISS;40;8408,35;PECAS REPOSICAO MECANICA;MANUTENÇÃO;SEM CONSUMO;180;1
30;787;Rolandia - Incubatorio;In Natura 3;3;MANUTENÇÃO MECANICA;ROTATIVO;552878;DISJUNTOR CX SIMP 4 POLOS 40;5;2754,988889;PECAS REPOSICAO ELETRICA;MANUTENÇÃO;SEM CONSUMO;180;1
30;787;Rolandia - Incubatorio;In Natura 3;3;MANUTENÇÃO MECANICA;ROTATIVO;557754;CONTATOR PRINCIPAL 3 POLOS T;2;423,272;PECAS REPOSICAO ELETRICA;MANUTENÇÃO;SEM CONSUMO;180;1
30;787;Rolandia - Incubatorio;In Natura 3;3;MANUTENÇÃO MECANICA;ROTATIVO;557999;FRASCO GRADUADO MATERIAL TER;6;2830,011667;PECAS REPOSICAO MECANICA;MANUTENÇÃO;SEM CONSUMO;180;1
30;787;Rolandia - Incubatorio;In Natura 3;3;MANUTENÇÃO MECANICA;ROTATIVO;567768;"DISJUNTOR TRIPOL;23,0-28,0 A";2;2327,408;PECAS REPOSICAO ELETRICA;MANUTENÇÃO;SEM CONSUMO;180;1
30;787;Rolandia - Incubatorio;In Natura 3;3;MANUTENÇÃO MECANICA;ROTATIVO;567872;SELO MECANICO APLICACAO BOMB;1;1310,033333;PECAS REPOSICAO MECANICA;MANUTENÇÃO;SEM CONSUMO;180;1
30;787;Rolandia - Incubatorio;In Natura 3;3;MANUTENÇÃO MECANICA;ROTATIVO;590222;DISJUNTOR TRIP 50A 4,5KA 380;1;79,90916666;PECAS REPOSICAO ELETRICA;MANUTENÇÃO;SEM CONSUMO;180;1
30;787;Rolandia - Incubatorio;In Natura 3;3;MANUTENÇÃO MECANICA;ROTATIVO;597127;FECHADURA MATERIAL ACO INOX;8;3291,432;PECAS REPOSICAO CIVIL;MANUTENÇÃO;SEM CONSUMO;180;1
30;787;Rolandia - Incubatorio;In Natura 3;3;MANUTENÇÃO MECANICA;ROTATIVO;602259;"TOMADA BLINDADA;EMBUTIR;2P+T";3;310,926;PECAS REPOSICAO ELETRICA;MANUTENÇÃO;SEM CONSUMO;180;1
30;787;Rolandia - Incubatorio;In Natura 3;3;MANUTENÇÃO MECANICA;ROTATIVO;602267;"TOMADA BLINDADA;EMBUTIR;3P+T";3;488,802;PECAS REPOSICAO ELETRICA;MANUTENÇÃO;SEM CONSUMO;180;1
30;787;Rolandia - Incubatorio;In Natura 3;3;MANUTENÇÃO MECANICA;ROTATIVO;681086;"MODULO SENSOR CO2;NDIR;400 A";2;1572,944;PECAS REPOSICAO ELETRICA;MANUTENÇÃO;SEM CONSUMO;180;1
30;787;Rolandia - Incubatorio;In Natura 3;3;MANUTENÇÃO MECANICA;ROTATIVO;731984;"FILTRO;ATLAS COPCO/290130030";4;7810,855;PECAS REPOSICAO MECANICA;MANUTENÇÃO;SEM CONSUMO;180;1
30;787;Rolandia - Incubatorio;In Natura 3;3;MANUTENÇÃO MECANICA;ROTATIVO;747378;SIFAO TIPO FLEXIVEL MATERIAL;2;11,9;PECAS REPOSICAO HIDRAULICA;MANUTENÇÃO;SEM CONSUMO;180;1
30;787;Rolandia - Incubatorio;In Natura 3;3;MANUTENÇÃO MECANICA;ROTATIVO;751842;"BOMBA ALTA PRESSAO;ALUMINIO;";4;3636,735;PECAS REPOSICAO MECANICA;MANUTENÇÃO;SEM CONSUMO;180;1
30;787;Rolandia - Incubatorio;In Natura 3;3;MANUTENÇÃO MECANICA;ROTATIVO;762288;VEDA FLANGE LOCTITE 574 CURA;1;1487,1;PECAS REPOSICAO MECANICA;MANUTENÇÃO;SEM CONSUMO;180;1
30;787;Rolandia - Incubatorio;In Natura 3;3;MANUTENÇÃO MECANICA;ROTATIVO;786946;"TRANSMISSOR PRESSAO;DANFOSS/";5;2876,27;PECAS REPOSICAO ELETRICA;MANUTENÇÃO;SEM CONSUMO;180;1
30;787;Rolandia - Incubatorio;In Natura 3;3;MANUTENÇÃO MECANICA;ROTATIVO;804172;"LUMINARIA;ARANDELA;LED 5700K";10;259,5;PECAS REPOSICAO ELETRICA;MANUTENÇÃO;SEM CONSUMO;180;1
30;787;Rolandia - Incubatorio;In Natura 3;3;MANUTENÇÃO MECANICA;ROTATIVO;839231;"ROLAMENTO FIXO ESF;30X62X16M";19;594,605;PECAS REPOSICAO MECANICA;MANUTENÇÃO;SEM CONSUMO;180;1
30;787;Rolandia - Incubatorio;In Natura 3;3;MANUTENÇÃO MECANICA;ROTATIVO;925073;"SUPORTE;ISOBLOCK/110112";6;1202,185714;PECAS REPOSICAO MECANICA;MANUTENÇÃO;SEM CONSUMO;180;1
30;787;Rolandia - Incubatorio;In Natura 3;3;MANUTENÇÃO MECANICA;ROTATIVO;942549;"DISJUNTOR TRIPOL MOTOR;6,3-1";5;1477,5;PECAS REPOSICAO ELETRICA;MANUTENÇÃO;SEM CONSUMO;180;1
30;787;Rolandia - Incubatorio;In Natura 3;3;MANUTENÇÃO MECANICA;ROTATIVO;943780;"SUPRESSOR P/CONTATOR;WEG/AZR";10;320;PECAS REPOSICAO ELETRICA;MANUTENÇÃO;SEM CONSUMO;180;1
30;787;Rolandia - Incubatorio;In Natura 3;3;MANUTENÇÃO MECANICA;ROTATIVO;947664;"PERFIL;FRINOX/05020310020001";1;1291,53;PECAS REPOSICAO MECANICA;MANUTENÇÃO;SEM CONSUMO;180;1
30;787;Rolandia - Incubatorio;In Natura 3;3;MANUTENÇÃO MECANICA;ROTATIVO;955729;"FILTRO;ATLAS COPCO/290120795";2;10616,52;PECAS REPOSICAO MECANICA;MANUTENÇÃO;SEM CONSUMO;180;1
30;787;Rolandia - Incubatorio;In Natura 3;3;MANUTENÇÃO MECANICA;ROTATIVO;979926;"MODULO;WEG/10935572";1;370;PECAS REPOSICAO MECANICA;MANUTENÇÃO;SEM CONSUMO;180;1
30;787;Rolandia - Incubatorio;In Natura 3;4;COMBUSTIVEIS E LUBRIFICANTES;ROTATIVO;49827;GRAXA OLEO BR MED 3KG;4;610,812;COMBUSTIVEIS E LUBRIFICANTES;MANUTENÇÃO;SEM CONSUMO;180;1
30;787;Rolandia - Incubatorio;In Natura 3;4;COMBUSTIVEIS E LUBRIFICANTES;ROTATIVO;761673;"OLEO LUBRIFICANTE;SINTETICO;";20;5822,2;COMBUSTIVEIS E LUBRIFICANTES;MANUTENÇÃO;SEM CONSUMO;180;1
30;787;Rolandia - Incubatorio;In Natura 3;5;UNIFORMES E EPI'S;ROTATIVO;402780;PROTETOR SOLAR PROTECAO RAIO;4;246,9533333;EQUIPAMENTOS DE PROTECAO - EPI;AUXILIARES DA INDUSTRIA;SEM CONSUMO;180;1
30;787;Rolandia - Incubatorio;In Natura 3;5;UNIFORMES E EPI'S;ROTATIVO;427857;BOTA SEGURANCA Nº 37 MATERIA;3;127,8;EQUIPAMENTOS DE PROTECAO - EPI;AUXILIARES DA INDUSTRIA;SEM CONSUMO;180;1
30;787;Rolandia - Incubatorio;In Natura 3;5;UNIFORMES E EPI'S;ROTATIVO;428219;BOTINA SEGURANCA Nº 46 ;2;145,0595;EQUIPAMENTOS DE PROTECAO - EPI;AUXILIARES DA INDUSTRIA;SEM CONSUMO;180;1
30;787;Rolandia - Incubatorio;In Natura 3;5;UNIFORMES E EPI'S;ROTATIVO;428265;BOTINA SEGURANCA MATERIAL;2;268,9142;EQUIPAMENTOS DE PROTECAO - EPI;AUXILIARES DA INDUSTRIA;SEM CONSUMO;180;1
30;787;Rolandia - Incubatorio;In Natura 3;5;UNIFORMES E EPI'S;ROTATIVO;990221;PERNEIRA DE SEGURANÇA MATERI;2;97;EQUIPAMENTOS DE PROTECAO - EPI;AUXILIARES DA INDUSTRIA;SEM CONSUMO;180;1
30;787;Rolandia - Incubatorio;In Natura 3;5;UNIFORMES E EPI'S;ROTATIVO;996890;DETECTOR DE TENSAO POR APROX;1;10102,23;EQUIPAMENTOS DE PROTECAO - EPI;AUXILIARES DA INDUSTRIA;SEM CONSUMO;180;1
