cod_item;nome_item;prateleira;divisao;reparticao;est_min;est_max;lead_time;cod_fornecedor;equipamento;especificacao;locais_aplicacao
332148;ROLAMENTO 628;E1;1;1;0;0;45 DIAS;56116;GENERICO;ROLAMENTO RIGIDO ESFERA 628 UMA CARREIRA FUR CIL MAT ANEIS E CORPOS ROLANT AC ANEL EXT CIL ANEL INT CONVENC RANH S/RANH FOLGA NOR GAIOLA ACO CARBONO C/VEDACAO S/BLINDAGEM DIAM INT 8 MM DIAM EXT 24 MM LARG 8 MM;GERAL
705482;"CORREIA SINCRONIZADORA;PASSO 8MM;224 DENTES;8MGT179221";C7;5;4;1;2;45 DIAS;GATES/8MGT179221;PACMAC;"CORREIA SINCRONIZADORA FECHADA;DENTADA;PASSO 8MM;224 DENTES;LARG 21MM;CIRCUNFERENCIA 1792MM;POLIURETANO; FABR/REF: GATES/8MGT179221";PACMAC
437715;CORREIA FECHADA MATERIAL COMPOSTO BORRACHA CIRCUNFERENCIA EXTERNA 680,00 MM LARGURA 23,00 MM USO TRACAO FILME APLICACAO EMBALADORA-92110019 PACMAC;C7;5;4;4;8;45 DIAS;92110019 PACMAC;PACMAC;CORREIA FECHADA MATERIAL COMPOSTO BORRACHA CIRCUNFERENCIA EXTERNA 680,00 MM LARGURA 23,00 MM USO TRACAO FILME APLICACAO EMBALADORA-92110019 PACMAC;EMBALADORA PACMAC
474;RODA DE TRACAO;C6;2;1;0;0;45 DIAS;;;RODA DE TRACAO;
7971;CORREIA A 21;E2;1;36;0;0;45 DIAS;;;CORREIA A 21 BELLAFOODS;
12446;"COROA;DO CORTADOR AUT MAREL;";C6;1;4;1;1;45 DIAS;;JL;"COROA;DO CORTADOR AUTOMATICO MAREL;MOD 684670; FABR/REF: MEVI/23360";CORTE AUTOMATICO
12817;LAMINA REDONDA COD. 3839057;C9;3;2;1;2;45 DIAS;;;LAMINA REDONDA COD 3839057 STORK ;
13168;"PINHAO;DO CORTADOR AUT MAREL";C6;1;4;1;1;45 DIAS;;;PINHAODO CORTADOR AUT MARELMOD 684670MEVI23361;
13325;PROGRAMADOR LFL 1622 220 V;C5;4;4;0;0;45 DIAS;;;PROGRAMADOR LFL 1622 220 VOLTS PARA QUEI  PROGRAMADOR LFL 1622 220VOLTS PARA QUEIMADOR RIELLO ;
14868;SENSOR TEMP PT100 6X150NOVUS;C6;2;6;1;1;45 DIAS;;;SENSOR DE TEMPERATURA PT100 SENSOR DE TEMPERATURA PT100 6X150 NOVUS ;
17224;SENSOR MAGNETICO IFM MK5111;C6;2;4;2;5;45 DIAS;;;SENSOR MAGNETICO IFM MK5111  DROP PACK  TRANSFER IDOR ;
17676;BASE HORZT MOVEL 30130531096;C7;1;7;0;0;45 DIAS;;;BASE HORIZONTAL MOVEL COD30130531096  BASE HORIZONTAL MOVEL COD30130531096 ;
19359;BRACO 3972912 MAREL STORK;C9;5;8;50;70;45 DIAS;;;BRACO R REF 3972912 MAREL STORK ;
20289;CAMISA MATERIAL POLICLORETO ;C5;1;2;4;6;45 DIAS;;;CAMISA MATERIAL POLICLORETO VINILA USO TUBO APLICACAO EMBALADORA9212002514T PACMAC;
20375;CORREIA SINCRONIZADORA PER D;B5;5;2;0;0;45 DIAS;;;CORREIA SINCRONIZADORA PER DEN REND FAC SIMP MAT NBR MAT CORD TRAC FIB SINT EMEND CORDONEIS TRAC SEMEN COMP 144000MM PAS 38POL LARG 2000MM N DENT 180;
22796;HOLDER F/SCRAPER 177168024;C5;5;2;0;0;45 DIAS;;;HOLDER FSCRAPER COD 177168024 LINCO PROJ BIGFRANGO;
22904;POLIA ALUM. 3 CANAL A 480MM;B1;5;7;0;0;45 DIAS;;;POLIA ALUMINIO 3 CANAL A 480MM PROJ BIGFRANGO;
22923;DISJ. MOTOR GV3ME05 0,6 - 1A;C1;3;3;0;0;45 DIAS;;;DISJUNTOR MOTOR GV3ME05 06  1A PROJ BIGFRANGO;
22927;SENSOR WS/WE 160-F132 SICK;C5;4;2;0;0;45 DIAS;;;SENSOR WSWE 160F132 SICK PROJ BIGFRANGO;
22931;BLOCO COD. 617251 STORK;C9;5;2;0;0;45 DIAS;;;BLOCO COD 617251 STORK PROJ BIGFRANGO;
22976;ENGRENAGEM ESPECIAL 677658;C9;5;1;1;2;45 DIAS;;;ENGRENAGEM ESPECIAL COD 677658 STORK PROJ BIGFRANGO;
22991;GUIA ESQUERDO 3983434 STORK;C8;5;8;0;0;45 DIAS;;;GUIA ESQUERDO COD 3983434 STORK PROJ BIGFRANGO;
23061;BLOCO COD. 3983435 STORK;C8;5;8;0;0;45 DIAS;;;BLOCO COD 3983435 STORK PROJ BIGFRANGO;
23063;BLOCO COD. 3983399 STORK;C8;5;7;0;0;45 DIAS;;;BLOCO COD 3983399 STORK PROJ BIGFRANGO;
23074;GUIA COD. 3985833 STORK;C5;5;6;0;0;45 DIAS;;;GUIA COD 3985833 STORK PROJ BIGFRANGO;
23087;GUIA COD. 3983431 STORK;C8;5;2;0;0;45 DIAS;;;GUIA ENTRADA COD 3983431 STORK PROJ BIGFRANGO;
23089;BLOCO COD. 3987309 STORK;C8;5;2;0;0;45 DIAS;;;BLOCO COD 3987309 STORK PROJ BIGFRANGO;
23097;CELULA 720-5300-1042K0030;C6;2;2;0;0;45 DIAS;;;CELULA DE CARGA MAREL 72053001042K0030 PROJ BIGFRANGO;
23130;INVERSOR 1106SL32110AB211UA0;B9;4;5;0;0;45 DIAS;;;INVERSOR FREQUENCIA G110 6SL32110AB211UA0 15CV PROJ BIGFRANGO;
23155;HOLDER F/SCR 177168036 LINCO;C5;5;3;0;0;45 DIAS;;;HOLDER FSCRASPER COD177168036 LINCO PROJ BIGFRANGO;
23204;CELULA MAREL 7205300PC6K0050;C6;2;3;0;0;45 DIAS;;;CELULA DE CARGA MAREL 7205300PC6K0050 PROJ BIGFRANGO;
23238;BRACO BALANCO DIR 3480183;C6;2;3;0;0;45 DIAS;;;BRACO BALANCO DIREITO COD 3480183 ULMA PROJ BIGFRANGO;
23243;EIXO COD. 3480561 ULMA;C7;5;6;0;0;45 DIAS;;;EIXO COD 3480561 ULMA PROJ BIGFRANGO;
23294;RELE TEM M48X48 WRJ3 110/220;C7;4;4;0;0;45 DIAS;;;RELE TEMPERATURA M48X48 WRJ3 110220V PROJ BIGFRANGO;
23451;RESISTENCIA FRENAGEM OH-319;C5;4;7;0;0;45 DIAS;;;RESISTENCIA DE FRENAGEM 0H 319 MAYEKAWA PROJ BIGFRANGO;
23459;TAMPAO SILICONE 100 X 10MM;E3;1;7;0;0;45 DIAS;;;TAMPAO SILICONE 100 X 10MM LARANJA 100 10 PROJ BIGFRANGO;
23468;CORREIA SINCRONIZADA 600L075;B5;5;2;0;0;45 DIAS;;;CORREIA SINCRONIZADA 600L 075 ARTBORCORREIAS PROJ BIGFRANGO;
23480;TAMPAO SILICONE 110 X 10MM;E3;1;7;0;0;45 DIAS;;;TAMPAO SILICONE 110 X 10MM PROJ BIGFRANGO;
23490;MODULO SAIDA TSX-DMZ-28DR;C5;4;4;0;0;45 DIAS;;;MODULO SAIDA TSX  DMZ  28DR SCHNEIDER 24 VDC  12Q REL TBLK PROJ BIGFRANGO;
23532;EIXO NE 50A 868376 POS. 1005;A1;3;2;1;2;45 DIAS;;;EIXO CI B NE COD 868376 POS 1005 NETZSCH DO BRASIL 50A PROJ BIGFRANGO;
23552;FACA P/ GRAMPEADOR 50002209;C6;5;7;0;0;45 DIAS;;;FACA PARA GRAMPEADOR 50002209 POS 6 2209 LIDINEL PROJ BIGFRANGO;
23555;CHAVE PORTA FUSIVEL MZ 9021;B9;4;7;0;0;45 DIAS;;;CHAVE PORTA FUSIVEL TIPO MZ 9021 PARA MEDIA TENSAO PROJ BIGFRANGO;
23557;CONJ. DO PISTAO DO GRAMP.;B1;1;7;0;0;45 DIAS;;;CONJUNTO DO PISTAO DO GRAMPEADOR COD 30002098 PROJ BIGFRANGO;
23585;INV. FREQ. 65E6430-2UD33-7EA;C6;3;7;1;1;45 DIAS;;;INVERSOR FREQUENCIA 65E64302UD337EAC PROJ BIGFRANGO;
23594;ENCODER TST-PD-ME-B;C6;1;3;1;1;45 DIAS;;;ENCODER TSTPDMEB 6002008 RAYFLEX PROJ BIGFRANGO;
23623;ENGREN M3 Z44 L30 ACETAL;E0;6;9;0;0;45 DIAS;;;ENGRANAGEM POLIACETAL M3 Z44 L30 BRANCA PROJ BIGFRANGO;
23684;BUCHA CONICA DA POLIA MOVIDA;C6;1;4;0;0;45 DIAS;;;BUCHA CONICA DA POLIA MOVIDA JU27XX00CX11571 JUNIOR INDUSTRIA METALURGICA PROJ BIGFRANGO;
23726;EXT CARTAO MEM TSX-MRP-P128K;C5;4;2;0;0;45 DIAS;;;EXTENSAO DE CARTAO DE MEMORIA TSXMRPP128K SRAM MEM 128KM PROG PROJ BIGFRANGO;
23739;SELO BOMBA VIKINGAS/K/L495M;C6;1;3;0;0;45 DIAS;;;SELO BOMBA OL VIKINGASKL495M AV JM REFRIGERACAO LTDA DRY PH1  12 1 PROJ BIGFRANGO;
23741;INTERFACE RELE SEPAM 59694;C5;4;5;0;0;45 DIAS;;;INTERFACE PARA RELE SEPAM COD 59694 MD 24250 SCHNEIDER PROJ BIGFRANGO;
23742;ESTEIRA SL-41 1675 X 300MM;C7;5;7;0;0;45 DIAS;;;ESTEIRA PINGPONG SL41 1675 X 300MM BRANCA 300 1675 FECHADA PROJ BIGFRANGO;
23835;CARTAO UNICOM COD. 1405-002;C6;1;2;0;0;45 DIAS;;;CATAO UNICOM 1405002 1405004 JOHNSON CONTROLS PROJ BIGFRANGO;
23836;PERFIL PL RWE 4833 RWC 35831;B2;3;3;0;0;45 DIAS;;;PERFIL PLASTICO RWE 4833 BR RWC 35831 BRANCO MEGAPRENE COMERCIAL PROJ BIGFRANGO;
23851;SUPORTE TOPO ULMA 3480164;C8;2;3;0;0;45 DIAS;;;SUPORTE DE TOPO COD ULMA 3480164 PROJ BIGFRANGO;
23878;VALVULA INJECAO LIQ MWP30;C5;4;7;0;0;45 DIAS;;;VALVULA DE INJECAO DE LIQUIDO MAYEKAWA MWP30AL VHKF200 5022060 MWP30 PROJ BIGFRANGO;
24208;ROLAMENTO 32204;E1;2;6;0;0;45 DIAS;;;ROLAMENTO 32204  ROLO CONICO EXT 47MM INT 20MM ALT 20MM PROJ BIGFRANGO;
24246;ROLAMENTO 32024 A;E1;2;6;0;0;45 DIAS;;;ROLAMENTO 32024 A PROJ BIGFRANGO;
24264;COXIM DO COMPR SRP 3100;C6;1;2;0;0;45 DIAS;;;COXIM DO COMPRESSOR SRP 3100 COD 02802850 PROJ BIGFRANGO;
24274;RODA GUIA RIEZ-16F PARA EST;B2;3;5;0;0;45 DIAS;;;RODA GUIA RIEZ16F PARA ESTEIRA EMF  EIXO 212  MATERIAL POLIPROPILENO BUMERANGUE PROJ BIGFRANGO;
24292;SENSOR PRESSAO COD PA3029;C5;4;2;0;0;45 DIAS;;;SENSOR DE PRESSAO  COD PA3029  PA01RBR14AZVG IFM PROJ BIGFRANGO;
24347;VALVULA ANG DANFOSS SNV - ST;C6;3;2;0;0;45 DIAS;;;VALVULA ANGULAR DANFOSS SNV  ST  148B3742 PROJ BIGFRANGO;
24357;GAXETA 658559 LAV 500 JACTO;B4;2;6;0;0;45 DIAS;;;GAXETA U12 COD 658559 PLAV 500 JACTO PROJ BIGFRANGO;
24360;ROLAMENTO 606 2RS ACO INOX;E1;1;2;0;0;45 DIAS;;;ROLAMENTO 606 2RS EM ACO INOX  6X17X6 BLINDADO HZZ PROJ BIGFRANGO;
24361;ENGRENAGE ASA 60/1 14Z 50MM;B3;5;4;0;0;45 DIAS;;;ENGRENAGEM ASA 601 14Z CORPO DE 50MM PROJ BIGFRANGO;
24380;ENGREN RD16 E50 EIXO 50 X 50;B2;3;4;0;0;45 DIAS;;;ENGRENAGEM RD16 E50 EIXO 50 X 50MM PROJ BIGFRANGO;
24407;SELO BOMBA OLEO (FRICK 283);C6;3;5;1;2;45 DIAS;;;SELO P BOMBA DE OLEO FRICK 283  PN24770199900 0906  SELO MECANICO DRY TP H112 DIAM 1 6012X16381BC PROJ BIGFRANGO;
24505;CORREIA EMBALADORA 9211-0059;C7;5;5;2;3;45 DIAS;;;CORREIA P EMBALADORA COD92110059  PACMAC 9500 PROJ BIGFRANGO;
24780;SHAFT COD.9502-0014;C7;5;6;0;0;45 DIAS;;;SHAFT COD95020014 PACMAC PROJ BIGFRANGO;
24793;TUBING CONNECTOR COD92020078;E0;6;10;0;0;45 DIAS;;;TUBING CONNECTOR COD92020078 PACMAC PROJ BIGFRANGO;
24794;TUBING CONNECTOR COD.9502009;E0;6;10;0;0;45 DIAS;;;TUBING CONNECTOR COD95020092 PACMAC PROJ BIGFRANGO;
24798;MAYME LEVER COD.9200-0027;C7;5;6;0;0;45 DIAS;;;MAYME LEVER COD92000027 PACMAC PROJ BIGFRANGO;
24803;LOCK SHAFT COD.9214-0002;C7;5;6;0;0;45 DIAS;;;LOCK SHAFT COD92140002 PACMAC PROJ BIGFRANGO;
24837;PIVOT PIN COD.9200-0033;E0;6;10;0;0;45 DIAS;;;PIVOT PIN COD92000033 PACMAC PROJ BIGFRANGO;
25133;CORREIA TRANSP PVC 1958X600;C7;5;5;1;2;45 DIAS;;;CORREIA TRANSPORTADORA PVC 1958X600MM C GUIA CE;
54045;"VALVULA;SEW/0130303";C5;3;7;0;0;45 DIAS;;;VALVULASEW0130303;
57867;"CHAPA;USINOX/100200412429";C7;3;4;1;2;45 DIAS;;;CHAPAUSINOX100200412429;
60150;"CORREIA SINCRONIZADORA;PASSO";C7;3;7;1;2;45 DIAS;;;CORREIA SINCRONIZADORAPASSO 10MM70 DENTEST10 70040MM;
60621;"LAMINA;FOODMATE/IF05000070";C5;1;2;12;16;45 DIAS;;;LAMINAFOODMATEIF05000070;
60927;"CHAVE;FOODMATE/IH01000732";C5;2;7;1;2;45 DIAS;;;CHAVEFOODMATEIH01000732;
61793;"ROLAMENTO CONTATO ANG ESF;25";E1;5;6;4;6;45 DIAS;;;ROLAMENTO CONTATO ANG ESF25X52X15MMGAI POLIAM7205 BEP;
61844;"BARRA;USINOX/30130507361";C8;4;7;1;2;45 DIAS;;;BARRAUSINOX30130507361;
62512;"ROTOR;NETZSCH/NDB4976504";A1;3;3;1;1;45 DIAS;;;ROTORNETZSCHNDB4976504;
62575;"O-RING;SEMIL/304999900404";C9;1;5;1;2;45 DIAS;;;ORINGSEMIL304999900404;
62576;"O-RING;SEMIL/304999900059";C9;1;5;1;2;45 DIAS;;;ORINGSEMIL304999900059;
62580;"RETENTOR;SEMIL/305899900041";C9;1;5;1;2;45 DIAS;;;RETENTORSEMIL305899900041;
62581;"SUPORTE;SEMIL/241500901444";C9;1;5;1;2;45 DIAS;;;SUPORTESEMIL241500901444;
62633;"ARRUELA;MEYN/8909070150006";GR;1;3;0;0;45 DIAS;;;ARRUELAMEYN8909070150006;
72870;"PORCA;MAREL/000163347";GR;1;6;0;0;45 DIAS;;;PORCAMAREL000163347;
74971;"ROTOR;NETZSCH/NDB4967792";A1;3;3;1;1;45 DIAS;;;ROTORNETZSCHNDB4967792;
76092;"ROLAMENTO;PROVISUR/169006";SS;1;1;1;1;45 DIAS;;;ROLAMENTOPROVISUR169006;
81961;"CORREIA SINCRONIZADORA;PASSO";C8;3;9;2;4;45 DIAS;;;CORREIA SINCRONIZADORAPASSO 10MM310 DENTES32T103100;
82024;"GUIA;PROVISUR/235110";SS;1;1;1;1;45 DIAS;;;GUIAPROVISUR235110;
82339;"GUIA;PROVISUR/162356";SS;1;1;1;1;45 DIAS;;;GUIAPROVISUR162356;
82586;"ROLAMENTO;PROVISUR/168994";SS;1;1;1;1;45 DIAS;;;ROLAMENTOPROVISUR168994;
88458;"ESTEIRA;VP SOLUÇOES/7008 VPT";C4;4;6;1;2;45 DIAS;;;ESTEIRAVP SOLUÇOES7008 VPT02066;
89955;"TRANSPORTADOR;DO CORTADOR MA";C9;1;8;1;2;45 DIAS;;;TRANSPORTADORDO CORTADOR MARELMOD JLRBVSP060000009;
91554;"SENSOR FOTOELETRICO;10-30VDC";C6;2;4;1;2;45 DIAS;;;SENSOR FOTOELETRICO1030VDCIFMOGE381;
92796;"LAMINA;BRASILFRIGO/4823017";C6;4;4;4;6;45 DIAS;;;LAMINABRASILFRIGO4823017;
94040;"PARAFUSO;DA FILETADORA MAREL";GR;1;4;0;0;45 DIAS;;;PARAFUSODA FILETADORA MARELMOD AMFBX01BVSP100000236;
95651;"ROLAMENTO;PROVISUR/134014";SS;1;1;1;1;45 DIAS;;;ROLAMENTOPROVISUR134014;
96189;"SENSOR;PROVISUR/223365";SS;1;1;1;1;45 DIAS;;;SENSORPROVISUR223365;
97781;"MOLA;FOODMATE/IC00002153";C5;1;3;5;10;45 DIAS;;;MOLAFOODMATEIC00002153;
97967;"REDUTOR;FESSMANN/1062337";SS;1;1;1;1;45 DIAS;;;REDUTORFESSMANN1062337;
98081;"ENGRENAGEM;FESSMANN/1056430";SS;1;1;1;1;45 DIAS;;;ENGRENAGEMFESSMANN1056430;
99137;"PELICULA;PROVISUR/142665";SS;1;1;1;1;45 DIAS;;;PELICULAPROVISUR142665;
105930;CAPA M24 REWEFLON;E3;1;4;1;1;45 DIAS;;;CAPA EQUIPAMENTO ACOPLAMENTO MODELOSERIE DIVERSOS REFERENCIA M24 NOMEFABRICANTE REWEFLON;
107521;CORREIA 6210339 ULMA;C7;4;4;1;2;45 DIAS;;;CORREIA EQUIPAMENTO EMBALADORA MODELOSERIE GALAXY REFERENCIA 6210339 NOMEFABRICANTE ULMA;
107973;ENCODER D.37269 ESCH WEEE;C5;4;2;0;0;45 DIAS;;;ENCODER D37269 ESCH WEEE;
108247;FOTOCELULA 9382971 ULMA;C6;2;4;1;1;45 DIAS;;;FOTOCELULA EQUIPAMENTO EMBALADORA MODELOSERIE GALAXY REFERENCIA 9382971 NOMEFABRICANTE ULMA;
108344;JOGO REPARO 534D0523G02 YORK;C6;2;3;0;0;45 DIAS;;;JOGO REPARO EQUIPAMENTO COMPRESSOR MODELOSERIE TDSH 233L REFERENCIA 534D0523G02 NOMEFABRICANTE YORK;
109598;RETENTOR BRG MATERIAL BORRAC;E3;4;4;0;0;45 DIAS;;;RETENTOR BRG MATERIAL BORRACHA NITRILICA NBR ESTR LAB LISO DIAMETRO INTERNO 36 MM DIAMETRO EXTERNO 50 MM ALTURA 6 MM;
109962;BRACO 177400103 LINCO;C5;5;3;0;0;45 DIAS;;;BRACO EQUIPAMENTO DIVERSOS MODELOSERIE DIVERSOS REFERENCIA 177400103 NOMEFABRICANTE LINCO;
110626;DIAMANTE HE7731 COZZINI;B7;1;7;0;0;45 DIAS;;;DIAMANTE EQUIPAMENTO AFIADORA MODELOSERIE HE7 REFERENCIA HE7731 NOMEFABRICANTE COZZINI;
110662;LAMI 4M617359A POS. 701;C9;4;3;8;16;45 DIAS;;;LAMINA INOX PARA CORTE TENDAO PARA MAQUINA ACM 2000 POSICAO 701 REFERENCIA 4M617359A  FABRICANTE STORK;
110925;LAMINA 4M617360A POS.702;C9;4;3;8;16;45 DIAS;;;LAMINA PARA CORTE DO TENDAO 4M617360A POSICAO 702 P MAQUINA ACM 2000REFERENCIA 4M617360A;
112354;"MOTOR;PROVISUR/238781";SS;1;1;1;1;45 DIAS;;;MOTORPROVISUR238781;
113982;"CORREIA;PROVISUR/238784";SS;1;1;1;1;45 DIAS;;;CORREIAPROVISUR238784;
114089;"SELO;PROVISUR/234432";SS;1;1;1;1;45 DIAS;;;SELOPROVISUR234432;
114235;FACA PARA CLOACAS 28/6/R - C;C9;2;4;0;0;45 DIAS;;;FACA PARA CLOACAS 286R  COD 3970414  STORK;
114318;"VALVULA PNEUM CONTROL FLUX;1";C8;5;8;6;12;45 DIAS;;;VALVULA PNEUM CONTROL FLUX14BSPWERK SCHOTTWR414 ;
117684;ROTOR PARA COMPRESSOR 7,5 CV;C7;4;10;1;1;45 DIAS;;;ROTOR PARA COMPRESSOR 75 CV;
118726;MANGUEIRA HIDRAULICA MONTADA;C5;4;6;2;2;45 DIAS;;;MANGUEIRA HIDRAULICA MONTADAINOX TRANCADOSAE100R2EN8532SN;
121186;"CORREIA SINCRONIZADORA FECH;";C8;3;3;2;4;45 DIAS;;;CORREIA SINCRONIZADORA FECHPASSO 10MM750 DEN32T107500BFX;
122615;"GAXETA;DATAPACK/BS24312";C7;1;6;10;20;45 DIAS;;;GAXETADATAPACKBS24312;
130763;"BUCHA;MAREL/3911310";GR;1;5;0;0;45 DIAS;;;BUCHAMAREL3911310;
132243;"CILINDRO;PROVISUR/238797";SS;1;1;1;1;45 DIAS;;;CILINDROPROVISUR238797;
133121;"INVERSOR FREQ;380/440V;0,75K";C8;3;4;1;1;45 DIAS;;;INVERSOR FREQ380440V075KWSIEMENS6SL32101KE123UF2;
133142;"BASE;USINOX/301305518223";C6;1;3;1;1;45 DIAS;;;BASEUSINOX301305518223;
135562;"MOLA;MULTIVAC/75702000103";C4;5;7;1;4;45 DIAS;;;MOLAMULTIVAC75702000103;
136108;"INTERRUPTOR;PROVISUR/223373";SS;1;1;1;1;45 DIAS;;;INTERRUPTORPROVISUR223373;
136207;"INVERSOR;SEMIL/703999900174";C6;3;6;1;1;45 DIAS;;;INVERSORSEMIL703999900174;
136368;"MODULO INTER HOMEM MAQ;24VDC";C6;2;2;1;2;45 DIAS;;;MODULO INTER HOMEM MAQ24VDCSAMKOONEA043A;
136712;"FONTE ALIMENTACAO;100-240VAC";C5;5;3;1;1;45 DIAS;;;FONTE ALIMENTACAO100240VAC24VCC20A;
136804;"ROLO;DATAPACK/0CM00005749";C7;1;5;2;4;45 DIAS;;;ROLODATAPACK0CM00005749;
138465;"RESISTENCIA;USINOX/301305985";C6;3;5;2;4;45 DIAS;;;RESISTENCIAUSINOX301305985189;
139169;"CONEXAO;KARCHER/93693580";C4;2;7;3;6;45 DIAS;;;CONEXAOKARCHER93693580;
140015;RETENTOR ESPECIFICO 000906 M;C6;4;2;0;0;45 DIAS;;;RETENTOR ESPECIFICO 000906 MEI INDUSTRIAL;
142489;"CHAVE;SEMIL/722399900169";C6;3;7;1;1;45 DIAS;;;CHAVESEMIL722399900169;
142917;"SERVOMOTOR;MAREL/3417694";C6;3;4;1;1;45 DIAS;;;SERVOMOTORMAREL3417694;
143235;ESTEIRA EXTENDIDA COM 300MM;C6;4;6;1;1;45 DIAS;;;ESTEIRA EXTENDIDA COM 300MM X 7630 MM PARA MAQUINA B36 COD NOR9932449 SCANVAEGT;
143661;"CABO;PROVISUR/219424";SS;1;1;1;1;45 DIAS;;;CABOPROVISUR219424;
144286;"VALVULA ALIVIO;FERRO FUNDIDO";C4;1;6;4;8;45 DIAS;;;VALVULA ALIVIOFERRO FUNDIDO10MPAAJUSTE 15MPA;
144432;"FONTE;FOODMATE/IH08000001";C5;2;2;1;1;45 DIAS;;;FONTEFOODMATEIH08000001;
145963;CLP CONT ESPECIAL-1429 RC I;C7;1;3;1;2;45 DIAS;;;CLP CONTROLE ESPECIAL 18 ENTRADAS 20 SAIDAS DIGITAL 10 OHMS 115230V CORR TIPO CC 055 C CAPAC MEM 32KB INTERF  RS232RS485 PROT COMUN MODBUS CIHM 14600 MM 6800 MM 1429 RC INDUSTRIAL;
146185;"PAINEL;FOODMATE/IH01004298";C5;2;6;0;0;45 DIAS;;;PAINELFOODMATEIH01004298;
146616;"MOTOREDUTOR;0,55KW;220/380;1";SS;1;1;1;1;45 DIAS;;;MOTOREDUTOR055KW2203801745107RPMSEWWA30DRN80MK4TF;
147150;CONTROLADOR LOGICO PROGRAMAV;C6;5;7;1;1;45 DIAS;;;CONTROLADOR LOGICO PROGRAMAVEL CLP MADICON TSX MICRO TELEMECANIQUETRANSPASSE;
147184;INTERFACE HOMEM-MAQUINA (IHM;C6;5;7;1;1;45 DIAS;;;INTERFACE HOMEMMAQUINA IHM INTERFACE XBT PO 12010  TELEMECANIQUETRANSPASSE;
147538;"MOTOR;INOTEC/I225900V0013888";SS;1;1;1;1;45 DIAS;;;MOTORINOTECI225900V0013888;
148522;"REPARO;KARCHER/9320180";C4;2;3;4;8;45 DIAS;;;REPAROKARCHER9320180;
148525;"MOTOR;FESSMANN/1062209";SS;1;1;1;1;45 DIAS;;;MOTORFESSMANN1062209;
148978;"ACOPLAMENTO;SEMIL/2362009000";C9;1;3;1;2;45 DIAS;;;ACOPLAMENTOSEMIL236200900007;
150173;"ROLAMENTO;PROVISUR/169003";SS;1;1;1;1;45 DIAS;;;ROLAMENTOPROVISUR169003;
151529;"ENGRENAGEM;FESSMANN/1062166";SS;1;1;1;1;45 DIAS;;;ENGRENAGEMFESSMANN1062166;
153636;"GUIA;PROVISUR/162418";SS;1;1;1;1;45 DIAS;;;GUIAPROVISUR162418;
153909;"BOBINA SOLENOIDE;24VDC;S/FRE";C4;1;4;1;1;45 DIAS;;;BOBINA SOLENOIDE24VDCSFREQUENCIAPARKERCK18604573024UL;
154046;"ADAPTADOR;KARCHER/93693560";C4;2;2;3;6;45 DIAS;;;ADAPTADORKARCHER93693560;
154238;"BUJAO;MAREL/090600343";GR;1;5;0;0;45 DIAS;;;BUJAOMAREL090600343;
154288;ESTATOR DA BOMBA NEMO NETZSC;A1;3;9;1;2;45 DIAS;;;ESTATOR DA BOMBA NEMO NETZSCH MOD NM053BY01L07V POS3005 DENOMINACAO ES NM05301L SBE1020 72SH;
154679;"ANEL;KARCHER/63650520";C6;2;3;11;22;45 DIAS;;;ANELKARCHER63650520;
154687;BUCHA CERAMICA COD 55534840;C4;2;3;12;24;45 DIAS;;;BUCHA CERAMICA COD 55534840 P LAVA JATO KARCHER;
154709;"VEDACAO;KARCHER/63654820";C4;2;3;43;86;45 DIAS;;;VEDACAOKARCHER63654820;
154717;"VEDACAO;KARCHER/63654810";C4;3;4;43;86;45 DIAS;;;VEDACAOKARCHER63654810;
154725;"VALVULA;KARCHER/45802950";C4;2;3;86;172;45 DIAS;;;VALVULAKARCHER45802950;
156004;"MOTOR;FESSMANN/1062134";SS;1;1;1;1;45 DIAS;;;MOTORFESSMANN1062134;
156295;"ATUADOR;VP SOLUÇOES/7290 VPT";C4;4;5;2;4;45 DIAS;;;ATUADORVP SOLUÇOES7290 VPT01023;
156337;CONJUNTO MONTADO DE MANCAL D;C9;5;7;3;5;45 DIAS;;;CONJUNTO MONTADO DE MANCAL DE INOX E ROLAMENTO REF UCFL 205  ROMACO;
156411;"CORREIA TRANSP SEM-FIM;GENER";A1;16;2;1;1;45 DIAS;;;CORREIA TRANSP SEMFIMGENERAL BELT71154 5910X690MM;
156935;"TERMINAL DE VALVULAS;24VCC;F";C8;4;5;1;1;45 DIAS;;;TERMINAL DE VALVULAS24VCCFESTO530411 ;
157309;EIXO ESPECIFICO 4R575782 STO;GR;2;4;0;0;45 DIAS;;;EIXO ESPECIFICO 4R575782 STORK MAREL FOOD;
158934;"SERVOMOTOR;FOODMATE/IE080000";C5;1;6;1;2;45 DIAS;;;SERVOMOTORFOODMATEIE08000020;
159739;"CORRENTE;PROVISUR/238799";SS;1;1;1;1;45 DIAS;;;CORRENTEPROVISUR238799;
160642;"ALMOFADA;USINOX/100228290364";C9;5;1;2;2;45 DIAS;;;ALMOFADAUSINOX100228290364;
162774;"CORREIA SINCRONIZADORA;PASSO";C9;4;7;2;4;45 DIAS;;;CORREIA SINCRONIZADORAPASSO 10MM810 DENTES32T106400;
165198;"CILINDRO;PROVISUR/238795";SS;1;1;1;1;45 DIAS;;;CILINDROPROVISUR238795;
170844;EIXO ESPECIFICO 3945882 STOR;C9;4;8;0;0;45 DIAS;;;EIXO ESPECIFICO 3945882 STORK MAREL FOOD;
171257;"MOTOR ELETRICO;TRIFASICO;40H";FD;1;1;1;1;45 DIAS;;;MOTOR ELETRICOTRIFASICO40HP885RPM;
172324;MOLA DE PRESSAO L80 COD 5728;GR;1;6;0;0;45 DIAS;;;MOLA DE PRESSAO L80 COD 572899 STORK;
172340;PLACA ESPECIFICO 3995456 STO;C9;2;3;3;5;45 DIAS;;;PLACA ESPECIFICO 3995456 STORK MAREL FOOD;
174488;"CILINDRO;DATAPACK/1CM0000499";C7;1;5;2;4;45 DIAS;;;CILINDRODATAPACK1CM00004993;
175159;"RODA;PROVISUR/152893";SS;1;1;1;1;45 DIAS;;;RODAPROVISUR152893;
175346;"VENTILADOR;FESSMANN/1061410";SS;1;1;1;1;45 DIAS;;;VENTILADORFESSMANN1061410;
176620;"CABO;DRAKE/2444732";SS;1;1;1;1;45 DIAS;;;CABODRAKE2444732;
177203;"BUCHA;SEMIL/206800900121";C9;2;5;1;2;45 DIAS;;;BUCHASEMIL206800900121;
178498;"SENSOR PROX IND;CIL;10-30VDC";C8;2;4;2;4;45 DIAS;;;SENSOR PROX INDCIL1030VDC12MMOMRONE2BM12LS04M1B1;
179863;"BOTAO;FOODEMATE/IH01000666";C5;1;4;1;2;45 DIAS;;;BOTAOFOODEMATEIH01000666;
181017;"PARAFUSO;MEYN/8908040150001";GR;1;2;0;0;45 DIAS;;;PARAFUSOMEYN8908040150001;
183670;"INJETOR;PROVISUR/220066";SS;1;1;1;1;45 DIAS;;;INJETORPROVISUR220066;
183788;"PLUG;MAREL/604128";C9;4;8;1;5;45 DIAS;;;PLUGMAREL604128;
185042;"GUIA;MAREL/667152";C5;5;3;0;0;45 DIAS;;;GUIAMAREL667152;
186508;"SENSOR;FOODMATE/IH01000656";C2;2;2;3;6;45 DIAS;;;SENSORFOODMATEIH01000656;
189351;MANGUEIRA HIDRAULICA MONTADA;C6;1;5;2;2;45 DIAS;;;MANGUEIRA HIDRAULICA MONTADAINOX TRANCADOSAE100R2EN8532SN;
191799;"FONTE ALIMENTACAO;3X380-480V";C9;2;7;1;1;45 DIAS;;;FONTE ALIMENTACAO3X380480VAC24VDC40A;
192392;INVERSOR DE FREQUENCIA  LENZ;C5;4;2;0;0;45 DIAS;;;INVERSOR DE FREQUENCIA  LENZE VECTOR 037 KW 1 X 10 230V COD 8200407755 SCANVAEWGT;
193732;"ANEL;SEMIL/304999900413";C9;1;5;1;2;45 DIAS;;;ANELSEMIL304999900413;
195144;"MOTOR;FESSMANN/1062136";SS;1;1;1;1;45 DIAS;;;MOTORFESSMANN1062136;
196459;"REBOLO;BVSP/996000040";C8;5;4;2;4;45 DIAS;;;REBOLOBVSP996000040;
197411;"VEDACAO;NETZSCH/880554";SS;1;1;1;1;45 DIAS;;;VEDACAONETZSCH880554;
197717;"PAINEL;PROVISUR/142661";SS;1;1;1;1;45 DIAS;;;PAINELPROVISUR142661;
198860;"PLACA;MAREL/667123";C5;5;3;0;0;45 DIAS;;;PLACAMAREL667123;
200005;"ARRUELA;MAREL/000350205";GR;1;6;0;0;45 DIAS;;;ARRUELAMAREL000350205;
201347;"CORREIA SINCRONIZADORA;PASSO";C8;3;4;1;1;45 DIAS;;;CORREIA SINCRONIZADORAPASSO 10MM810 DENTES32T107100;
202190;"MOTOR;FESSMANN/1062412";SS;1;1;1;1;45 DIAS;;;MOTORFESSMANN1062412;
202714;"BRAÇO;MAREL/3905757";C6;4;3;2;3;45 DIAS;;;BRAÇOMAREL3905757;
204881;"BLOCO;FOODMATE/SA00217898";C4;5;4;1;1;45 DIAS;;;BLOCOFOODMATESA00217898;
205105;"GUIA;PROVISUR/219452";SS;1;1;1;1;45 DIAS;;;GUIAPROVISUR219452;
205830;"SUPORTE;MAREL/3911308";GR;2;4;0;0;45 DIAS;;;SUPORTEMAREL3911308;
207724;"PINO;MAREL/669903";C9;2;10;3;6;45 DIAS;;;PINOMAREL669903;
207850;"BUCHA;VP SOLUÇOES/5709";C4;4;5;2;4;45 DIAS;;;BUCHAVP SOLUÇOES5709;
207995;"ROLAMENTO;VP SOLUÇOES/7110";C4;4;5;8;15;45 DIAS;;;ROLAMENTOVP SOLUÇOES7110;
209823;"BOMBA;FESSMANN/1062149";SS;1;1;1;1;45 DIAS;;;BOMBAFESSMANN1062149;
211911;"ROLO;PROVISUR/238826";SS;1;1;1;1;45 DIAS;;;ROLOPROVISUR238826;
213142;"CORREIA TRANSP SEM-FIM;GENER";A1;16;2;1;1;45 DIAS;;;CORREIA TRANSP SEMFIMGENERAL BELT71155 5910X490MM;
214901;"CORRENTE;PROVISUR/122237";SS;1;1;1;1;45 DIAS;;;CORRENTEPROVISUR122237;
217280;ROLAMENTO 6405 RÍGIDO DE UMA;E1;4;3;0;0;45 DIAS;;;ROLAMENTO 6405 RÍGIDO DE UMA CARREIRA DE ESFERAS FURO CILINDRICO FOLGA NORMAL 250X800X210MM;
224928;NAVALHA 4 M 667130 A;C9;4;3;3;6;45 DIAS;;;NAVALHA 4 M 667130 A;
225436;SELO MECANICO T/21;E3;1;9;0;0;45 DIAS;;;SELO MECANICO T21  78 VITON;
227338;"MOTOR;SEMIL/300399900258";C7;1;6;1;1;45 DIAS;;;MOTORSEMIL300399900258;
227982;"ENCODER;FOODMATE/IH01000667";C5;1;5;0;0;45 DIAS;;;ENCODERFOODMATEIH01000667;
228474;"CORREIA TRANSP SEM-FIM;GENER";A1;16;2;1;1;45 DIAS;;;CORREIA TRANSP SEMFIMGENERALBELTGB U 490X7590MM;
229396;"BASE;MAREL/095500269";C9;1;7;0;0;45 DIAS;;;BASEMAREL095500269;
231445;"MOTOR;PROVISUR/238782";SS;1;1;1;1;45 DIAS;;;MOTORPROVISUR238782;
231447;"DISCO;MAREL STORK/3943374S";C8;5;6;4;8;45 DIAS;;;DISCOMAREL STORK3943374S;
231757;"ANILHA;MAREL/669904";C9;4;6;6;12;45 DIAS;;;ANILHAMAREL669904;
233772;"PARAFUSO;MEYN/00307111";C8;1;4;10;20;45 DIAS;;;PARAFUSOMEYN00307111;
236283;"DISPOSITIVO;PROVISUR/238821";SS;1;1;1;1;45 DIAS;;;DISPOSITIVOPROVISUR238821;
240983;"MODULO ELETRONICO;4 ENTRADAS";C8;2;2;1;1;45 DIAS;;;MODULO ELETRONICO4 ENTRADASBECKHOFFEL2911;
246330;"MOTOREDUTOR;1,1KW;220/380V;1";SS;1;1;1;1;45 DIAS;;;MOTOREDUTOR11KW220380V1762264RPMSEWWF29DRN90S4TF;
249936;"FILTRO;KARCHER/93910640";C4;3;4;36;72;45 DIAS;;;FILTROKARCHER93910640;
250137;"MOTOREDUTOR;1,1KW;220/380V;1";SS;1;1;1;1;45 DIAS;;;MOTOREDUTOR11KW220380V173583RPMSEWS57DRN80MP4;
251136;"INSERTO;FESSMANN/3096762";SS;1;1;1;1;45 DIAS;;;INSERTOFESSMANN3096762;
255659;"REPARO;KARCHER/93020150";C4;2;6;4;8;45 DIAS;;;REPAROKARCHER93020150;
260565;"MOTOREDUTOR;FOODMATE/IE01000";A1;19;3;1;1;45 DIAS;;;MOTOREDUTORFOODMATEIE01000340;
262281;"HELICOIDE;VP SOLUÇOES/7106 T";C4;4;6;1;2;45 DIAS;;;HELICOIDEVP SOLUÇOES7106 TCS20010000009;
265889;"DISJUNTOR TERMOMAG;TRIP;14A;";C1;2;6;1;1;45 DIAS;;;DISJUNTOR TERMOMAGTRIP14A690VCASCHNEIDERGV2LE16;
266378;"POSICIONADOR;FOODEMATE/IH010";C5;1;4;0;0;45 DIAS;;;POSICIONADORFOODEMATEIH01000506;
268633;"PLACA;MAREL/3911309";GR;1;5;0;0;45 DIAS;;;PLACAMAREL3911309;
270987;"DISPOSITIVO;PROVISUR/238828";SS;1;1;1;1;45 DIAS;;;DISPOSITIVOPROVISUR238828;
273493;"ESTEIRA;MAREL/7789360";C7;3;3;4;6;45 DIAS;;;ESTEIRAMAREL7789360;
273913;"RESISTENCIA;MULTIVAC/1918810";C4;5;7;1;3;45 DIAS;;;RESISTENCIAMULTIVAC19188101040;
275099;"CORRENTE;PROVISUR/170068";SS;1;1;1;1;45 DIAS;;;CORRENTEPROVISUR170068;
275437;"BANDEJA;PROVISUR/234439";SS;1;1;1;1;45 DIAS;;;BANDEJAPROVISUR234439;
276092;"EMENDA;FOODMATE/SA00148665B";C5;2;3;1;1;45 DIAS;;;EMENDAFOODMATESA00148665B;
276115;"CABO;FOODMATE/IH01000420";C5;2;6;0;0;45 DIAS;;;CABOFOODMATEIH01000420;
276964;"RESISTENCIA;FESSMANN/1060697";SS;1;1;1;1;45 DIAS;;;RESISTENCIAFESSMANN1060697;
278520;"PAINEL;MAYEKAWA/207619900216";FD;1;1;1;1;45 DIAS;;;PAINELMAYEKAWA207619900216;
282027;"POLIA;PROVISUR/238792";SS;1;1;1;1;45 DIAS;;;POLIAPROVISUR238792;
282595;"CORPO;JBT JOHN BEAT/27548";C9;1;8;0;0;45 DIAS;;;CORPOJBT JOHN BEAT27548;
284937;"ANILHA;MAREL/629368";GR;1;6;0;0;45 DIAS;;;ANILHAMAREL629368;
284976;"SUPORTE;WEILER/1081100";SS;1;1;1;1;45 DIAS;;;SUPORTEWEILER1081100;
285160;"ARTICULADOR;MEITECH/MEI20294";C6;4;2;0;0;45 DIAS;;;ARTICULADORMEITECHMEI2029400;
286405;"INVERSOR;MAREL/400003843";C9;5;5;1;1;45 DIAS;;;INVERSORMAREL400003843;
288060;"RODA;PROVISUR/238819";SS;1;1;1;1;45 DIAS;;;RODAPROVISUR238819;
288155;"SELO;PROVISUR/234433";SS;1;1;1;1;45 DIAS;;;SELOPROVISUR234433;
288195;ROLAMENTO AXIA AUTOCOM ROLO;C8;4;7;1;2;45 DIAS;;;ROLAMENTO AXIA AUTOCOM ROLO 29414 GAIOLA ACO RANHURA SRANHURA DIAMETRO INTERNO 70 MM DIAMETRO EXTERNO 150 MM ALTURA 48 MM;
288204;"RODA;PROVISUR/238818";SS;1;1;1;1;45 DIAS;;;RODAPROVISUR238818;
288788;"DISJUNTOR TERMOMAG;TRIP;630A";C1;5;6;1;2;45 DIAS;;;DISJUNTOR TERMOMAGTRIP630A500VSIEMENS3VM14634EE320AA0;
288816;"BUJAO;KARCHER/93690620";C4;3;2;15;30;45 DIAS;;;BUJAOKARCHER93690620;
289108;EIXO OCO KA107/FA107 0643262;GR;2;2;0;0;45 DIAS;;;EIXO OCO KA107FA107 0643262X SEW;
290973;"CORRENTE;PROVISUR/127483";SS;1;1;1;1;45 DIAS;;;CORRENTEPROVISUR127483;
292381;"EIXO;PROVISUR/238814";SS;1;1;1;1;45 DIAS;;;EIXOPROVISUR238814;
293261;ROTOR P-6;C7;1;4;0;0;45 DIAS;;;ROTOR P6;
297759;"MOTOR;PROVISUR/238778";SS;1;1;1;1;45 DIAS;;;MOTORPROVISUR238778;
303098;CORDAO ORING DE SILICONE RED;C4;5;5;2;4;45 DIAS;;;CORDAO ORING DE SILICONE REDONDO 32MM 70SHA DO MOLDE DE FORMAGEM COD 81861121032 DA MULTIVAC R530;
304212;ROSCA SEM FIM 1:4.8 COD 4585;C5;3;4;0;0;45 DIAS;;;ROSCA SEM FIM 148 COD45853 MARCA SEW;
304485;PONTO ESPECIFICO 3966051 STO;C9;2;8;2;4;45 DIAS;;;PONTO ESPECIFICO 3966051 STORK MAREL FOOD;
304518;TUBO ESPECIFICO 591803 STORK;C7;5;7;0;0;45 DIAS;;;TUBO ESPECIFICO 591803 STORK MAREL FOOD;
304852;PLACA ESPECIFICO 3964857 STO;C9;1;6;4;8;45 DIAS;;;PLACA ESPECIFICO 3964857 STORK MAREL FOOD;
305194;TECLADO ESPECIFICO 6200008 T;C8;4;3;1;2;45 DIAS;;;TECLADO ESPECIFICO 6200008 TOLEDO;
307590;LAMINA CIRCULAR PARA TRANSFE;C8;2;6;16;20;45 DIAS;;;LAMINA CIRCULAR PARA TRANSFERIDOR MEYN CODIGO 0990IDC000100;
307811;CARTAO ESPECIFICO 8942699040;C8;2;7;0;0;45 DIAS;;;CARTAO ESPECIFICO 8942699040388 MEYN;
308215;ROLAMENTO RIGIDO ESFERA SUC2;C8;4;7;4;8;45 DIAS;;;ROLAMENTO RIGIDO ESFERA SUC209 UMA CARREIRA FUR CIL MAT ANEIS E CORPOS ROLANT AI ANEL EXT ABAULADO ANEL INT CPARAF TRAVA RANH SRANH FOLGA NOR GAIOLA ACO INOX SVEDACAO DUPLA DIAM IN 45 MM DIAM EX 85 MM LARG 22 MM;
308650;MOTOR CA TIPO ASS IND CARAC;FD;1;1;1;1;45 DIAS;;;MOTOR CA TIPO ASS IND CARAC TECN AT REND FASES TRIFASICO 50CV 220380V FREQUENCIA 60HZ POLOS 4 POLOS CARCACA MOTOR 200L FATOR SERVICO 115 S1 CL ISOL F N IP66 ABNT NBR 7094 TOTALMENTE FECHADO VENTILACAO EXTERNA B3D;
310184;MEMBRANA CODIGO 9001139 (BIC;C6;1;2;0;0;45 DIAS;;;MEMBRANA CODIGO 9001139 BICO DUPLO PARA SELOVAC;
310241;EIXO ESPECIFICO 230107 SEMIL;C7;5;6;1;2;45 DIAS;;;EIXO ESPECIFICO 230107 SEMIL;
311387;CONTROLADOR LOGICO PROGRAMAV;C8;5;9;1;2;45 DIAS;;;CONTROLADOR LOGICO PROGRAMAVEL ESPECIFICO 1762L24BXB ALLEN BRADLEY;
313367;TRANSMISSOR ESPECIFICO PL265;C5;4;4;0;0;45 DIAS;;;TRANSMISSOR ESPECIFICO PL2658 IFM;
314083;"ARRUELA;KARCHER/51161140";C4;3;2;22;44;45 DIAS;;;ARRUELAKARCHER51161140;
314088;"BUCHA;KARCHER/51127460";C4;2;5;12;24;45 DIAS;;;BUCHAKARCHER51127460;
314089;"O-RING;KARCHER/63624630";C4;2;5;22;44;45 DIAS;;;ORINGKARCHER63624630;
314091;"PARAFUSO;KARCHER/55831250";C4;2;7;3;6;45 DIAS;;;PARAFUSOKARCHER55831250;
314566;"SELO;KARCHER/63625000";C4;2;5;43;86;45 DIAS;;;SELOKARCHER63625000;
314567;"ANEL;KARCHER/63633190";C4;2;3;7;14;45 DIAS;;;ANELKARCHER63633190;
314678;PLACA ESPECIFICO 3953721 STO;C9;2;4;2;4;45 DIAS;;;PLACA ESPECIFICO 3953721 STORK MAREL FOOD;
314679;GUIA GANCHOS COD 3948746 STO;C9;5;1;0;0;45 DIAS;;;GUIA GANCHOS COD 3948746 STORK;
314756;AMORTECEDOR ESPECIFICO 65050;C4;2;5;1;2;45 DIAS;;;AMORTECEDOR ESPECIFICO 65050340 KARCHER;
317086;ENGRENAGEM ESPECIFICO 42102 ;C5;3;2;0;0;45 DIAS;;;ENGRENAGEM ESPECIFICO 42102 SEW;
317898;BOBINA MATERIAL BRONZE TENSA;C9;1;4;0;0;45 DIAS;;;BOBINA MATERIAL BRONZE TENSAO 220V CORRENTE ALTERNADA FREQUENCIA 5060HZ GRAU PROTECAO IP65 APLICACAO VALVULA PNEUMATICA099257002B ASCO;
318898;CONTATOR 3P 65A/ AC3 1NA+1N;C6;4;7;1;1;45 DIAS;;;CONTATOR 3P 65A AC3 1NA1NF CWM6511 220V;
319495;DISJUNTOR MOTOR TRIP 380V CO;C6;4;7;1;2;45 DIAS;;;DISJUNTOR MOTOR TRIP 380V CORRENTE NOMINAL 40A CORRENTE AJUSTE TERMICO 2840A CORRENTE AJUSTE MAGNETICO 13XIN IEC 60947 CORRENTE MAXIMA INTERRUPCAO 50KA LARGURA 5500MM ALTURA 14000MM PROFUNDIDADE 14900MM3RV10314FA10 SIEMENS;
322212;POLIA ALUMINIO 150MM 2 CANAL;C7;1;7;2;4;45 DIAS;;;POLIA ALUMINIO 150MM 2 CANAL A;
325211;EIXO ESPECIFICO 3952411 STOR;C9;3;9;1;1;45 DIAS;;;EIXO ESPECIFICO 3952411 STORK MAREL FOOD;
325779;"IMA;MULTIVAC/85463101003";C4;5;6;4;8;45 DIAS;;;IMAMULTIVAC85463101003;
326078;FUSIVEL NH000 80A 3NA3 824-Z;C8;5;5;2;5;45 DIAS;;;FUSIVEL NH000 80A 3NA3 824Z;
327321;ESTEIRA MOD RETA CONSTEMR 50;A1;19;1;0;0;45 DIAS;;;ESTEIRA MOD RETA CONSTEMR 50  600  2 MB P400 BUMERANGUE;
330315;VEDACAO CODIGO 0481502719 (B;C6;1;6;1;1;45 DIAS;;;VEDACAO CODIGO 0481502719 BUSCH;
331241;MOTOR CA TIPO ASS IND CARAC;FD;1;1;1;1;45 DIAS;;;MOTOR CA TIPO ASS IND CARAC TECN STAN FASES TRIFASICO 4CV 220380V FREQUENCIA 60HZ POLOS 4 POLOS CARCACA MOTOR 100L FATOR SERVICO 115 S1 CL ISOL B N IP55 ABNT NBR 7094 TOTALMENTE FECHADO VENTILACAO EXTERNA B3D;
331488;PLACA CIRCUITO IMPRESSO ESPE;C8;4;3;0;0;45 DIAS;;;PLACA CIRCUITO IMPRESSO ESPECIFICO 6079922 TOLEDO;
332148;ROLAMENTO RIGIDO ESFERA 628 ;E1;1;2;0;0;45 DIAS;;;ROLAMENTO RIGIDO ESFERA 628 UMA CARREIRA FUR CIL MAT ANEIS E CORPOS ROLANT AC ANEL EXT CIL ANEL INT CONVENC RANH SRANH FOLGA NOR GAIOLA ACO CARBONO CVEDACAO SBLINDAGEM DIAM INT 8 MM DIAM EXT 24 MM LARG 8 MM;
332161;ROLAMENTO DUPLO CONICO 472-D;C8;4;6;1;2;45 DIAS;;;ROLAMENTO DUPLO CONICO 472D483;
332484;TECLADO ESPECIFICO 6079935 T;C8;4;4;2;4;45 DIAS;;;TECLADO ESPECIFICO 6079935 TOLEDO;
335402;CARTAO ELETRONICO DE COMUNIC;C4;1;6;0;0;45 DIAS;;;CARTAO ELETRONICO DE COMUNICACAO AC 123 MARCA UMA;
335825;CILINDRO PNEUMATICO DUPLO DN;E3;2;2;1;1;45 DIAS;;;CILINDRO PNEUMATICO DUPLO DNG 5080 PPV;
335961;CORREIA SINCRONIZADORA PERFI;B5;5;6;1;2;45 DIAS;;;CORREIA SINCRONIZADORA PERFIL DENTE TRAPEZOIDAL FACE SIMPLES MATERIAL BORRACHA NITRILICA NBR MAT CORD TRAC FIB SINT EMENDA CORDONEIS TRACAO CEMENDA COMPRIMENTO 2240 MM PASSO 14 MM LARGURA 85 MM 160;
337913;ENGRENAGEM MATERIAL ACO CARB;C5;3;2;0;0;45 DIAS;;;ENGRENAGEM MATERIAL ACO CARBONO USO CAIXA REDUTORA APLICACAO REDUTOR41874 SEW;
340166;CARTAO ESPECIFICO AC110 ULMA;C4;1;6;0;0;45 DIAS;;;CARTAO ESPECIFICO AC110 ULMA;
343905;FOTOCELULA T186EQ (BANNER) -;C8;2;2;2;4;45 DIAS;;;FOTOCELULA T186EQ BANNER  9376190;
343908;PULSADOR LUMINOSO ZB6CW3 COD;C4;1;6;0;0;45 DIAS;;;PULSADOR LUMINOSO ZB6CW3 CODIGO 93864;
343913;CAIXA DE CONTATOS REF.DUF01;C4;1;6;0;0;45 DIAS;;;CAIXA DE CONTATOS REFDUF01 SQUARE D;
344307;INVERSOR/CONVERSOR FREQUENCI;C6;4;6;1;2;45 DIAS;;;INVERSORCONVERSOR FREQUENCIA FASES TRIFASICO TENSAO 380V FREQ ENT 60HZ CORRENTE 4A FREQUENCIA SAIDA 0650HZ PROTECAO IP55 TEMPERATURA OPERACAO 040 C 2CV EMB 6SE64402UD215AA1 SIEMENS;
344317;PINHAO ESPECIFICO 41459 SEW;C5;3;3;0;0;45 DIAS;;;PINHAO ESPECIFICO 41459 SEW;
344844;ROLAMENTO ESPECIFICO 8906790;GR;2;5;0;0;45 DIAS;;;ROLAMENTO ESPECIFICO 8906790650013 MEYN;
344932;ROLAMENTO ESPECIFICO 8906890;C4;5;2;0;0;45 DIAS;;;ROLAMENTO ESPECIFICO 8906890170008 MEYN;
344987;MOTOR CA TIPO TR CARAC TECN;FD;1;1;1;1;45 DIAS;;;MOTOR CA TIPO TR CARAC TECN AT REND FASES TRIFASICO 3CV 220380V FREQUENCIA 60HZ POLOS 4 POLOS CARCACA MOTOR 90L FATOR SERVICO 22 S6 CL ISOL F N IP40 ABNT NBR 170941 TOTALMENTE ABERTO VENTILACAO INTERNA M1;
345646;CELULA ESPECIFICO 6090082 TO;C8;4;3;1;2;45 DIAS;;;CELULA ESPECIFICO 6090082 TOLEDO;
345745;INVERSOR/CONVERSOR FREQUENCI;C5;3;5;0;0;45 DIAS;;;INVERSORCONVERSOR FREQUENCIA FASES TRIFASICO TENSAO 380500V FREQ ENT 5060HZ CORRENTE 22A FREQUENCIA SAIDA 0600HZ PROTECAO IP20 TEMPERATURA OPERACAO 050 C 075KW SOBR MC07B00085A3400 SEW;
346771;KIT ESPECIFICO REPARO 027F31;C6;3;3;1;2;45 DIAS;;;KIT ESPECIFICO REPARO 027F3150 DANFOSS;
347854;CONVERSOR INTERFACE DEVICENE;C7;2;7;1;1;45 DIAS;;;CONVERSOR INTERFACE DEVICENETSBUS UFD11A 8238979 SEW;
349999;FREIO MATERIAL POLIAMIDA POL;C4;1;6;0;0;45 DIAS;;;FREIO MATERIAL POLIAMIDA POLIURETANO USO ROLETE APLICACAO EMBALADORA3481326 MQ MAQUINAS 3481326 ULMA;
351131;CONTROLE ESPECIFICO 18206352;E1;13;5;0;0;45 DIAS;;;CONTROLE ESPECIFICO 18206352 SEW;
351475;"PALHETA;BUSCH/0722516729";C6;5;5;1;3;45 DIAS;;;PALHETABUSCH0722516729;
351639;"DISPLAY;DANFOSS/130B1107";C6;3;2;4;8;45 DIAS;;;DISPLAYDANFOSS130B1107;
352642;DISCO CORTE MATERIAL ACO RED;C8;4;10;3;4;45 DIAS;;;DISCO CORTE MATERIAL ACO REDONDO USO CORTE APLICACAO FILETADORA0990IDC005600 MEYN;
352885;DISJUNTOR CAIXA MOLDADA PROT;C7;3;2;1;1;45 DIAS;;;DISJUNTOR CAIXA MOLDADA PROTECAO CIRCUITOS TRIPOLAR ELEMENTO PROTECAO TERMMAGN FIXO CORRENTE AJUSTE TERMICO SAJUST CORRENTE AJUSTE MAGNETICO SAJUST IEC 9472 ACIONAMENTO ALAVANCA 380VCA CAPACIDADE INTERRUPCAO 36KA 400A;
352936;PINCA ESPECIFICO 07000000G06;C8;2;3;1;2;45 DIAS;;;PINCA ESPECIFICO 07000000G0681 MEYN;
352937;PINCA ESPECIFICO 07000000G07;C8;2;3;1;2;45 DIAS;;;PINCA ESPECIFICO 07000000G0781 MEYN;
353631;ADESIVO ESPECIFICO 0906149 S;GR;1;1;0;0;45 DIAS;;;ADESIVO ESPECIFICO 0906149 STORK MAREL FOOD;
353758;MOTOR ESPECIFICO 864526 HAND;SS;1;1;1;1;45 DIAS;;;MOTOR ESPECIFICO 864526 HANDTMANN;
354032;RODA ESPECIFICO 0561460 STOR;C9;3;6;4;6;45 DIAS;;;RODA ESPECIFICO 0561460 STORK MAREL FOOD;
354113;"ARRUELA;MAREL/350207";GR;1;2;0;0;45 DIAS;;;ARRUELAMAREL350207;
354233;SERVOMOTOR ESPECIFICO 863261;SS;1;1;1;1;45 DIAS;;;SERVOMOTOR ESPECIFICO 863261 HANDTMANN;
354776;GRAXA COR BEGE BASE OLEO SIN;A1;5;3;0;0;45 DIAS;;;GRAXA COR BEGE BASE OLEO SINTETICO PENETRACAO 265295 GRAU NLGI 2 PONTO GOTA 250C TEMPERATURA TRABALHO 30140C FORNECIMENTO EMBALAGEM 1KG;
356653;BUCHA FLANGEADA MATERIAL POL;C9;5;10;1;2;45 DIAS;;;BUCHA FLANGEADA MATERIAL POLIMERO TERMOPLASTICO APLICACAO EVISCERADORA090101449 STORK MAREL FOOD;
356676;CONTATOR ESPECIFICO 9377231 ;C4;1;6;0;0;45 DIAS;;;CONTATOR ESPECIFICO 9377231 ULMA;
356738;PLACA ESPECIFICO 3934055 STO;C5;2;7;1;1;45 DIAS;;;PLACA ESPECIFICO 3934055 STORK MAREL FOOD;
357683;"ANEL;MEITECH/003484";C6;4;2;0;0;45 DIAS;;;ANELMEITECH003484;
357961;BOBINA P/VALVULA SOLENOIDE M;B9;2;2;0;0;45 DIAS;;;BOBINA PVALVULA SOLENOIDE MODELO BOBINA SSG01C5RC230E30 TENSAO 220V POTENCIA 12W FABRICANTE MYCOM;
358188;MOLA ESPECIFICO 0990V0020620;C6;2;7;0;0;45 DIAS;;;MOLA ESPECIFICO 0990V00206200 MEYN;
358210;MOLA TRACAO MATERIAL ACO INO;C8;1;7;50;70;45 DIAS;;;MOLA TRACAO MATERIAL ACO INOX USO GATILHO APLICACAO FILETADORA AUTOMATICA0990V00206100 MEYN;
358565;MODULO/CARTAO/PLACA FUNCAO C;C5;2;4;0;0;45 DIAS;;;MODULOCARTAOPLACA FUNCAO CONTROLE ELETRONICO REFERENCIA 1769SDN FABRICANTE ALLEN BRADLEY;
358706;ANEL ESPECIFICO 893521160000;GR;1;2;0;0;45 DIAS;;;ANEL ESPECIFICO 8935211600005 MEYN;
358709;RETENTOR ESPECIFICO 89346990;GR;1;2;0;0;45 DIAS;;;RETENTOR ESPECIFICO 8934699000010 MEYN;
358710;CORREIA ESPECIFICO 892900900;C8;2;5;2;3;45 DIAS;;;CORREIA ESPECIFICO 8929009000092 MEYN;
358719;ANEL ESPECIFICO 890909015000;GR;1;3;0;0;45 DIAS;;;ANEL ESPECIFICO 8909090150001 MEYN;
358766;CHAVETA ESPECIFICO 891303015;GR;4;2;0;0;45 DIAS;;;CHAVETA ESPECIFICO 8913030150006 MEYN;
358767;CHAVETA ESPECIFICO 891303015;GR;1;2;0;0;45 DIAS;;;CHAVETA ESPECIFICO 8913030150003 MEYN;
358769;ANEL ESPECIFICO 890910015001;C8;1;10;10;20;45 DIAS;;;ANEL ESPECIFICO 8909100150011 MEYN;
358771;PORCA ESPECIFICO 89091001500;GR;4;4;0;0;45 DIAS;;;PORCA ESPECIFICO 8909100150008 MEYN;
358795;NAVALHA ESPECIFICO 07000010E;C8;4;9;5;10;45 DIAS;;;NAVALHA ESPECIFICO 07000010E0148 MEYN;
359527;"PINHAO;ULMA/3480470";C9;2;10;1;2;45 DIAS;;;PINHAOULMA3480470;
359536;ENGRENAGEM ESPECIFICO 348021;C5;2;2;0;0;45 DIAS;;;ENGRENAGEM ESPECIFICO 3480216 ULMA;
360284;CILINDRO ESPECIFICO 89260990;C6;1;5;1;1;45 DIAS;;;CILINDRO ESPECIFICO 8926099000018 MEYN;
360551;"RETENTOR;KARCHER/63670990";C4;2;5;7;14;45 DIAS;;;RETENTORKARCHER63670990;
360552;ANEL ESPECIFICO 63625010 KAR;C4;2;5;14;28;45 DIAS;;;ANEL ESPECIFICO 63625010 KARCHER;
361004;"FUSIVEL;MEYN/07000000C1694";C8;2;3;4;8;45 DIAS;;;FUSIVELMEYN07000000C1694;
361352;ANEL ESPECIFICO 002230032 ST;C9;2;6;1;2;45 DIAS;;;ANEL ESPECIFICO 002230032 STORK MAREL FOOD;
361533;CAIXA ESPECIFICO 554918 STOR;E1;9;7;0;0;45 DIAS;;;CAIXA ESPECIFICO 554918 STORK MAREL FOOD;
361557;ESTEIRA ESPECIFICO SPS002000;C7;3;6;2;3;45 DIAS;;;ESTEIRA ESPECIFICO SPS0020005 MAREL FOOD SYSTEMS;
361685;EIXO ESPECIFICO 3859586 STOR;C9;3;2;1;2;45 DIAS;;;EIXO ESPECIFICO 3859586 STORK MAREL FOOD;
362730;"CORREIA;ULMA/3481073";B4;1;6;0;0;45 DIAS;;;CORREIAULMA3481073;
363048;DISJUNTOR TERMO MAGNETICO NU;C1;4;4;1;2;45 DIAS;;;DISJUNTOR TERMO MAGNETICO NUMERO POLOS BIPOLAR CURVA DISPARO C NORMA NBR NM 60898 TENSAO 440VCA CAPACIDADE INTERRUPCAO 3KA CORRENTE 10A;
363844;ENCODER ESPECIFICO 893712900;C7;3;5;1;1;45 DIAS;;;ENCODER ESPECIFICO 8937129000202 MEYN;
364523;FLANGE ESPECIFICO JU27XX00PX;C7;4;3;0;0;45 DIAS;;;FLANGE ESPECIFICO JU27XX00PX11574 METAL JUNIOR;
365725;CORREIA ESPECIFICO JU27XX00X;C7;4;3;1;2;45 DIAS;;;CORREIA ESPECIFICO JU27XX00XX15736 METAL JUNIOR;
365729;EIXO ESPECIFICO JU27XX00GT10;A1;3;2;1;1;45 DIAS;;;EIXO ESPECIFICO JU27XX00GT10363 METAL JUNIOR;
366041;DISCO TIPO DISCO CORTE MATER;C9;3;6;2;4;45 DIAS;;;DISCO TIPO DISCO CORTE MATERIAL ACO FORMA CONSTRUTIVA CIRCULAR APLICACAO DESOSSADEIRA MEYN  0990IDC000200 FABRICANTE MEYNIMESC;
366044;VALVULA ESPECIFICO 892801900;C8;1;6;0;0;45 DIAS;;;VALVULA ESPECIFICO 8928019000006 MEYN;
366738;MODULO/CARTAO/PLACA FUNCAO E;C8;4;2;1;1;45 DIAS;;;MODULOCARTAOPLACA FUNCAO EXPANSAO DIGITAL REFERENCIA CJ1WID211 FABRICANTE OMRON;
366739;MODULO/CARTAO/PLACA FUNCAO E;C8;4;2;1;2;45 DIAS;;;MODULOCARTAOPLACA FUNCAO EXPANSAO DIGITAL REFERENCIA CJ1WOD212 FABRICANTE OMRON;
366742;MODULO/CARTAO/PLACA FUNCAO C;C8;4;2;0;1;45 DIAS;;;MODULOCARTAOPLACA FUNCAO CPU REFERENCIA CJ2MCPU33 FABRICANTE OMRON;
366746;MODULO/CARTAO/PLACA FUNCAO E;C8;5;9;1;2;45 DIAS;;;MODULOCARTAOPLACA FUNCAO ENTRADA DIGITAL REFERENCIA CJ1WID261 FABRICANTE OMRON;
366747;MODULO/CARTAO/PLACA FUNCAO E;C8;4;2;1;2;45 DIAS;;;MODULOCARTAOPLACA FUNCAO EXPANSAO DIGITAL REFERENCIA CJ1WOC211 FABRICANTE OMRON;
366748;MODULO/CARTAO/PLACA FUNCAO C;C8;4;2;0;1;45 DIAS;;;MODULOCARTAOPLACA FUNCAO COMUNICACAO REFERENCIA CJ1WDRM21 FABRICANTE OMRON;
366750;MODULO/CARTAO/PLACA FUNCAO U;B9;4;5;0;1;45 DIAS;;;MODULOCARTAOPLACA FUNCAO UNIDADE REMOTA REFERENCIA GRT1DRT FABRICANTE OMRON;
366751;MODULO/CARTAO/PLACA FUNCAO E;C8;1;2;1;2;45 DIAS;;;MODULOCARTAOPLACA FUNCAO ENTRADA DIGITAL REFERENCIA GRT1ID41 FABRICANTE OMRON;
366752;MODULO/CARTAO/PLACA FUNCAO S;C8;1;2;1;2;45 DIAS;;;MODULOCARTAOPLACA FUNCAO SAIDA DIGITAL REFERENCIA GRT1OD41 FABRICANTE OMRON;
367018;IHM TELA LCD COLORIDO TECLAD;C9;1;10;1;1;45 DIAS;;;IHM TELA LCD COLORIDO TECLADO TOUCHSCREEN NS8TV01V2 OMRON;
367019;MODULO/CARTAO/PLACA FUNCAO A;C8;4;2;1;1;45 DIAS;;;MODULOCARTAOPLACA FUNCAO ALIMENTACAO REFERENCIA CJ1WPA202 FABRICANTE OMRON;
367597;ACOPLAMENTO ESPECIFICO 0990A;C8;1;6;1;2;45 DIAS;;;ACOPLAMENTO ESPECIFICO 0990A93000200 MEYN;
367600;SUPORTE ESPECIFICO 07000000G;GR;1;3;0;0;45 DIAS;;;SUPORTE ESPECIFICO 07000000G0212 MEYN;
367602;SUPORTE ESPECIFICO 07000000G;E0;6;5;0;0;45 DIAS;;;SUPORTE ESPECIFICO 07000000G0312 MEYN;
367604;ARRUELA ESPECIFICO 890907015;GR;1;3;0;0;45 DIAS;;;ARRUELA ESPECIFICO 8909070150022 MEYN;
367674;BUCHA ESPECIFICO 0990A202145;C6;2;4;3;5;45 DIAS;;;BUCHA ESPECIFICO 0990A20214500 MEYN;
367902;ENGRENAGEM ESPECIFICO 41912;C5;3;3;0;0;45 DIAS;;;ENGRENAGEM ESPECIFICO 41912 SEW;
368309;PARAFUSO ESPECIFICO 89112501;GR;1;2;0;0;45 DIAS;;;PARAFUSO ESPECIFICO 8911250150010 MEYN;
368417;INVERSOR/CONVERSOR FREQUENCI;C6;3;2;1;1;45 DIAS;;;INVERSORCONVERSOR FREQUENCIA FASES TRIFASICO TENSAO 380480V FREQ ENT 5060HZ CORRENTE 13A FREQUENCIA SAIDA 01000HZ PROTECAO IP20 TEMPERATURA OPERACAO 050 C 037KW SOBR 131B0499 DANFOSS;
368706;"LAMINA;MEYN/07000010E0348";C8;4;9;5;10;45 DIAS;;;LAMINAMEYN07000010E0348;
368885;PLACA ESPECIFICO 810328REP M;C8;1;4;1;1;45 DIAS;;;PLACA ESPECIFICO 810328REP MAREL FOOD SYSTEMS;
368928;"LAMINA;MEYN/07000010E0248";C8;4;9;5;10;45 DIAS;;;LAMINAMEYN07000010E0248;
369911;PARAFUSO ESPECIFICO 00030279;C8;1;5;0;0;45 DIAS;;;PARAFUSO ESPECIFICO 000302795 STORK MAREL FOOD;
370540;CILINDRO ESPECIFICO 10021140;C9;1;8;1;2;45 DIAS;;;CILINDRO ESPECIFICO 10021140681 USINOX;
370596;TAMPA ESPECIFICO 106917 SEW;C5;3;4;0;0;45 DIAS;;;TAMPA ESPECIFICO 106917 SEW;
372073;CHAVE PARTIDA SUAVE MOTOR TE;C8;5;9;1;2;45 DIAS;;;CHAVE PARTIDA SUAVE MOTOR TENSAO CONTROLE 220230V FREQUENCIA 60HZ TENSAO MOTOR 380VCA POTENCIA MOTOR 50CV CORRENTE 106A DISPLAY SDISPLAY PROTECAO IP55 LARGURA 55 MM ALTURA 144 MM PROFUNDIDADE 170 MM3RW4047 1BB14 NORTEL;
372351;ROLAMENTO ROLO CILINDRICO 31;C8;5;10;0;0;45 DIAS;;;ROLAMENTO ROLO CILINDRICO 316 N UMA CARREIRA CILINDRICO NORMAL ACO SVEDACAO STANDARD 80 MM 170 MM 39 MM;
372885;"ENGRENAGEM;SEW/46248";C5;3;2;0;0;45 DIAS;;;ENGRENAGEMSEW46248;
372941;ALAVANCA ESPECIFICO 27234770;C6;1;3;0;0;45 DIAS;;;ALAVANCA ESPECIFICO 272347700 YALE;
373012;VALVULA ESPECIFICO SY52605DC;C8;2;8;1;2;45 DIAS;;;VALVULA ESPECIFICO SY52605DC8 PLASMETAL;
373421;VALVULA ESPECIFICO 107954760;C5;4;7;0;0;45 DIAS;;;VALVULA ESPECIFICO 107954760 MAYEKAWA;
374388;EIXO ESPECIFICO 07000000D019;GR;2;2;0;0;45 DIAS;;;EIXO ESPECIFICO 07000000D0196 MEYN;
374390;TAMPA ESPECIFICO 07000000D09;GR;1;3;0;0;45 DIAS;;;TAMPA ESPECIFICO 07000000D0995 MEYN;
374395;REDUTOR ESPECIFICO 893230904;C8;3;3;1;2;45 DIAS;;;REDUTOR ESPECIFICO 8932309040098 MEYN;
374397;ANEL ESPECIFICO 890913015000;GR;1;3;0;0;45 DIAS;;;ANEL ESPECIFICO 8909130150003 MEYN;
374398;PORCA ESPECIFICO 89091601500;GR;1;3;0;0;45 DIAS;;;PORCA ESPECIFICO 8909160150003 MEYN;
374699;CONTROL LOGICO PROGRAMAVEL T;C7;1;2;1;2;45 DIAS;;;CONTROL LOGICO PROGRAMAVEL TENS 24VCC CAPACIDADE MEMORIA 20KB QUANTIDADE ENTRADA ANALOGICA 4 QTD ENT DIG 20 QTD SAID ANALOG 2 QTD SAID DIG 6 DF1 SIHM 1766L32BXBAROCKWELL;
374804;NAVALHA ESPECIFICO BA08SD10I;C7;4;3;25;35;45 DIAS;;;NAVALHA ESPECIFICO BA08SD10IT09860 METAL JUNIOR;
375104;CURVA ESPECIFICO 07000000G01;GR;1;1;0;0;45 DIAS;;;CURVA ESPECIFICO 07000000G0177 MEYN;
375168;KIT ESPECIFICO DATADOR 10022;C9;1;6;1;1;45 DIAS;;;KIT ESPECIFICO DATADOR 10022161283 USINOX;
375566;ENGRENAGEM ESPECIFICO 0990A6;GR;1;2;0;0;45 DIAS;;;ENGRENAGEM ESPECIFICO 0990A6032900 MEYN;
375708;TRANSFORMADOR CORR APLICACAO;C5;4;3;0;0;45 DIAS;;;TRANSFORMADOR CORR APLICACAO MEDICAO 06KV ISOLACAO POLICARBONATO 15005A CLASSE EXATIDAO 06 CARGA NOMINAL 125VA;
375819;DISCO ESPECIFICO 3964082 STO;C5;5;6;1;2;45 DIAS;;;DISCO ESPECIFICO 3964082 STORK MAREL FOOD;
375863;CONTROLADOR ESPECIFICO 3146I;C4;1;7;1;1;45 DIAS;;;CONTROLADOR ESPECIFICO 3146I008 JOHNSON CONTROLS;
375864;CAIXA ESPECIFICO 155386403 J;C7;2;2;1;1;45 DIAS;;;CAIXA ESPECIFICO 155386403 JOHNSON CONTROLS;
376158;FLANGE ESPECIFICO 8926059000;C8;1;6;0;0;45 DIAS;;;FLANGE ESPECIFICO 8926059000020 MEYN;
376611;TAMPA ESPECIFICO 07000000D02;GR;1;3;0;0;45 DIAS;;;TAMPA ESPECIFICO 07000000D0296 MEYN;
376888;ELEMENTO ACOP PNEU MAT NBR T;E3;1;5;2;4;45 DIAS;;;ELEMENTO ACOP PNEU MAT NBR TAMANHO 50 MODELO GA50;
378215;ATUADOR PNEUMATICO ROTATIVO;C6;2;7;2;4;45 DIAS;;;ATUADOR PNEUMATICO ROTATIVO MAT CORPO AL ACAO DUPLA PRINC ACION CREMAL ACIONAMENTO SOLENOIDE 0A90 TEMPERATURA TRABALHO 30C100C TENS 220VCA FREQ 5060HZ TORQUE 577 NM FAI PRES 0A8BAR EXTREMIDADE BSP 14POL NUMERO MOLAS NAO APLICAVEL;
378327;PLACA ESPECIFICO 3863205 STO;GR;1;5;0;0;45 DIAS;;;PLACA ESPECIFICO 3863205 STORK MAREL FOOD;
378340;INSERTO ESPECIFICO 3952045 S;C5;4;3;0;0;45 DIAS;;;INSERTO ESPECIFICO 3952045 STORK MAREL FOOD;
378736;"RETENÇAO;PLASMETAL/5813";C7;1;2;1;2;45 DIAS;;;RETENÇAOPLASMETAL5813;
378911;GERADOR ESPECIFICO 1401 PLAS;C8;4;6;2;4;45 DIAS;;;GERADOR ESPECIFICO 1401 PLASMETAL;
379848;MODULO/CARTAO/PLACA FUNCAO S;C8;5;5;1;1;45 DIAS;;;MODULOCARTAOPLACA FUNCAO SAIDA DIGITAL REFERENCIA 1734OB4E FABRICANTE ALLEN BRADLEY;
380376;"VALVULA;SEW/130311";C5;3;4;3;5;45 DIAS;;;VALVULASEW130311;
380593;"VENTOINHA;BUSCH/0524513479";E1;4;10;1;1;45 DIAS;;;VENTOINHABUSCH0524513479;
380720;ROLAMENTO ESPECIFICO 000851;C5;5;2;0;0;45 DIAS;;;ROLAMENTO ESPECIFICO 000851 MEI INDUSTRIAL;
380727;BICO ESPECIFICO 001045 MEI I;C6;4;2;0;0;45 DIAS;;;BICO ESPECIFICO 001045 MEI INDUSTRIAL;
380958;CARRINHO ESPECIFICO 07000000;C8;1;2;1;2;45 DIAS;;;CARRINHO ESPECIFICO 07000000H0094 MEYN;
381131;PINO ESPECIFICO 07000010B004;C8;1;6;1;1;45 DIAS;;;PINO ESPECIFICO 07000010B0042 MEYN;
383017;TERMINAL ELETRICO TIPO COMPR;C2;4;6;20;30;45 DIAS;;;TERMINAL ELETRICO TIPO COMPRESSAO MATERIAL COBRE ACABAMENTO ESTANHADO ISOLACAO SISOLAMENTO MATERIAL NAO APLICAVEL COR NAO APLICAVEL N FU 1 FURO DIAMETRO FURO 13 MM SECAO MAXIMA 150MM2;
383951;BUCHA ESPECIFICO REFERENCIA;GR;1;5;0;0;45 DIAS;;;BUCHA ESPECIFICO REFERENCIA 90100371 FABRICANTE STORK;
385746;PALHETA ESPECIFICO 18571 HIG;C9;5;6;14;28;45 DIAS;;;PALHETA ESPECIFICO 18571 HIGH TECH;
386158;ENGRENAGEM ESPECIFICO 0470PP;B3;5;3;0;0;45 DIAS;;;ENGRENAGEM ESPECIFICO 0470PP POLYPAK;
386506;BLOCO CONTATO AUXILIAR CONTA;C2;2;7;1;2;45 DIAS;;;BLOCO CONTATO AUXILIAR CONTATOS AUXILIARES 1NA1NF REFERENCIA XE2NP2151 FABRICANTE SCHNEIDER ELETRIC;
387450;PINHAO ESPECIFICO 41130 SEW;C5;3;3;0;0;45 DIAS;;;PINHAO ESPECIFICO 41130 SEW;
387472;ROTOR SEMI ABERTO MATERIAL F;C5;4;3;1;1;45 DIAS;;;ROTOR SEMI ABERTO MATERIAL FERRO FUNDIDO DIAMETRO 24000MM APLICACAO BOMBA CENTRIFUGA080270910490 TRIGLAU;
387864;PINO ESPECIFICO 3801336 STOR;C9;3;6;5;10;45 DIAS;;;PINO ESPECIFICO 3801336 STORK MAREL FOOD;
387897;ANEL ESPECIFICO 669429 STORK;C9;3;6;25;30;45 DIAS;;;ANEL ESPECIFICO 669429 STORK MAREL FOOD;
387953;ELEMENTO ESPECIFICO 02100119;B7;4;6;1;2;45 DIAS;;;ELEMENTO ESPECIFICO 02100119AT SCHULZ;
387954;MACANETA ESPECIFICO 26360055;E0;4;2;0;0;45 DIAS;;;MACANETA ESPECIFICO 26360055 DANICA;
388251;DISJUNTOR MOTOR TRIP 220VCA;C1;2;3;1;1;45 DIAS;;;DISJUNTOR MOTOR TRIP 220VCA CORRENTE NOMINAL 16A CORRENTE AJUSTE TERMICO 1116A CORRENTE AJUSTE MAGNETICO 13XIN IEC 60947 CORRENTE MAXIMA INTERRUPCAO 100KA LARGURA 45 MM ALTURA 97 MM PROFUNDIDADE 96 MM;
388493;CILINDRO ESPECIFICO 2038 PLA;C8;1;4;0;0;45 DIAS;;;CILINDRO ESPECIFICO 2038 PLASMETAL;
388708;RETENTOR BAGS MATERIAL COMPO;GR;2;5;0;0;45 DIAS;;;RETENTOR BAGS MATERIAL COMPOSTO BORRACHA NITRILICA ESTRIA LABIO LISO DIAMETRO INTERNO 4000 MM DIAMETRO EXTERNO 9000 MM ALTURA 1000 MM177474 SEW;
388779;"TAMPA;KARCHER/54111730";C4;2;3;5;10;45 DIAS;;;TAMPAKARCHER54111730;
388864;ENGRENAGEM ESPECIFICO 42072;C5;3;2;0;0;45 DIAS;;;ENGRENAGEM ESPECIFICO 42072 SEW;
389558;BLOCO ESPECIFICO 3864063 STO;GR;1;5;0;0;45 DIAS;;;BLOCO ESPECIFICO 3864063 STORK MAREL FOOD;
390520;ANEL ESPECIFICO 070000000038;GR;1;3;0;0;45 DIAS;;;ANEL ESPECIFICO 0700000000384 MEYN;
390727;ROLAMENTO RIGIDO ESFERA Y215;C6;1;5;1;2;45 DIAS;;;ROLAMENTO RIGIDO ESFERA Y215 UMA CARREIRA FUR CIL MAT ANEIS E CORPOS ROLANT AC ANEL EXT ABAULADO ANEL INT CPARAF TRAVA RANH CRANH ANEL RET FOLGA NOR GAIOLA ACO CARBONO DUPLA CBLINDAGEM DIAM INT 75 MM DIAM EXT 130 MM LARG 778 MM SKF;
391408;DENTE ESPECIFICO 3897413 STO;C9;2;3;12;24;45 DIAS;;;DENTE ESPECIFICO 3897413 STORK MAREL FOOD;
391838;PORCA ESPECIFICO 000185074 S;GR;1;6;0;0;45 DIAS;;;PORCA ESPECIFICO 000185074 STORK MAREL FOOD;
391993;BICO ESPECIFICO 93024940 KAR;C4;3;2;10;16;45 DIAS;;;BICO ESPECIFICO 93024940 KARCHER;
393785;BARRA NAO METALICA CIRCULAR;B3;1;5;1;1;45 DIAS;;;BARRA NAO METALICA CIRCULAR POLIETILENO ULTRA ALTO PESO MOLECULAR SEM ACABAMENTO DIMENSOES 70MM COMPRIMENTO 1000 MM;
394337;ACOPLAMENTO ESPECIFICO E148;C6;1;6;2;3;45 DIAS;;;ACOPLAMENTO ESPECIFICO E148 IMOTO;
394650;RETENTOR ESPECIFICO 89347990;C8;3;4;0;0;45 DIAS;;;RETENTOR ESPECIFICO 8934799000011 MEYN;
394656;ROLAMENTO ESPECIFICO 8906890;C7;2;4;0;0;45 DIAS;;;ROLAMENTO ESPECIFICO 8906890650042 MEYN;
395666;SEPARADOR ESPECIFICO 591805;GR;1;1;0;0;45 DIAS;;;SEPARADOR ESPECIFICO 591805 STORK MAREL FOOD;
395696;BROCA ESPECIFICO 3905080 STO;C9;4;8;2;5;45 DIAS;;;BROCA ESPECIFICO 3905080 STORK MAREL FOOD;
396196;ENGRENAGEM ESPECIFICO 41270;E1;9;4;0;0;45 DIAS;;;ENGRENAGEM ESPECIFICO 41270 SEW;
396657;CORREIA TRANSPORTADORA FECHA;A2;14;2;1;2;45 DIAS;;;CORREIA TRANSPORTADORA FECHADA MATERIAL COMPOSTO BORRACHA NITRILICA CIRCUNFERENCIA EXTERNA 207200 MM LARGURA 20500 MM APLICACAO SEPARADOR NERVOS37010245 BAADER JOHNSON;
397020;ESTILETE ESPECIFICO NB1010BP;C9;1;2;5;10;45 DIAS;;;ESTILETE ESPECIFICO NB1010BP NB LAMINAS;
397320;MOTOR ESPECIFICO 89329590402;C9;1;10;0;0;45 DIAS;;;MOTOR ESPECIFICO 8932959040246 MEYN;
397840;PLACA CIRCUITO IMPRESSO ESPE;C6;2;4;2;3;45 DIAS;;;PLACA CIRCUITO IMPRESSO ESPECIFICO 9385668 ULMA;
398230;MOLA ESPECIFICO 30418 PLASME;C8;5;4;2;4;45 DIAS;;;MOLA ESPECIFICO 30418 PLASMETAL;
398258;DENTE ESPECIFICO 576743 STOR;E0;6;2;5;10;45 DIAS;;;DENTE ESPECIFICO 576743 STORK MAREL FOOD;
398305;"EIXO;PLASMETAL/34746";C9;2;6;1;2;45 DIAS;;;EIXOPLASMETAL34746;
398571;MOLA ESPECIFICO 30417 PLASME;C9;3;6;3;6;45 DIAS;;;MOLA ESPECIFICO 30417 PLASMETAL;
398998;BLOCO CONTATO P/ BOTOES TIPO;C2;2;6;0;0;45 DIAS;;;BLOCO CONTATO P BOTOES TIPO IMPULSO CONTATO 1NA1NF LED SLED REFERENCIA 3SB34000A FABRICANTE SIEMENS;
399778;PINO ESPECIFICO 000417281 ST;GR;1;4;0;0;45 DIAS;;;PINO ESPECIFICO 000417281 STORK MAREL FOOD;
399797;ROLAMENTO AXIA ESF 51314 ESC;E1;2;7;0;0;45 DIAS;;;ROLAMENTO AXIA ESF 51314 ESCORA SIMPLES GAIOLA ACO TOLERANCIA NORMAL 70 MM 125 MM 40 MM;
400720;"ARRUELA;KARCHER/51161130";C4;2;2;43;86;45 DIAS;;;ARRUELAKARCHER51161130;
401166;RODA ESPECIFICO EVI0000576P;C7;2;5;20;40;45 DIAS;;;RODA ESPECIFICO EVI0000576P TECTRU;
402429;MORDACA ESPECIFICO 208900200;A1;3;2;1;2;45 DIAS;;;MORDACA ESPECIFICO 208900200083 SEMIL;
402470;BUCHA ESPECIFICO 1335 PLASME;C9;5;9;8;16;45 DIAS;;;BUCHA ESPECIFICO 1335 PLASMETAL;
402472;CILINDRO ESPECIFICO 2023 PLA;C9;1;2;1;2;45 DIAS;;;CILINDRO ESPECIFICO 2023 PLASMETAL;
402475;CILINDRO ESPECIFICO 2012 PLA;C9;2;8;4;8;45 DIAS;;;CILINDRO ESPECIFICO 2012 PLASMETAL;
402971;ANEL ESPECIFICO 63624960 KAR;C4;2;4;4;8;45 DIAS;;;ANEL ESPECIFICO 63624960 KARCHER;
403586;COROA MATERIAL ACO CARBONO A;C5;3;3;0;0;45 DIAS;;;COROA MATERIAL ACO CARBONO APLICACAO REDUTOR40266 SEW;
403686;ROLAMENTO ESPECIFICO EVA2018;C9;3;6;20;40;45 DIAS;;;ROLAMENTO ESPECIFICO EVA2018200 MEI INDUSTRIAL;
404851;INVERSOR/CONVERSOR FREQUENCI;C8;4;10;1;1;45 DIAS;;;INVERSORCONVERSOR FREQUENCIA FASES TRIFASICO TENSAO 380480V FREQ ENT 4763HZ CORRENTE 22A FREQUENCIA SAIDA 0650HZ PROTECAO IP20 TEMPERATURA OPERACAO 1050 C 75KW EMB 6SE64402UD275CA1 SIEMENS;
404880;"ROLAMENTO ROL CONIC;55X100X2";E1;3;6;0;0;45 DIAS;;;ROLAMENTO ROL CONIC55X100X25MM32211;
405138;ROLETE ACO INOX GUIA MOVIMEN;C6;4;2;0;0;45 DIAS;;;ROLETE ACO INOX GUIA MOVIMENTACAO MAQUINA INSPECAO INICIALINS3003200 MEI INDUSTRIAL;
405265;"PINHAO;SEW/41319";C5;3;3;0;0;45 DIAS;;;PINHAOSEW41319;
405386;BLOCO ESPECIFICO 07000000G01;C8;2;2;0;0;45 DIAS;;;BLOCO ESPECIFICO 07000000G0112 MEYN;
405862;CORREIA ESPECIFICO 6210670 U;C6;2;2;1;2;45 DIAS;;;CORREIA ESPECIFICO 6210670 ULMA;
408171;ARRUELA ESPECIFICO 000350206;GR;1;6;0;0;45 DIAS;;;ARRUELA ESPECIFICO 000350206 TOWNSEND MAREL FOOD;
408604;PLACA ESPECIFICO SPM0040012;C7;1;4;1;1;45 DIAS;;;PLACA ESPECIFICO SPM0040012 MAREL FOOD SYSTEMS;
410224;ANEL ESPECIFICO 93760230 KAR;C4;2;2;4;8;45 DIAS;;;ANEL ESPECIFICO 93760230 KARCHER;
411384;ACOPLAMENTO ESPECIFICO 22275;C5;5;3;0;0;45 DIAS;;;ACOPLAMENTO ESPECIFICO 222750015 INCOMAF;
411829;MANCAL ESPECIFICO EVI0001174;C7;2;5;1;2;45 DIAS;;;MANCAL ESPECIFICO EVI0001174C TECTRU;
412711;ROLAMENTO RIGIDO ESFERA 6313;E1;3;4;0;0;45 DIAS;;;ROLAMENTO RIGIDO ESFERA 6313 UMA CARREIRA FUR CIL MAT ANEIS E CORPOS ROLANT ACO ANEL EXT CIL ANEL INT CON RANH SRANH FOLGA C3 GAIOLA ACO CARBONO SVEDACAO DUPLA DIAM IN 65 MM DIAM EX 140 MM LARG 33 MM;
413285;MORDACA ESPECIFICO 301305510;C9;4;5;2;4;45 DIAS;;;MORDACA ESPECIFICO 30130551085 USINOX;
413307;ENGRENAGEM ESPECIFICO 42137;C5;3;2;0;0;45 DIAS;;;ENGRENAGEM ESPECIFICO 42137 SEW;
413420;COROA ESPECIFICO 45896 SEW;C5;3;3;0;0;45 DIAS;;;COROA ESPECIFICO 45896 SEW;
415122;SUPORTE ESPECIFICO 3973608 S;OB;2;7;0;0;45 DIAS;;;SUPORTE ESPECIFICO 3973608 STORK MAREL FOOD;
415825;ROLAM ESF ANGU 7209 UMA CARR;E1;4;4;1;1;45 DIAS;;;ROLAM ESF ANGU 7209 UMA CARREIRA CILINDRICO CILINDRICO UNIVERSAL C3 ACO ANGULO CONTATO 40 SVEDACAO SBLINDAGEM 45 MM 85 MM 19 MM;
416114;"TUBO FLEXIVEL;BORRACHA SIN;A";C4;3;3;10;20;45 DIAS;;;TUBO FLEXIVELBORRACHA SINAZULDIAM INT 6MMDIAM EXT 145MM;
416373;PINO ESPECIFICO 5840 PLASMET;C9;5;9;2;4;45 DIAS;;;PINO ESPECIFICO 5840 PLASMETAL;
417214;EIXO ESPECIFICO 40215 SEW;C5;3;4;0;0;45 DIAS;;;EIXO ESPECIFICO 40215 SEW;
417272;ELO ESPECIFICO 526579 STORK;C9;2;6;50;100;45 DIAS;;;ELO ESPECIFICO 526579 STORK MAREL FOOD;
417312;TERMINAL ELETRICO TIPO COMPR;C2;4;6;20;30;45 DIAS;;;TERMINAL ELETRICO TIPO COMPRESSAO MATERIAL COBRE ACABAMENTO ESTANHADO ISOLACAO SISOLAMENTO MATERIAL NAO APLICAVEL COR NAO APLICAVEL N FU 1 FURO DIAMETRO FURO 138 MM SECAO MAXIMA 240MM2;
417708;PORCA APLICACAO FILETADORA-8;GR;4;3;0;0;45 DIAS;;;PORCA APLICACAO FILETADORA8909010150020 MEYN;
417818;MODULO COMUNICACAO PROTOCOLO;C6;3;2;1;2;45 DIAS;;;MODULO COMUNICACAO PROTOCOLO COMUNICACAO DEVICENET CREVESTIMENTOMCA104 130B1102 DANFOSS;
417878;VALVULA MATERIAL LATAO USO R;C7;2;4;1;2;45 DIAS;;;VALVULA MATERIAL LATAO USO REDUTOR APLICACAO MAQUINA LIMPEZA MOELA306199900001 SEMIL;
417930;TERMINAL ELETRICO TIPO COMPR;C1;4;6;20;30;45 DIAS;;;TERMINAL ELETRICO TIPO COMPRESSAO TIPO CONECTOR OLHAL MATERIAL COBRE ACABAMENTO ESTANHADO ISOLACAO SISOLAMENTO QTD FU 1 FURO DIAMETRO FURO 1350 MM SECAO MAXIMA 120MM2;
418505;ANEL MATERIAL ACO INOX USO R;C8;1;9;0;0;45 DIAS;;;ANEL MATERIAL ACO INOX USO ROLAMENTO APLICACAO FILETADORA890910015008 MEYN;
420016;CILINDRO PNEUMATICO MATERIAL;C8;4;6;1;1;45 DIAS;;;CILINDRO PNEUMATICO MATERIAL ALUMINIO USO TRANSPORTADOR ELEVACAO APLICACAO FILETADORA8926089000217 MEYN;
420941;EIXO MATERIAL ACO CARBONO US;C5;3;4;0;0;45 DIAS;;;EIXO MATERIAL ACO CARBONO USO CAIXA REDUTORA APLICACAO MOTOREDUTOR40304 SEW;
421937;MODULO ELETRON ENTRADA 4 ENT;C8;1;2;0;0;45 DIAS;;;MODULO ELETRON ENTRADA 4 ENTRADAS ANALOGICA TRILHO TEMPERATURA OPERACAO 2585C 1200 10000 6500KL3464 BECKHOFF;
421955;"RODA;SEW/43028";C5;3;2;0;0;45 DIAS;;;RODASEW43028;
422204;SERVODRIVE MATERIAL TERMOPLA;C8;3;2;1;1;45 DIAS;;;SERVODRIVE MATERIAL TERMOPLASTICO USO MOTOREDUTOR APLICACAO MOTORMDX61B01105A340T SEW;
422415;FLANGE MATERIAL FERRO FUNDID;B6;1;5;0;0;45 DIAS;;;FLANGE MATERIAL FERRO FUNDIDO APLICACAO REDUTOR1671472 SEW;
422418;COROA MATERIAL ACO CARBONO A;C5;3;3;0;0;45 DIAS;;;COROA MATERIAL ACO CARBONO APLICACAO REDUTOR45918 SEW;
422645;ENGRENAGEM MATERIAL ACO LIGA;C5;3;2;0;0;45 DIAS;;;ENGRENAGEM MATERIAL ACO LIGA USO REDUTOR APLICACAO MOTOFREIO42110 SEW;
422688;TAMPA MATERIAL ALUMINIO USO ;C5;3;4;0;0;45 DIAS;;;TAMPA MATERIAL ALUMINIO USO REDUTOR APLICACAO MOTOREDUTOR10682244 SEW;
423092;BUCHA REDUCAO TUBO MATERIAL ;B1;3;3;1;2;45 DIAS;;;BUCHA REDUCAO TUBO MATERIAL FERRO MALEAVEL TRATAMENTO SUPERFICIAL ZINCADO FOGO DIAMETRO MAIOR 38 POL DIAMETRO MENOR 14 POL EXTREMIDADE ROSCADA BSP CLASSE PRESSAOESPESSURA 150LBFPOL2 NORMA ABNT NBR 6943ISO 49EN 10242;
423585;BUCHA FIXACAO MATERIAL ACO I;C9;5;7;8;16;45 DIAS;;;BUCHA FIXACAO MATERIAL ACO INOX AISI304 USO FIXACAO CILINDRO APLICACAO MONTADORA CAIXA1344 PLASMETAL;
423587;BUCHA FIXACAO MATERIAL ACO I;C9;5;7;4;8;45 DIAS;;;BUCHA FIXACAO MATERIAL ACO INOX AISI304 USO EIXO SUSTENTACAO APLICACAO MONTADORA CAIXA137 PLASMETAL;
424491;ENGRENAGEM MATERIAL ACETAL U;B3;5;3;3;6;45 DIAS;;;ENGRENAGEM MATERIAL ACETAL USO ACIONAMENTO APLICACAO ESTEIRAEZ15F38 BUMERANGUE;
424504;CORREIA TRANSPORTADORA CORRU;A1;16;2;1;2;45 DIAS;;;CORREIA TRANSPORTADORA CORRUGADA MATERIAL POLICLORETO VINILA CIRCUNFERENCIA EXTERNA 406000 MM LARGURA 60000 MM USO TRANSPORTE CAIXA APLICACAO SELADORA CONTINUA302499900111 SEMIL;
424761;SENSOR TEMPERATURA MATERIAL ;E0;10;4;5;15;45 DIAS;;;SENSOR TEMPERATURA MATERIAL ACO INOX TENSAO 1224V USO ACIONAMENTO APLICACAO EMBALADORA92000073 PACMAC;
424767;RESISTENCIA TUBULAR MATERIAL;E0;5;4;7;14;45 DIAS;;;RESISTENCIA TUBULAR MATERIAL ACO INOX TENSAO 220V POTENCIA 1000W USO AQUECIMENTO APLICACAO EMBALADORA92030014 PACMAC;
424768;RESISTENCIA TUBULAR MATERIAL;E0;10;4;8;12;45 DIAS;;;RESISTENCIA TUBULAR MATERIAL ACO INOX TENSAO 220V POTENCIA 1000W USO AQUECIMENTO APLICACAO EMBALADORA92020033 PACMAC;
424905;DOBRADICA MATERIAL ACO INOX ;GR;1;3;0;0;45 DIAS;;;DOBRADICA MATERIAL ACO INOX USO ELEVACAO APLICACAO FILETADORA07000000D0595 MEYN;
424906;FLANGE INTERMEDIARIA MATERIA;GR;1;4;0;0;45 DIAS;;;FLANGE INTERMEDIARIA MATERIAL ACO INOX USO CONEXAO APLICACAO FILETADORA8926059000024 MEYN;
424908;CILINDRO PNEUMATICO MATERIAL;GR;1;2;0;0;45 DIAS;;;CILINDRO PNEUMATICO MATERIAL ALUMINIO USO ELEVACAO APLICACAO FILETADORA8907009040083 MEYN;
425009;CHAVETA MATERIAL ACO INOX US;GR;1;2;0;0;45 DIAS;;;CHAVETA MATERIAL ACO INOX USO EIXO APLICACAO DESOSSADEIRA8913030150004 MEYN;
425013;ANEL VEDACAO MATERIAL COMPOS;GR;1;3;0;0;45 DIAS;;;ANEL VEDACAO MATERIAL COMPOSTO BORRACHA NITRILICA APLICACAO DESOSSADEIRA8935363000001 MEYN;
425394;SERVODRIVE MATERIAL TERMOPLA;C5;3;6;0;0;45 DIAS;;;SERVODRIVE MATERIAL TERMOPLASTICO USO ACIONAMENTO APLICACAO TUNEL CONGELAMENTOMDX61B00225A3400 SEW;
425518;POLIA MATERIAL ACO CARBONO U;B2;2;7;0;0;45 DIAS;;;POLIA MATERIAL ACO CARBONO USO TRANSMISSAO APLICACAO DEPENADEIRA664064 STORK MAREL FOOD;
425882;BUCHA FLANGEADA MATERIAL BRO;E0;9;8;0;0;45 DIAS;;;BUCHA FLANGEADA MATERIAL BRONZE USO GUIA APLICACAO FILETADORA013686 MEI INDUSTRIAL;
427778;FUSIVEL PROTETOR MATERIAL TE;B9;2;7;0;0;45 DIAS;;;FUSIVEL PROTETOR MATERIAL TERMOPLASTICO ALUMINIO TENSAO 48V CORRENTE 3A USO PLACA APLICACAO BALANCA000093914503 ISHIDA DO BRASIL LTDA;
428134;CELULA CARGA MATERIAL ALUMIN;C9;1;8;4;8;45 DIAS;;;CELULA CARGA MATERIAL ALUMINIO USO COMUNICACAO APLICACAO BALANCABSPL30KG BERMAN;
428637;CELULA CARGA ACO INOX TENSAO;C8;4;5;1;1;45 DIAS;;;CELULA CARGA ACO INOX TENSAO 5V CORRENTE CONTINUA TEMPERATURA OPERACAO 1040C SENSIBILIDADE 2MVV CAPACIDADE 20 KG LARG 2500 MM ALT 4000 MM PROF 15000 MM013906 MEI INDUSTRIAL;
429177;PINHAO MATERIAL ACO CARBONO ;C5;3;4;0;0;45 DIAS;;;PINHAO MATERIAL ACO CARBONO APLICACAO REDUTOR ENGRENAGEM22586 SEW;
429214;VALVULA ESFERA BIPARTIDA PNE;SS;1;1;1;1;45 DIAS;;;VALVULA ESFERA BIPARTIDA PNEUMATICO ACO CARBONO ISO 17292 MAT OBTUR PTFE MAT SEDE AI A270 2 VIAS PRESSAO OPERACAO 300LBS CVEDACAO POLITETRAFLUORETILENO CLASSE PRESSAO 300LB PLENA FLANGEADA 6 POL82244408605 LUPATECH;
429926;ROLAMENTO ESFERA RIGIDO CARG;E1;3;4;0;0;45 DIAS;;;ROLAMENTO ESFERA RIGIDO CARGA RADIAL UMA CARREIRA MATERIAL GAIOLA LATAO FURO CILINDRICO DIAMETRO INTERNO 8000MM DIAMETRO EXTERNO 17000MM LARGURA 3900MM PROTECAO SPROTECAO FOLGA C3 SRANHURA;
430194;SUPORTE MATERIAL BRONZE USO ;C7;1;5;2;4;45 DIAS;;;SUPORTE MATERIAL BRONZE USO CABECOTE APLICACAO DATADOR207 EMBAFLUX;
431129;FLANGE INTERMEDIARIA MATERIA;C7;2;6;1;1;45 DIAS;;;FLANGE INTERMEDIARIA MATERIAL ACO INOX USO PRENSA PALHETA APLICACAO PROCESSADORA CMSGD 10327 JUNIOR FRIGOMETAL;
431963;CORREIA SINCRONIZADA MATERIA;C9;1;4;2;4;45 DIAS;;;CORREIA SINCRONIZADA MATERIAL POLIURETANO ACO CIRCUNFERENCIA EXTERNA 710000 MM LARGURA 3200 MM USO TRANSPORTE APLICACAO FILETADORA15278 GENERAL BELT;
431997;CONVERSOR FREQUENCIA MATERIA;C5;3;6;0;0;45 DIAS;;;CONVERSOR FREQUENCIA MATERIAL TERMOPLASTICO ALUMINIO USO ACIONAMENTO APLICACAO TUNEL CONGELAMENTOMDX61B0150503400 SEW;
432053;IHM MATERIAL TERMOPLASTICO T;C7;2;3;0;0;45 DIAS;;;IHM MATERIAL TERMOPLASTICO TENSAO 24V CORRENTE CONTINUA USO CONTROLE APLICACAO TOMBADORC600R2711CT6T ALLEN BRADLEY;
432211;"RODA;SEW/42463";C5;3;4;0;0;45 DIAS;;;RODASEW42463;
433208;MEMBRANA MATERIAL POLICARBON;C8;3;10;4;8;45 DIAS;;;MEMBRANA MATERIAL POLICARBONATO USO ACIONAMENTO APLICACAO BALANCAZFPX320000032 LIBRATEK;
433494;BARRA TIPO BARR CHT MATERIAL;C9;1;7;2;4;45 DIAS;;;BARRA TIPO BARR CHT MATERIAL ACO INOX FORMATO CHATO COMPRIMENTO 48000 MM POSICAO HORIZONTAL USO SUPORTE APLICACAO EMBALADORA30130559300 USINOX;
433652;MOTOR ELET CA 25CV 4 POLOS 2;FD;1;1;1;1;45 DIAS;;;MOTOR ELET CA 25CV 4 POLOS 220380V FREQUENCIA 60HZ TRIFASICO 1755RPM ASSINCR ROTOR GAIOLA DIAM EIX 4200 MM AC 160L B35D CL ISOL F IP55 FAT SERV 1 REG SERV S1 FAT POTEN 081 931 ABNT NBR 170941 TOTAL FECH CVENTIL EX PROV EXPLOSAO;
434471;BUCHA FIXACAO MATERIAL ACO I;C9;1;9;4;8;45 DIAS;;;BUCHA FIXACAO MATERIAL ACO INOX AISI304 USO CILINDRO APLICACAO EMBALADORA VERTICAL92020058 PACMAC;
434472;CORPO VALVULA MATERIAL ACO I;C4;1;5;0;0;45 DIAS;;;CORPO VALVULA MATERIAL ACO INOX AISI316 POSICAO VERTICAL APLICACAO EMBALADORA VERTICAL950077NM PACMAC;
434560;RASPADOR MATERIAL ACO INOX U;GR;2;4;0;0;45 DIAS;;;RASPADOR MATERIAL ACO INOX USO LIMPEZA APLICACAO FILETADORA07000000E0054 MEYN;
434766;COTOVELO 90° ACO INOX COR NA;GR;4;5;0;0;45 DIAS;;;CONEXAO PNEUMATICA COTOVELO ANGULO  90 ACO INOX COR NATURAL ROSCADA BSP DIAMETRO 12 POL ROSCADA BSP DIAMETRO 12 POL CLASSE PRESSAO 010BAR TEMPERATURA TRABALHO 10150C  002330876  STORK MAREL FOOD;
434817;"BICO;KARCHER/93024960";C4;3;3;10;16;45 DIAS;;;BICOKARCHER93024960;
434888;ROLAMENTO ESFERA AXIAL MATER;C4;1;6;0;0;45 DIAS;;;ROLAMENTO ESFERA AXIAL MATERIAL ACO INOX USO CONJUNTO RETORCEDOR APLICACAO EMBALADORA VERTICALA95020022 PACMAC;
434889;ROLAMENTO ESFERA AXIAL MATER;C4;1;2;0;0;45 DIAS;;;ROLAMENTO ESFERA AXIAL MATERIAL ACO INOX USO EIXO MANCAL APLICACAO EMBALADORA VERTICAL92000057 PACMAC;
435045;INSERTO MATERIAL ACO INOX US;C9;2;5;6;12;45 DIAS;;;INSERTO MATERIAL ACO INOX USO ENGATE APLICACAO EMBALADORA10020149162 USINOX;
435539;RASPADOR MATERIAL ACO INOX A;C5;5;4;0;0;45 DIAS;;;RASPADOR MATERIAL ACO INOX APLICACAO FILETADORA07000010C2258 MEYN;
435577;RASPADOR MATERIAL ACO INOX U;C5;5;4;0;0;45 DIAS;;;RASPADOR MATERIAL ACO INOX USO RASPAGEM APLICACAO FILETADORA07000010C2158 MEYN;
436411;MOLA TENSAO HELICOIDAL MATER;C4;5;6;1;3;45 DIAS;;;MOLA TENSAO HELICOIDAL MATERIAL ACO INOX AISI302 USO ACIONAMENTO APLICACAO SELADORA19784402410 MULTIVAC;
437025;MODULO ENTRADA MATERIAL TERM;B9;2;5;1;2;45 DIAS;;;MODULO ENTRADA MATERIAL TERMOPLASTICO USO MONITORAMENTO APLICACAO TERMOFORMADORAEL9410 BECKHOFF;
437232;TRILHO TRANSPORTADOR MATERIA;B7;5;7;0;0;45 DIAS;;;TRILHO TRANSPORTADOR MATERIAL POLIAMIDA APLICACAO FILETADORA07000010C0655 MEYN;
437424;MODULO ENTRADA MATERIAL TERM;C8;2;2;1;1;45 DIAS;;;MODULO ENTRADA MATERIAL TERMOPLASTICO TENSAO 24V CORRENTE CONTINUA USO CONTROLE APLICACAO TERMOFORMADORAEL1809 BECKHOFF;
437881;CORREIA DENTADA MATERIAL COM;C7;5;4;4;8;45 DIAS;;;CORREIA DENTADA MATERIAL COMPOSTO BORRACHA NITRILICA POLIAMIDA CIRCUNFERENCIA EXTERNA 76000 MM LARGURA 2500 MM USO TRACAO FILME APLICACAO EMBALADORA92020042 PACMAC;
439898;KIT BATENTE ALUMINIO DATADOR;C7;1;5;5;10;45 DIAS;;;KIT BATENTE ALUMINIO DATADORBS211 DATASUL;
441000;TENSOR ACO INOX ESTICADOR EM;C8;1;4;0;0;45 DIAS;;;TENSOR ACO INOX ESTICADOR EMBALADORA3480460 ULMA;
441225;BOMBA VACUO MATERIAL ACO CAR;SS;1;1;1;1;45 DIAS;;;BOMBA VACUO MATERIAL ACO CARBONO ALUMINIO TENS 220380V FREQ 60HZ POTEN 34KW 6 POLOS ROT 1800RPM GRAU PROT IP55 APLICACAO MISTURADEIRARA0100F BUSCH;
441378;ROLAMENTO ESFERA RADIAL MATE;SS;1;1;1;1;45 DIAS;;;ROLAMENTO ESFERA RADIAL MATERIAL ACO APLICACAO MISTURADOR030010084B MIDDLEBY;
441934;MORDACA SELAGEM MATERIAL ALU;C7;1;3;1;1;45 DIAS;;;MORDACA SELAGEM MATERIAL ALUMINIO POSICAO HORIZONTAL APLICACAO ENSACADEIRA1284 RC INDUSTRIAL;
442023;DRIVE CONTRO MATERIAL TERMOP;C3;5;3;1;1;45 DIAS;;;DRIVE CONTROLE MATERIAL TERMOPLASTICO ALUMINIO USO MOVIMENTADOR APLICACAO EMBALADORA15180002 PACMAC;
442636;MANGUEIRA FLEXIVEL MATERIAL ;C8;3;7;1;1;45 DIAS;;;MANGUEIRA FLEXIVEL MATERIAL COMPOSTO BORRACHA NITRILICA CREFORCO MATERIAL REFORCO FIO TRANCADO POLIESTER CACESSORIOS USO INJECAO LIQUIDOS APLICACAO COLEIRO22920 PLASMETAL;
442637;MANGUEIRA FLEXIVEL MATERIAL ;C8;3;6;1;1;45 DIAS;;;MANGUEIRA FLEXIVEL MATERIAL COMPOSTO BORRACHA NITRILICA CREFORCO MATERIAL REFORCO FIO TRANCADO POLIESTER CACESSORIOS USO INJECAO LIQUIDOS APLICACAO COLEIRO22921 PLASMETAL;
442717;TRILHO GUIA MATERIAL ACO INO;GR;1;1;0;0;45 DIAS;;;TRILHO GUIA MATERIAL ACO INOX AISI304 ACABAMENTO LAMINADO COMPRIMENTO 205000 MM USO TRANSPORTE APLICACAO FILETADORA07000010C0171 MEYN;
442823;CINTA FIXACAO MATERIAL ACO I;E1;2;9;3;6;45 DIAS;;;CINTA FIXACAO MATERIAL ACO INOX POSICAO SUPERIOR USO FUNIL APLICACAO EMBALADORA VERTICAL9212002212 PACMAC;
442888;CONTROLADOR TEMPERATURA MATE;C4;1;2;0;0;45 DIAS;;;CONTROLADOR TEMPERATURA MATERIAL TERMOPLASTICO TENSAO 24V CORRENTE CONTINUA USO PAINEL APLICACAO EMBALADORA VERTICAL950076A PACMAC;
443241;FACA SERRILHADA MATERIAL ACO;C7;5;5;1;3;45 DIAS;;;FACA SERRILHADA MATERIAL ACO INOX USO CORTE FILME APLICACAO EMBALADORA VERTICALXA04FW02IT23246 JUNIOR INDUSTRIA METALURGICA;
443928;PLACA APERTO MATERIAL ACO IN;C8;1;5;1;1;45 DIAS;;;PLACA APERTO MATERIAL ACO INOX APLICACAO EVISCERADORA3861320 STORK MAREL FOOD;
445434;"ANEL;MAREL/000371347";GR;1;4;0;0;45 DIAS;;;ANELMAREL000371347;
446348;TRANSDUTOR INDUTIVO MATERIAL;E0;10;9;1;2;45 DIAS;;;TRANSDUTOR INDUTIVO MATERIAL ACO APLICACAO COMPRESSOR AMONIA1373061 JOHNSON CONTROLS;
446441;ROLO TRACAO MATERIAL ACO C/R;A1;3;4;1;1;45 DIAS;;;ROLO TRACAO MATERIAL ACO CREVESTIMENTO MATERIAL REVESTIMENTO COMPOSTO BORRACHA APLICACAO SELADORA213000200619 SEMIL;
447386;SENSOR PROX PROXIMIDADE CILI;C7;3;4;1;1;45 DIAS;;;SENSOR PROX PROXIMIDADE CILINDRICA SAIDA PNP 1030V CC 30MA 60HZ 25A70C IP67 ROS METR 1800MM 7800MMVTF184P1240 SICK;
447431;MOTOREDUTOR MATERIAL ACO CAR;C7;1;7;1;1;45 DIAS;;;MOTOREDUTOR MATERIAL ACO CARBONO 220380V CORRENTE ALTERNADA CORRENTE 4A 5060HZ POTENCIA 037KW FASES TRIFASICO CROTOR GAIOLA APLICACAO PLASTIFICADORA23100 PLASMETAL;
447642;MORDACA TUBULAR MATERIAL ACO;C8;5;2;1;1;45 DIAS;;;MORDACA TUBULAR MATERIAL ACO INOX AISI430 USO FACA APLICACAO EMBALADORA VERTICAL301305510414 USINOX;
447746;UNIAO MATERIAL ACO INOX USO ;E0;3;6;2;4;45 DIAS;;;UNIAO MATERIAL ACO INOX USO ENCODER APLICACAO EMBALADORA BANDEJAFEC12009 ULMA;
447885;"MOLA;ULMA/3480734";E1;6;8;2;4;45 DIAS;;;MOLAULMA3480734;
448277;MOTOR ELET CA 15CV 4 POLOS 3;FD;1;1;1;1;45 DIAS;;;MOTOR ELET CA 15CV 4 POLOS 380660V FREQUENCIA 60HZ TRIFASICO 1740RPM ASSINCR ROTOR GAIOLA DIAM EIX 3800MM AC 132ML B3D CL ISOL F IPW66 PROV EXPL FAT SERV 125 REG SERV S1 FAT POTEN 085 915 NBR 17094;
448396;SENSOR INDUTIVO MATERIAL LAT;C8;1;4;0;0;45 DIAS;;;SENSOR INDUTIVO MATERIAL LATAO BRONZE TENSAO 24V CORRENTE CONTINUA APLICACAO TUNELGI712S IFM;
449551;RASPADOR MATERIAL ACO INOX U;C8;1;8;1;1;45 DIAS;;;RASPADOR MATERIAL ACO INOX USO LAMINA APLICACAO FILETADORA PEITO07000010C0022 MEYN;
449638;CHAPA COMPACTA MATERIAL POLI;C8;2;9;1;1;45 DIAS;;;CHAPA COMPACTA MATERIAL POLIAMIDA COMPRIMENTO 37000MM LARGURA 3800MM USO AQUECIMENTO APLICACAO EMBALADORA100200412428 USINOX;
449943;MANGUEIRA MATERIAL SILICONE ;C4;5;5;2;4;45 DIAS;;;MANGUEIRA MATERIAL SILICONE SREFORCO SACESSORIO USO SELAGEM APLICACAO TERMOFORMADORA105169535 MULTIVAC;
450551;HELICE MATERIAL ALUMINIO FUN;B6;1;2;1;1;45 DIAS;;;HELICE MATERIAL ALUMINIO FUNDIDO USO VENTILACAO APLICACAO EVAPORADOR490840PPGAFE196X645MH SHIGUEN REFRIGERACAO;
450749;"RODA;PLASMETAL/5761";C9;3;10;1;2;45 DIAS;;;RODAPLASMETAL5761;
450764;ANILHA MATERIAL ACO APLICACA;C9;4;8;1;2;45 DIAS;;;ANILHA MATERIAL ACO APLICACAO TRANSFERIDOR092501212 MAREL FOOD SYSTEMS;
451395;MOTOR ELET CA 1,5CV 4 POLOS ;C6;1;7;1;1;45 DIAS;;;MOTOR ELET CA 15CV 4 POLOS 220380V FREQUENCIA 60HZ TRIFASICO 1725RPM ASSINCR ROTOR GAIOLA ACO L80 B35D CL ISOL F IP55 FAT SERV 125 REG SERV S1 FAT POTEN 080 SFREIO11866886 WEG;
451684;ARRUELA MATERIAL ACO APLICAC;GR;1;3;0;0;45 DIAS;;;ARRUELA MATERIAL ACO APLICACAO FILETADORA351440 STORK MAREL FOOD;
451759;EIXO SUSTENTACAO MATERIAL AC;C8;2;8;2;5;45 DIAS;;;EIXO SUSTENTACAO MATERIAL ACO INOX AISI304 POSICAO VERTICAL USO ROLAMENTO APLICACAO FILETADORA PEITO0700000002217 MEYN;
451956;PAINEL FRONTAL MATERIAL ACRI;E1;13;7;0;0;45 DIAS;;;PAINEL FRONTAL MATERIAL ACRILICO APLICACAO INDICADOR PESAGEM1048 PRO SOLUCOES;
451957;PAINEL FRONTAL MATERIAL ACRI;C8;2;10;1;2;45 DIAS;;;PAINEL FRONTAL MATERIAL ACRILICO APLICACAO INDICADOR PESAGEM27 PRO SOLUCOES;
452021;"PALHETA;DO TROCADOR DE CALOR";C6;1;4;1;15;45 DIAS;;;PALHETADO TROCADOR DE CALOR CMS HIGHTECHMOD TSR120 DUPLO;
452139;CILINDRO PNEUM MATERIAL ACO;GR;2;5;0;0;45 DIAS;;;CILINDRO PNEUM MATERIAL ACO INOX USO ACIONAMENTO APLICACAO MAQUINA CORACAOP1AS025MS0160;
452236;MANCAL MATERIAL ACO INOX AIS;GR;1;2;0;0;45 DIAS;;;MANCAL MATERIAL ACO INOX AISI304 SROLAMENTO USO ROLETE APLICACAO FILETADORA PEITO07000010E0113 MEYN;
453576;PARAFUSO SEXTAVADO MATERIAL ;GR;1;6;0;0;45 DIAS;;;PARAFUSO SEXTAVADO MATERIAL ACO INOX APLICACAO MODULO REMOVEDOR OSSOS000300723 MAREL FOOD SYSTEMS;
453580;CONTATOR SEGURANCA TENSAO 24;C7;1;2;1;2;45 DIAS;;;CONTATOR SEGURANCA TENSAO 24VDC CORRENTE 9A USO COMANDO APLICACAO FORMADORA SALSICHAR100SC09EJ14C ALLEN BRADLEY;
454772;"LAMINA;MAREL/3839057";C9;3;2;1;2;45 DIAS;;;LAMINAMAREL3839057;
455003;MOLA PRESSAO MATERIAL ACO AP;GR;1;6;0;0;45 DIAS;;;MOLA PRESSAO MATERIAL ACO APLICACAO BALANCA604686 STORK MAREL FOOD;
455006;RODA DENTADA MATERIAL POLIET;GR;1;6;0;0;45 DIAS;;;RODA DENTADA MATERIAL POLIETILENO ULTRA ALTO PESO MOLECULAR USO TRANSPORTADOR APLICACAO BALANCA MULTICABECAL600682 STORK MAREL FOOD;
455009;BLOCO MATERIAL TERMOPLASTICO;C8;3;6;1;2;45 DIAS;;;BLOCO MATERIAL TERMOPLASTICO APLICACAO BALANCA MULTICABECAL622892 STORK MAREL FOOD;
455012;BLOCO MATERIAL TERMOPLASTICO;B6;1;6;0;0;45 DIAS;;;BLOCO MATERIAL TERMOPLASTICO APLICACAO BALANCA MULTICABECAL667388 STORK MAREL FOOD;
455013;PLUG MATERIAL ACO APLICACAO ;C9;4;8;1;4;45 DIAS;;;PLUG MATERIAL ACO APLICACAO BALANCA MULTICABECAL604261 STORK MAREL FOOD;
455162;ATUADOR PNEUMATICO MATERIAL ;E0;9;6;1;1;45 DIAS;;;ATUADOR PNEUMATICO MATERIAL ALUMINIO USO ACIONAMENTO APLICACAO EMPILHADOR GAIOLASCP96SDB80100 JARTEC;
455600;ROLAMENTO AUTOCOMPENSADOR RO;C8;2;9;8;16;45 DIAS;;;ROLAMENTO AUTOCOMPENSADOR ROLO RADIAL MATERIAL ACO INOX APLICACAO CORTADORA PERNA ANATOMICA090100081 STORK MAREL FOOD;
455619;BLOCO MATERIAL POLIETILENO U;C9;2;5;1;2;45 DIAS;;;BLOCO MATERIAL POLIETILENO ULTRA ALTO PESO MOLECULAR APLICACAO CORTADORA PERNA ANATOMICA636723 STORK MAREL FOOD;
455622;LAMINA REDONDO MATERIAL ACO ;C9;3;3;8;16;45 DIAS;;;LAMINA REDONDO MATERIAL ACO INOX APLICACAO CORTADORA PERNA ANATOMICA608789 STORK MAREL FOOD;
455626;LAMINA MATERIAL ACO INOX APL;C9;3;3;16;32;45 DIAS;;;LAMINA MATERIAL ACO INOX APLICACAO CORTADORA PERNA ANATOMICA608788 STORK MAREL FOOD;
455627;CORRENTE SIMPLES MATERIAL AC;C9;1;7;10;20;45 DIAS;;;CORRENTE SIMPLES MATERIAL ACO INOX PAS 34POL CORT PERN ANATOM004237505 STORK MAREL FOOD;
455639;LAMINA MATERIAL ACO INOX APL;C9;3;3;4;8;45 DIAS;;;LAMINA MATERIAL ACO INOX APLICACAO CORTADORA PERNA ANATOMICA3997158 STORK MAREL FOOD;
455646;MOLA PRESSAO MATERIAL ACO IN;GR;1;6;0;0;45 DIAS;;;MOLA PRESSAO MATERIAL ACO INOX APLICACAO CORTADORA PERNA ANATOMICA REFERENCIA 625105 CODIGO 030007 BVSP PARTS;
455777;BLOCO MATERIAL TERMOPLASTICO;C5;5;3;0;0;45 DIAS;;;BLOCO MATERIAL TERMOPLASTICO APLICACAO BALANCA MULTICABECAL667387 STORK MAREL FOOD;
456056;VALVULA SOLENOIDE 5/2 VIAS A;C6;4;3;0;0;45 DIAS;;;VALVULA SOLENOIDE 52 VIAS ALUMINIO DIAMETRO 1200MM COMPRIMENTO 10000MM USO ACIONAMENTO APLICACAO EMPILHADOR GAIOLASVQC 44015 SMC;
456828;BOTAO EMERGENCIA MATERIAL AC;C1;2;4;3;6;45 DIAS;;;BOTAO EMERGENCIA MATERIAL ACO INOX USO ESTEIRA APLICACAO TERMOPROCESSADOR440EL22BNSM ALLEN BRADLEY;
457217;ROLAMENTO AGULHA MONTAGEM CA;C7;1;5;10;20;45 DIAS;;;ROLAMENTO AGULHA MONTAGEM CATRACA CARGA RADIAL UMA CARREIRA GAIOLA CGAIOLA ACO SVEDACAO SANEL FOLGA NORMAL DIAMETRO INTERNO 635MM DIAMETRO EXTERNO 1111MM LARGURA 1270MMRC040708 NSK;
457366;SENSOR OPTICO MATERIAL ACO I;C1;4;6;1;2;45 DIAS;;;SENSOR OPTICO MATERIAL ACO INOX TENSAO 24V CORRENTE CONTINUA DIAMETRO HASTE 5000MM COMPRIMENTO 20000MM USO DETECCAO TARJA APLICACAO EMBALADORA95060060 PACMAC;
457591;PERFIL FORMATO REDONDO MATER;E0;3;5;16;32;45 DIAS;;;PERFIL FORMATO REDONDO MATERIAL SILICONE FORMA CONSTRUTIVA LISA INCOLOR 40 SHORE DIAMETRO 900MM COMPRIMENTO 100000MM301599900016 SEMIL;
457978;"ESTEIRA;MAREL/091250065";C9;1;7;68;136;45 DIAS;;;ESTEIRAMAREL091250065;
458002;RODA DENTADA MATERIAL ACO CA;C4;1;2;0;0;45 DIAS;;;RODA DENTADA MATERIAL ACO CARBONO USO TRACAO APLICACAO EMBALADORA95020019 PACMAC;
459560;CORREIA FECHADA MATERIAL POL;C8;2;6;2;3;45 DIAS;;;CORREIA FECHADA MATERIAL POLIURETANO ACO CIRCUNFERENCIA EXTERNA 500000MM LARGURA 3200MM USO CARROSSEL APLICACAO FILETADORA32T105000BFXVAFDA1 RETENFOR;
459606;KIT SENSOR TEMPERATURA MATER;C8;3;5;1;1;45 DIAS;;;KIT SENSOR TEMPERATURA MATERIAL ACO APLICACAO COMPRESSOR AMONIA3448383 JOHNSON CONTROLS;
459868;"ROLAMENTO;PACMAC/9200-0047SS";C9;1;9;6;12;45 DIAS;;;ROLAMENTOPACMAC92000047SS;
459877;ROLAMENTO RIGIDO ESFERA RADI;C4;1;2;0;0;45 DIAS;;;ROLAMENTO RIGIDO ESFERA RADIAL MATERIAL ACO INOX APLICACAO EMBALADORA92000038 PACMAC;
460046;"ROLAMENTO;PACMAC/92000059";C4;1;2;0;0;45 DIAS;;;ROLAMENTOPACMAC92000059;
460049;CABECA IMPRESSAO MATERIAL AL;C6;5;4;3;6;45 DIAS;;;CABECA IMPRESSAO MATERIAL ALUMINIO USO CABECOTE APLICACAO IMPRESSORAZT 410 0084 ZEBRA TECHNOLOGIES;
460415;CORREIA SINCRONIZADORA MATER;C8;5;6;4;8;45 DIAS;;;CORREIA SINCRONIZADORA MATERIAL COMPOSTO BORRACHA APLICACAO EMBALADORA92110061 PACMAC;
460735;CHAVE PART MATERIAL TERMOPLA;C7;3;6;1;1;45 DIAS;;;CHAVE PART MATERIAL TERMOPLASTICO USO MOTOR APLICACAO BOMBA AGUAATS22D47Q SCHNEIDER ELETRIC;
461287;ABRACADEIRA MATERIAL ACO INO;E1;2;10;3;6;45 DIAS;;;ABRACADEIRA MATERIAL ACO INOX USO SUSTENTACAO APLICACAO EMBALADORA9212002214 PACMAC;
461396;MANCAL MATERIAL ACO INOX S/R;C7;3;6;20;30;45 DIAS;;;MANCAL MATERIAL ACO INOX SROLAMENTO APLICACAO DEPENADEIRAMK007 MOLTEKY;
461665;SUPORTE SUSTENTACAO MATERIAL;C8;3;10;2;4;45 DIAS;;;SUPORTE SUSTENTACAO MATERIAL ACO INOX 3 LAMINAS POSICAO HORIZONTAL APLICACAO BALANCA1240 LIBRATEK;
461935;LAMINA MATERIAL ACO USO CORT;C9;4;5;2;4;45 DIAS;;;LAMINA MATERIAL ACO USO CORTE APLICACAO FILETADORA3237 SOLUFRIGO;
462229;BOMBA PNEUMATICA MATERIAL CA;C8;3;8;1;1;45 DIAS;;;BOMBA PNEUMATICA MATERIAL CARCACA ALUMINIO CONEXAO ENTRADA ROSCADA BSP 950MM CONEXAO SAIDA ROSCADA BSP 950MM 20000MM SMOTOR ACESSORIO SACESSORIO;
462237;RESISTENCIA CACHIMBO 250V 15;C9;5;4;1;2;45 DIAS;;;RESISTENCIA CACHIMBO 250V 1500W CISOL CCAPA TUB AI AISI304 CABO 38POL DIAMETRO 38POL COMPRIMENTO 48000MM SELAD;
462834;BLOCO APOIO POSICAO HORIZONT;C9;4;7;1;2;45 DIAS;;;BLOCO APOIO POSICAO HORIZONTAL MATERIAL ACO INOX USO SUPORTE APLICACAO EVISCERADORA3917334 STORK MAREL FOOD;
462839;BLOCO APOIO POSICAO SUPERIOR;B6;1;6;1;2;45 DIAS;;;BLOCO APOIO POSICAO SUPERIOR MATERIAL ACO INOX USO TORRE APLICACAO EVISCERADORA652781 STORK MAREL FOOD;
462901;RETENTOR MATERIAL COMPOSTO B;GR;1;2;0;0;45 DIAS;;;RETENTOR MATERIAL COMPOSTO BORRACHA NITRILICA POSICAO CENTRAL USO VEDACAO APLICACAO FILETADORA8934619000002 MEYN;
462903;CONEXAO PNEUMATICA MATERIAL ;GR;1;2;0;0;45 DIAS;;;CONEXAO PNEUMATICA MATERIAL ALUMINIO DIAMETRO 500MM USO TUBO APLICACAO FILETADORA8926119000056 MEYN;
463406;MODULO ELETRONICO MATERIAL T;C9;1;8;1;2;45 DIAS;;;MODULO ELETRONICO MATERIAL TERMOPLASTICO TENSAO 24V CORRENTE CONTINUA USO SEGURANCA MAQUINA APLICACAO PAINEL ELETRICOEL2008 BECKHOFF;
463407;"MODULO ELETRONICO;8 ENTRADAS";C8;1;8;1;2;45 DIAS;;;MODULO ELETRONICO8 ENTRADASBECKHOFFEL1008;
463481;CORREIA SINCRONIZADA MATERIA;C7;4;6;1;2;45 DIAS;;;CORREIA SINCRONIZADA MATERIAL POLIURETANO CIRCUNFERENCIA EXTERNA 238000MM LARGURA 7000MM USO MOTOR APLICACAO MAQUINA SEPARADORA14GT GOODYEAR;
463519;MODULO ELETRONICO MATERIAL T;C8;1;2;1;1;45 DIAS;;;MODULO ELETRONICO MATERIAL TERMOPLASTICO TENSAO 24V CORRENTE CONTINUA USO ESTEIRA TUNEL APLICACAO PAINEL ELETRICOEL2904 BECKHOFF;
463756;VALVULA COMANDO LATAO USO AC;C4;1;5;0;0;45 DIAS;;;VALVULA COMANDO LATAO USO ACIONAMENTO APLICACAO EMBALADORA95160030NM PACMAC;
464039;PEDRA AFIAR MAT CARBET SILIC;C9;2;3;1;2;45 DIAS;;;PEDRA AFIAR MAT CARBET SILIC APLIC AFIADOR3958296 MAREL;
464592;MOTOR PASSO MATERIAL ACO INO;C9;3;7;0;0;45 DIAS;;;MOTOR PASSO MATERIAL ACO INOX 220V CORRENTE CONTINUA 180A POTENCIA 25W BIFASICO FREQUENCIA 20HZ POLOS 2 POLOS TIPO ROTOR GAIOLA USO MESA PESAGEM APLICACAO CHECADORA PESOSPM0030039 MAREL FOOD SYSTEMS;
464766;CONTROLE REMOTO TERMOPLASTIC;C8;3;2;1;1;45 DIAS;;;CONTROLE REMOTO TERMOPLASTICO CONTROLE BALANCA PESAGEM127319036 ISHIDA;
465561;ROLDANA POLIAMIDA ALINHAMENT;E0;4;6;0;0;45 DIAS;;;ROLDANA POLIAMIDA ALINHAMENTO EMBALADORA BANDEJA0848PP POLYPAK;
465765;CORREIA TRANSPORTADORA TRANS;FR;0;0;1;1;45 DIAS;;;CORREIA TRANSPORTADORA TRANSPORTADORA MATERIAL POLIURETANO POSICAO HORIZONTAL CIRCUNFERENCIA EXTERNA 600000MM LARGURA 49000MM COMPRIMENTO 600000MM USO TRANSPORTE APLICACAO SELADORA CONTINUAL649000 VS MAQUINAS;
465767;MODULO COMUNICACAO MATERIAL ;C6;3;6;5;10;45 DIAS;;;MODULO COMUNICACAO MATERIAL TERMOPLASTICO TENSAO 1027V INTERFACE IHM USO INVERSOR FREQUENCIA APLICACAO TUNEL CONGELAMENTOFSC11B SEW;
465814;GUIA MATERIAL POLIETILENO PO;C7;5;7;1;2;45 DIAS;;;GUIA MATERIAL POLIETILENO POSICAO SUPERIOR USO DESLIZAMENTO APLICACAO FILETADORA652530 MAREL FOOD SYSTEMS;
465897;INSERTO MATERIAL POLIAMIDA U;C9;3;9;1;1;45 DIAS;;;INSERTO MATERIAL POLIAMIDA USO CAME APLICACAO EVISCERADORA3952044 STORK MAREL FOOD;
466769;"MODULO INTERFACE HOMEM MAQ;2";C8;5;7;1;2;45 DIAS;;;MODULO INTERFACE HOMEM MAQ24VCCALLEN BRADLEY2711RT4T;
467190;EIXO HELICOIDAL MATERIAL ACO;GR;1;3;0;0;45 DIAS;;;EIXO HELICOIDAL MATERIAL ACO INOX POSICAO CENTRAL USO ACIONAMENTO APLICACAO FILETADORA07000000D0695 MEYN;
467213;CILINDRO PNEUMATICO COMPACTO;C9;1;3;1;1;45 DIAS;;;CILINDRO PNEUMATICO COMPACTO MATERIAL ALUMINIO APLICACAO EMBALADORA100211418232 USINOX;
467224;INSERTO MATERIAL ACO INOX US;GR;1;2;0;0;45 DIAS;;;INSERTO MATERIAL ACO INOX USO GUIA APLICACAO FILETADORA8909800400001 MEYN;
467228;EIXO APOIO MATERIAL ACO INOX;GR;1;3;0;0;45 DIAS;;;EIXO APOIO MATERIAL ACO INOX POSICAO HORIZONTAL USO ACIONAMENTO APLICACAO FILETADORA0700000101023 MEYN;
467675;SENSOR FOTOELETRICO OPTICO B;C8;2;7;1;2;45 DIAS;;;SENSOR FOTOELETRICO OPTICO BARREIRA PEI CONEX ROSC DIST SENSO 1500000MM TENS 10A30V CORR TIPO CC CORR SAID 20mA GR PROT IP67 IP68 IP69K TEMP OPER 25A80C LED LED METROGS380 IFM ELECTRONIC;
468544;CILINDRO PNEUM MATERIAL ALUM;C6;3;5;1;3;45 DIAS;;;CILINDRO PNEUM MATERIAL ALUMINIO USO CONJUNTO MORDACA APLICACAO PLASTIFICADORA301399900214 SEMIL;
468986;BLOCO APOIO POSICAO HORIZONT;C8;4;8;2;4;45 DIAS;;;BLOCO APOIO POSICAO HORIZONTAL MATERIAL ACO INOX APLICACAO ABRIDORA ABDOMEN003001 BVSP PARTS;
469326;SUPORTE FIXACAO MATERIAL ACO;C8;3;10;0;0;45 DIAS;;;SUPORTE FIXACAO MATERIAL ACO INOX 1 LAMINA POSICAO FRONTAL COMPRIMENTO 23000MM LARGURA 14800MM ALTURA 1300MM APLICACAO INDICADOR PESAGEM1047 LIBRATEK;
469727;MOTOR ELETRICO MATERIAL ACO ;E0;10;2;0;0;45 DIAS;;;MOTOR ELETRICO MATERIAL ACO CARBONO 220V CORRENTE ALTERNADA 114A POTENCIA 037KW MONOFASICO FREQUENCIA 60HZ POLOS 4 POLOS TIPO ROTOR GAIOLA USO MOTOREDUTOR APLICACAO BALANCA86498105 ISHIDA;
469820;SENSOR PROX REFLEXIVO DIFUSO;C2;4;4;0;0;45 DIAS;;;SENSOR PROX REFLEXIVO DIFUSO RETANGULAR SAIDA PNP POLIETERIMIDA 1030V CC 30MA DISTANCIA SENSORA 20000MM 4 FIOS 25A80C IP67 IP68 IP69K ROSCA METRICA 1200MM LARGURA 2000MM ALT 4000MM PROF 3600MM;
469822;SENSOR PROX OPTICO RETANGULA;C2;1;7;1;1;45 DIAS;;;SENSOR PROX OPTICO RETANGULAR SAIDA PNP ZINCO 1830V CC 150MA DIST SENSO 20000350000MM 4 FIOS 10A60C ROS METR 1200MM LARG 4200MM ALT 5200MM PROF 4500MMO1D102 IFM 27299 HIGH TECH;
469824;"SENSOR FOTOELET;10-30VDC;2M;";C6;3;6;0;0;45 DIAS;;;SENSOR FOTOELET1030VDC2MIFMO5D100;
470370;FACA CORTE MATERIAL ACO INOX;C9;2;2;1;1;45 DIAS;;;FACA CORTE MATERIAL ACO INOX NATURAL USO CORTE CUBOS APLICACAO PORCIONADORA128969 IMESC;
470470;PINHAO MATERIAL ACO NUMERO D;C5;3;3;0;0;45 DIAS;;;PINHAO MATERIAL ACO NUMERO DENTES 25 USO REDUTOR APLICACAO NOREA41262 SEW;
471029;SENSOR PROXIMIDADE FOTOCELUL;C9;1;7;0;0;45 DIAS;;;SENSOR PROXIMIDADE FOTOCELULA MATERIAL TERMOPLASTICO TENSAO 1030V CORRENTE CONTINUA USO LEITURA TARJA APLICACAO EMBALADORA9396831 ULMA;
471465;PINO MATERIAL ACO INOX USO L;GR;1;6;0;0;45 DIAS;;;PINO MATERIAL ACO INOX USO LINHA CORTE AUTOMATICO APLICACAO MODULO CORTE PERNA3986059 MAREL;
471509;POLIA MATERIAL ACO CARBONO U;C9;5;2;1;1;45 DIAS;;;POLIA MATERIAL ACO CARBONO USO BOMBA APLICACAO LAVADORA ALTA PRESSAO329821 JACTO;
471772;ADAPTADOR MACHO/FEMEA TERMOP;C4;2;7;2;4;45 DIAS;;;ADAPTADOR MACHOFEMEA TERMOPLASTICO CONEXAO ROSCADA ROSCA NPT DIAMETRO ROSCA 34POL CONEXAO ROSCADA ROSCA NPT DIAMETRO ROSCA 34POL USO FIXACAO CENTRAL HIGIENIZACAO 93693550 KARCHER;
472216;ESTATOR MATERIAL ACO INOX AP;C8;3;5;1;2;45 DIAS;;;ESTATOR MATERIAL ACO INOX APLICACAO BOMBA HELICOIDALFIK0123197 JUNIOR INDUSTRIA METALURGICA;
472248;FACA SERRILHADA MATERIAL ACO;C4;5;7;1;3;45 DIAS;;;FACA SERRILHADA MATERIAL ACO INOX NATURAL USO CORTE APLICACAO EMBALADORA19210020340 MULTIVAC;
472250;DISTRIBUIDOR AGUA MATERIAL A;C4;3;5;1;2;45 DIAS;;;DISTRIBUIDOR AGUA MATERIAL ACO INOX USO SISTEMA UMIDADE APLICACAO CENTRAL HIGIENIZACAO93694370 KARCHER;
472251;NIPLE MATERIAL ACO CARBONO C;C4;2;7;4;8;45 DIAS;;;NIPLE MATERIAL ACO CARBONO CONEXAO ROSCADA ROSCA BSP ROSCA LONGA DIAMETRO ROSCA 38POL USO CONEXAO APLICACAO CENTRAL HIGIENIZACAO93695260 KARCHER;
472591;SERVOMOTOR MATERIAL ALUMINIO;C6;5;7;1;1;45 DIAS;;;SERVOMOTOR MATERIAL ALUMINIO TENSAO 230V CORRENTE CONTINUA POTENCIA 450W ANEL USO TRACAO APLICACAO PORCIONADORASGMAH04AAF41 YASKAWA;
472703;ANEL O MATERIAL TERMOPLASTIC;C4;2;4;8;16;45 DIAS;;;ANEL O MATERIAL TERMOPLASTICO USO VEDACAO APLICACAO CENTRAL HIGIENIZACAO63621530 KARCHER;
472710;AMORTECEDOR VIBRACAO MATERIA;C4;2;7;2;4;45 DIAS;;;AMORTECEDOR VIBRACAO MATERIAL COMPOSTO BORRACHA NITRILICA USO TAMPA APLICACAO CENTRAL HIGIENIZACAO65050540 KARCHER;
472836;MANGUEIRA PNEUMATICA MATERIA;C4;3;2;3;6;45 DIAS;;;MANGUEIRA PNEUMATICA MATERIAL POLIPROPILENO SREFORCO SACESSORIO USO ABASTECIMENTO APLICACAO CENTRAL HIGIENIZACAO93892830 KARCHER;
472837;MANGUEIRA PNEUMATICA MATERIA;C4;3;3;3;6;45 DIAS;;;MANGUEIRA PNEUMATICA MATERIAL POLIPROPILENO SREFORCO SACESSORIO USO AGUA APLICACAO CENTRAL HIGIENIZACAO93892820 KARCHER;
472838;MANGUEIRA PNEUMATICA MATERIA;C4;3;2;3;6;45 DIAS;;;MANGUEIRA PNEUMATICA MATERIAL POLIURETANO SREFORCO SACESSORIO USO ABASTECIMENTO APLICACAO CENTRAL HIGIENIZACAO93892840 KARCHER;
472839;MANGUEIRA PNEUMATICA MATERIA;C4;3;4;3;6;45 DIAS;;;MANGUEIRA PNEUMATICA MATERIAL POLIURETANO SREFORCO SACESSORIO USO ABASTECIMENTO APLICACAO CENTRAL HIGIENIZACAO93892860 KARCHER;
475028;MORDACA SELAGEM CONTINUA MAT;C9;5;9;2;4;45 DIAS;;;MORDACA SELAGEM CONTINUA MATERIAL ACO POSICAO HORIZONTAL USO CONJUNTO SOLDA APLICACAO EMBALADORAA95030086SP25RH PACMAC;
475030;MORDACA SELAGEM CONTINUA MAT;C9;5;10;2;4;45 DIAS;;;MORDACA SELAGEM CONTINUA MATERIAL ACO POSICAO HORIZONTAL USO CONJUNTO SOLDA APLICACAO EMBALADORAA95030086SP25LH PACMAC;
475036;KIT ROLO CILINDRICO MATERIAL;E1;2;9;0;0;45 DIAS;;;KIT ROLO CILINDRICO MATERIAL ACO INOX USO TRACAO APLICACAO EMBALADORA92130003FZ PACMAC;
475787;CELULA CARGA MATERIAL ACO IN;C8;4;8;1;1;45 DIAS;;;CELULA CARGA MATERIAL ACO INOX CAPACIDADE 10KG USO PESAGEM APLICACAO CLASSIFICADORAGER730150 GERTECH;
476053;ENGRENAGEM MATERIAL ACO INOX;C9;2;1;1;1;45 DIAS;;;ENGRENAGEM MATERIAL ACO INOX NUMERO DENTES 40 DIAMETRO FURO 1000MM USO TRACAO APLICACAO TRANSPORTADOR AEREO4189953 MAREL;
476092;PARAFUSO CILINDRICO MATERIAL;GR;1;3;0;0;45 DIAS;;;PARAFUSO CILINDRICO MATERIAL ACO INOX USO MESA APLICACAO TRANSPORTADOR AEREO000138141 MAREL;
476168;"POLIA;MAREL/666395";C9;3;7;2;4;45 DIAS;;;POLIAMAREL666395;
476385;VALVULA ALIVIO 1 VIA LATAO D;C4;2;6;1;1;45 DIAS;;;VALVULA ALIVIO 1 VIA LATAO DIAMETRO 5000M DIAMETRO ENTRADA 12POL DIAMETRO SAIDA 38POL COMPRIMENTO 22100MM USO BOMBA AGUA APLICACAO CENTRAL HIGIENIZACAO93117950 KARCHER;
477118;RODA GUIA MATERIAL ACO INOX ;FD;1;1;0;0;45 DIAS;;;RODA GUIA MATERIAL ACO INOX SREVESTIMENTO USO TAMBOR APLICACAO TRANSFERIDOR AUTOMATICO543557 MAREL FOOD SYSTEMS;
477179;ACOPLAMENTO ELAS MATERIAL CO;A1;3;7;2;3;45 DIAS;;;ACOPLAMENTO ELAS MATERIAL CORPO ACO CARBONO MATERIAL ELEMENTO ELASTICO COMPOSTO BORRACHA SINTETICA FLEX NBR 3600RPM 1412NM DIAM FUR MAX 7000MM DIAM EXT 9900MM COMP TOT 22000MM COMPRIMENTO CUBO 20500MMAW70 ACIONAC;
477431;ANEL V CONSTRUCAO ANEL VS MA;GR;1;2;0;0;45 DIAS;;;ANEL V CONSTRUCAO ANEL VS MATERIAL COMPOSTO BORRACHA NITRILICA DUREZA 60SHORE A COR PRETO DIAMETRO INTERNO 1800MM ALTURA 1050MM8935361600024 MEYN;
477475;CHAVETA MATERIAL ACO INOX US;GR;1;2;0;0;45 DIAS;;;CHAVETA MATERIAL ACO INOX USO FIXACAO APLICACAO DESOSSADEIRA8913040150002 MEYN;
477754;CILINDRO PNEUMATICO MATERIAL;C7;4;6;0;0;45 DIAS;;;CILINDRO PNEUMATICO MATERIAL ACO CARBONO USO ACIONAMENTO APLICACAO TRANSFERIDOR3951153 MAREL FOOD SYSTEMS;
478562;INSERTO MATERIAL ACO INOX US;C5;5;4;0;0;45 DIAS;;;INSERTO MATERIAL ACO INOX USO CAME APLICACAO FILETADORA07000010G0103 MEYN;
479100;MOLA TENSAO HELICOIDAL MATER;C8;4;7;2;4;45 DIAS;;;MOLA TENSAO HELICOIDAL MATERIAL ACO INOX USO EXTRATOR CLOACA APLICACAO EVISCERADORA030002 BVSP PARTS;
479957;BUCHA FLANGEADA MATERIAL POL;GR;1;6;0;0;45 DIAS;;;BUCHA FLANGEADA MATERIAL POLIAMIDA USO ABERTURA APLICACAO CLASSIFICADORAGER00011000 GERTECH;
481210;"EIXO;USINOX/30130483796";C9;4;6;0;0;45 DIAS;;;EIXOUSINOX30130483796;
481400;LAMINA CIRCULAR MATERIAL ACO;C8;2;7;16;20;45 DIAS;;;LAMINA CIRCULAR MATERIAL ACO INOX SREVESTIMENTO POSICAO CENTRAL DIAMETRO EXTERNO 18000MM APLICACAO MAQUINA CORTE PEITO09901DC000200 MEYN;
481552;POLIA V CILINDRICA PERFIL A ;E3;1;2;0;0;45 DIAS;;;POLIA V CILINDRICA PERFIL A MATERIAL FERRO FUNDIDO STRATAMENTO NUMERO CANAIS 1 CANAL DIAMETRO EXTERNO 15000MM CHAVETA SCHAVETA;
482517;PARAFUSO SEXTAVADO INTERNO S;GR;1;2;0;0;45 DIAS;;;PARAFUSO SEXTAVADO INTERNO SCABECA MATERIAL ACO INOX AISI304 USO CARCACA APLICACAO MODULO CORTE8908630150006 MEYN;
482861;VALVULA SEGURANCA LATAO APLI;E0;4;4;2;3;45 DIAS;;;VALVULA SEGURANCA LATAO APLICACAO EMBALADORA95170006 PACMAC;
483170;ENCODER INCREMENTAL AL 1024P;C9;1;3;1;2;45 DIAS;;;ENCODER INCREMENTAL AL 1024PPR 6000RPM 1000MM IP66 47530V CC 2060C13642693 SEW;
484001;CONEXAO ROSCADA MATERIAL ACO;C4;3;2;3;6;45 DIAS;;;CONEXAO ROSCADA MATERIAL ACO INOX ANGULO RETO DIAMETRO 112POL DIAMETRO TUBO 1POL USO CABECOTE APLICACAO BOMBA ALTA PRESSAO93693590 KARCHER;
484211;CLP COMPACTO N ENT DIG 14 EN;C8;3;8;1;2;45 DIAS;;;CLP COMPACTO N ENT DIG 14 ENTRADAS N SAID DIG 10 SAIDAS 1424V CC 20A65C 20KB ETHERNET RS232 RS485 MODBUS ASCII CIP SIHM2080LC5024QBB ALLEN BRADLEY;
484457;LAMINA CILINDRICO MATERIAL A;C9;4;4;6;12;45 DIAS;;;LAMINA CILINDRICO MATERIAL ACO INOX SREVESTIMENTO POSICAO CENTRAL DIAMETRO EXTERNO 8000MM APLICACAO MAQUINA CORTE ABDOMEN249670D STORK MAREL FOOD;
485441;CONEXAO PNEUMATICA MATERIAL ;GR;1;3;0;0;45 DIAS;;;CONEXAO PNEUMATICA MATERIAL ACO INOX ANGULO RETO APLICACAO FILETADORA8926119000055 MEYN;
486063;CORREIA SINCRONIZADA MATERIA;C7;2;7;1;2;45 DIAS;;;CORREIA SINCRONIZADA MATERIAL POLIURETANO COMPRIMENTO 773000MM LARGURA 8500MM APLICACAO DESEMPILHADOR AUTOMATICO GAIOLA14M85RM RM MAQUINAS FRIGORIFICAS;
486611;ENGRAXADEIRA MANUAL MATERIAL;C8;5;6;0;0;45 DIAS;;;ENGRAXADEIRA MANUAL MATERIAL ACO USO EXTRATOR CLOACA APLICACAO EVISCERADORA CORTADORA PELE PESCOCO9539929 STORK;
486827;CHAVE PARTIDA SUAVE TENSAO C;C5;4;2;0;0;45 DIAS;;;CHAVE PARTIDA SUAVE TENSAO CONTROLE 220440V 60HZ TENSAO MOTOR 380V CA POTENCIA MOTOR 30CV 60A LCD CRELE SOBRECARGA SCONTATOR LARG 13200MM ALT 37000MM PROF 24400MMSSW060060T2257PSZ WEG;
487073;INSERTO MATERIAL ACO INOX US;C5;5;4;0;0;45 DIAS;;;INSERTO MATERIAL ACO INOX USO CAME APLICACAO FILETADORA07000010C2358 MEYN;
487258;FILTRO ENTRADA FLUIDO OLEO P;C4;2;6;5;10;45 DIAS;;;FILTRO ENTRADA FLUIDO OLEO POSICAO ENTRADA USO RESERVATORIO APLICACAO LAVADORA ALTA PRESSAO51321070 KARCHER;
487261;RESERVATORIO OLEO MATERIAL T;C4;2;6;2;4;45 DIAS;;;RESERVATORIO OLEO MATERIAL TERMOPLASTICO USO ALIMENTACAO APLICACAO LAVADORA ALTA PRESSAO50701940 KARCHER;
488324;PARAFUSO MATERIAL ACO INOX A;GR;1;2;0;0;45 DIAS;;;PARAFUSO MATERIAL ACO INOX AISI304 USO AJUSTE APLICACAO EVISCERADORA AUTOMATICA8908030150016 MEYN;
488772;MOTOREDUTOR MATERIAL ACO CAR;C7;1;6;1;1;45 DIAS;;;MOTOREDUTOR MATERIAL ACO CARBONO 220380V CORRENTE ALTERNADA CORRENTE 119207A 60HZ POTENCIA 037KW FASES TRIFASICO USO TRACAO APLICACAO EMBALADORA10020210839 USINOX;
489089;MANCAL MATERIAL ACO CARBONO ;GR;1;3;0;0;45 DIAS;;;MANCAL MATERIAL ACO CARBONO SROLAMENTO USO ACIONAMENTO APLICACAO FILETADORA8926119000074 MEYN;
489428;BUCHA APOIO MATERIAL POLIACE;GR;1;2;0;0;45 DIAS;;;BUCHA APOIO MATERIAL POLIACETAL USO AJUSTE APLICACAO FILETADORA8906551410015 MEYN;
489434;EIXO DESLIZE MATERIAL ACO IN;GR;1;3;0;0;45 DIAS;;;EIXO DESLIZE MATERIAL ACO INOX POSICAO CENTRAL USO ACIONADOR APLICACAO FILETADORA PEITO700000100523 MEYN;
489482;SUPORTE MATERIAL ACO INOX US;C7;1;3;1;2;45 DIAS;;;SUPORTE MATERIAL ACO INOX USO MORDACA PRENSA SACO APLICACAO EMBALADORA2822 RC INDUSTRIAL;
490208;CAPA PROTECAO MATERIAL LONA ;B6;2;6;0;0;45 DIAS;;;CAPA PROTECAO MATERIAL LONA VINILICA COMPRIMENTO 35000MM LARGURA 35000MM ALTURA 35000MM USO MANUTENCAO APLICACAO DETECTOR METAIS;
490976;"PARAFUSO;MAREL/000254345";GR;1;6;0;0;45 DIAS;;;PARAFUSOMAREL000254345;
491337;CHAVE PARTIDA SUAVE MOTOR TE;C8;2;10;1;2;45 DIAS;;;CHAVE PARTIDA SUAVE MOTOR TENSAO CONTROLE 24V FREQUENCIA 5060HZ TENSAO MOTOR 380400415460VCA POTENCIA MOTOR 15A25CV CORRENTE 12337A DISPLAY SDISPLAY LARGURA 4480MM ALTURA 13970MM PROFUNDIDADE 10000MM SMC 3  150C37NBRALLEN BRADLE;
493276;PLACA ELETR MATERIAL FENOLIT;C7;5;2;1;1;45 DIAS;;;PLACA ELETR MATERIAL FENOLITE TENSAO 24V USO TREMONHA APLICACAO BALANCA53419204 ISHIDA;
493828;POLIA TIPO MOTRIZ MATERIAL A;GR;2;2;1;2;45 DIAS;;;POLIA TIPO MOTRIZ MATERIAL ACO APLICACAO EMBALADORA92110016 PACMAC;
494295;TENSIONADOR MATERIAL ACO INO;C4;1;3;0;0;45 DIAS;;;TENSIONADOR MATERIAL ACO INOX USO MODULO APLICACAO EMBALADORA92080020CH PACMAC;
494785;BOBINA SOLENOIDE TENSAO 24V ;C8;1;8;1;3;45 DIAS;;;BOBINA SOLENOIDE TENSAO 24V CC CORRENTE 02A POTENCIA 48W GRAU PROTECAO IP65 APLICACAO VALVULA DIRECIONALDC24VL HIDROMATIC;
495721;MOLA COMPRESSAO MATERIAL ACO;C8;1;9;15;30;45 DIAS;;;MOLA COMPRESSAO MATERIAL ACO APLICACAO FILETADORA8930110190254 MEYN;
495730;FITA MATERIAL SILICONE USO S;C6;1;5;0;0;45 DIAS;;;FITA MATERIAL SILICONE USO SELAGEM APLICACAO EMBALADORA92120010X34 PACMAC;
495977;DEDO RASPADOR MATERIAL COMPO;C9;1;9;6;12;45 DIAS;;;DEDO RASPADOR MATERIAL COMPOSTO BORRACHA USO SUPORTE APLICACAO MODULO LIMPEZA4103120 MAREL STORK;
496056;RETENTOR MATERIAL POLIURETAN;GR;1;5;0;0;45 DIAS;;;RETENTOR MATERIAL POLIURETANO POSICAO CENTRAL USO VEDACAO APLICACAO PORCIONADORAGER00011010 GERTECH;
496309;ANEL VEDACAO MATERIAL COMPOS;GR;3;6;0;0;45 DIAS;;;ANEL VEDACAO MATERIAL COMPOSTO BORRACHA APLICACAO LINHA CORTE FRANGO100119 BVSP PARTS;
496310;CHAVETA MATERIAL ACO APLICAC;GR;1;4;0;0;45 DIAS;;;CHAVETA MATERIAL ACO APLICACAO LINHA CORTE004002 BVSP PARTS;
496312;CHAVETA MATERIAL ACO INOX AP;C4;5;2;0;0;45 DIAS;;;CHAVETA MATERIAL ACO INOX APLICACAO LINHA CORTE FRANGO004005 BVSP PARTS;
496325;ANEL VEDACAO MATERIAL COMPOS;GR;1;4;0;0;45 DIAS;;;ANEL VEDACAO MATERIAL COMPOSTO BORRACHA APLICACAO LINHA CORTE FRANGO045017 BVSP PARTS;
496424;CORRENTE DENTADA MATERIAL AC;GR;1;1;0;0;45 DIAS;;;CORRENTE DENTADA MATERIAL ACO INOX LIN CORT FRANG600200 BVSP PARTS;
496439;ANEL MATERIAL ACO INOX APLIC;GR;1;4;0;0;45 DIAS;;;ANEL MATERIAL ACO INOX APLICACAO LINHA CORTE FRANGO045014 BVSP PARTS;
497087;ROLO PRESSAO MATERIAL ACO AP;C7;1;5;5;10;45 DIAS;;;ROLO PRESSAO MATERIAL ACO APLICACAO DATADORBS239 DATASUL;
497601;"ROLETE;PACMAC/92080012CH";C4;1;3;1;5;45 DIAS;;;ROLETEPACMAC92080012CH;
497602;ENGRENAGEM MATERIAL ACO APLI;C9;1;9;3;6;45 DIAS;;;ENGRENAGEM MATERIAL ACO APLICACAO EMBALADORA VERTICAL92080013 PACMAC;
497912;CILINDRO MATERIAL ACO APLICA;C7;1;3;1;1;45 DIAS;;;CILINDRO MATERIAL ACO APLICACAO EMBALADORA CMS 744 RC INDUSTRIAL;
497922;MODULO EXPANSAO APLICACAO EM;C9;1;4;1;1;45 DIAS;;;MODULO EXPANSAO APLICACAO EMBALADORA CMS;
498223;"BUCHA;PLASMETAL/1332";C9;2;5;4;8;45 DIAS;;;BUCHAPLASMETAL1332;
498737;RETENTOR MATERIAL ACO COMPOS;C7;2;4;0;0;45 DIAS;;;RETENTOR MATERIAL ACO COMPOSTO BORRACHA APLICACAO FILETADORA8934819000008BR MEYN;
501629;RODA TRACAO MATERIAL ACO INO;C6;5;2;1;2;45 DIAS;;;RODA TRACAO MATERIAL ACO INOX SREVESTIMENTO DIAM EXT 48500MM APLICACAO NOREA1407 FRINOX;
501829;CONTROLADOR LOGICO PROGRAMAV;C8;3;7;1;2;45 DIAS;;;CONTROLADOR LOGICO PROGRAMAVEL MATERIAL TERMOPLASTICO TENSAO 24V CORRENTE CONTINUA APLICACAO EXTRATOR ARR2080LC5024QBB ROCKWELL;
502114;MOTOR ELETRICO MATERIAL FERR;C6;1;6;1;1;45 DIAS;;;MOTOR ELETRICO MATERIAL FERRO FUNDIDO 220380V CORRENTE ALTERNADA 15086A POTENCIA 033CV TRIFASICO FREQUENCIA 60HZ POLOS 4 POLOS 63 IPW66 TIPO ROTOR GAIOLA APLICACAO ESTEIRA TRANSPORTADORA033CV 4P 63 WFF2 WEG;
502763;UNIAO TIPO UNIAO RETENCAO MA;C4;2;6;2;4;45 DIAS;;;UNIAO TIPO UNIAO RETENCAO MATERIAL ACO INOX AISI304 DIAMETRO 2000MM USO MANGUEIRA APLICACAO CENTRAL HIGIENIZACAO93693570 KARCHER;
502858;ROLAMENTO ROLO CONICO CARGA ;E1;4;6;3;4;45 DIAS;;;ROLAMENTO ROLO CONICO CARGA RADIAL MATERIAL ACO LIGA USO TRANSMISSAO APLICACAO MOTOREDUTOR33014 SKF;
503077;RODA GUIA MATERIAL ACO INOX ;C5;4;5;1;2;45 DIAS;;;RODA GUIA MATERIAL ACO INOX AISI304 SREVESTIMENTO DIAM EXT 30000MM APLICACAO NOREA16764 FRINOX;
503562;TECLADO MEMBRANA MATERIAL TE;C8;2;4;0;0;45 DIAS;;;TECLADO MEMBRANA MATERIAL TERMOPLASTICO USO PAINEL APLICACAO BALANCA2096H TOLEDO;
505454;MOTOR ELET CA 5CV 4 POLOS 22;C6;2;6;1;1;45 DIAS;;;MOTOR ELET CA 5CV 4 POLOS 220380V 60HZ TRIFASICO ASSINCR GAIOLA ESQUILO L100L B3D CLASSE ISOL F IPW66 FAT SERV 125 REG SERV S1 IEC12875786 WEG;
506600;SUPORTE POSICAO SUPERIOR APL;C8;1;7;0;0;45 DIAS;;;SUPORTE POSICAO SUPERIOR APLICACAO BALANCA CLASSIFICADORA74974704 ISHIDA;
506734;ANILHA MATERIAL ACO INOX AIS;GR;1;3;0;0;45 DIAS;;;ANILHA MATERIAL ACO INOX AISI304 USO DERRUBADOR FRANGO APLICACAO CORTE AUTOMATICO3910255 MAREL;
506736;ANEL MATERIAL POLIPROPILENO ;GR;1;6;0;0;45 DIAS;;;ANEL MATERIAL POLIPROPILENO USO DERRUBADOR FRANGO APLICACAO CORTE AUTOMATICO3911311 MAREL;
506756;PINO MATERIAL ACO INOX AISI3;C9;2;2;3;6;45 DIAS;;;PINO MATERIAL ACO INOX AISI304 USO DERRUBADOR FRANGO APLICACAO CORTE AUTOMATICO3915186 MAREL;
506760;PLACA MATERIAL ACO INOX AISI;C9;4;7;8;15;45 DIAS;;;PLACA MATERIAL ACO INOX AISI2205 COMP 14200MM LARG 4200MM ESP 400MM USO DERRUBADOR FRANGO APLICACAO CORTE AUTOMATICO3915188 MAREL;
506762;AMORTECEDOR VIBRACAO MATERIA;C9;4;6;3;6;45 DIAS;;;AMORTECEDOR VIBRACAO MATERIAL ACO USO DERRUBADOR FRANGO APLICACAO MAQUINA CORTE AUTOMATICO090100675 MAREL;
506765;BUCHA FLANGEADA MATERIAL ACO;GR;1;5;0;0;45 DIAS;;;BUCHA FLANGEADA MATERIAL ACO USO DERRUBADOR FRANGO APLICACAO CORTE AUTOMATICO090101470 MAREL;
507165;BRACO MATERIAL ACETAL DIREI ;C9;4;9;0;0;45 DIAS;;;BRACO MATERIAL ACETAL DIREI USO APOIO APLICACAO CORTADOR ANATOMICO037000007 BVSP PARTS;
507527;CHAVE PARTIDA SUAVE TENSAO C;C7;3;3;1;1;45 DIAS;;;CHAVE PARTIDA SUAVE TENSAO CONTROLE 220575V 60HZ TENSAO MOTOR 110240V CA POTENCIA MOTOR 5075100125CV 130A LCD CRELE SOBRECARGA LARG 22300MM ALT 27600MM PROF 26100MMSSW900C0130T5E2 WEG;
508351;EMENDA S/ABA MATERIAL ACO CA;C4;5;5;0;0;45 DIAS;;;EMENDA SABA MATERIAL ACO CARBONO ACABAMENTO SACABAMENTO FORMA CONSTRUTIVA REBITADA NORMA ANSI C2080H PASSO 5080MM LARGURA 1575MM ALTURA 2400MM PROFUNDIDADE 1588MM USO EMENDA CORRENTE;
508655;RODA DENTADA MATERIAL ACO IN;C5;3;3;0;0;45 DIAS;;;RODA DENTADA MATERIAL ACO INOX USO ACIONAMENTO APLICACAO DEPENADEIRA FRANGO672404 MAREL STORK;
508656;RODA DENTADA MATERIAL ACO IN;GR;1;2;0;0;45 DIAS;;;RODA DENTADA MATERIAL ACO INOX USO ACIONAMENTO APLICACAO DEPENADEIRA FRANGO672405 MAREL STORK;
508657;BUCHA AJUSTE MATERIAL ACO IN;GR;1;6;0;0;45 DIAS;;;BUCHA AJUSTE MATERIAL ACO INOX TERMOPLASTICO USO AJUSTE APLICACAO DEPENADEIRA FRANGO090100408 MAREL STORK;
509198;MOLA ESPIRAL MATERIAL ACO CA;C4;1;2;2;8;45 DIAS;;;MOLA ESPIRAL MATERIAL ACO CARBONO USO TENSIONADOR APLICACAO EMBALADORA VERTICAL92070053 PACMAC;
509265;ANEL APOIO MATERIAL ACO BRON;C4;2;4;22;44;45 DIAS;;;ANEL APOIO MATERIAL ACO BRONZE USO AJUSTE APLICACAO BOMBA ALTA PRESSAO93760250 KARCHER;
510210;GUIA MATERIAL POLIAMIDA USO ;GR;1;3;0;0;45 DIAS;;;GUIA MATERIAL POLIAMIDA USO ROTACIONADOR APLICACAO FILETADORA07000010I0220 MEYN;
510557;RESISTENCIA AQUECIMENTO MATE;C7;5;5;0;0;45 DIAS;;;RESISTENCIA AQUECIMENTO MATERIAL ACO ALUMINIO ANODIZADO TENSAO 20240V POTENCIA 1000W DIAM 2800MM COMP 30000MM USO AQUECIMENTO APLICACAO EMBALADORA AUTOMATICAZOSS025000021 OSSID;
510788;VALVULA DIRECIONAL ACO CARBO;C8;1;3;2;6;45 DIAS;;;VALVULA DIRECIONAL ACO CARBONO APLICACAO LINHA CORTE AUTOMATICA90255594 MAREL FOOD SYSTEMS;
511423;PARAFUSO CABECA SEXTAVADA MA;GR;1;6;0;0;45 DIAS;;;PARAFUSO CABECA SEXTAVADA MATERIAL ACO INOX APLICACAO ABRIDOR ABDOMEN000138195 MAREL FOOD SYSTEMS;
511707;MOTOR ELETRICO MATERIAL FERR;C5;3;5;0;0;45 DIAS;;;MOTOR ELETRICO MATERIAL FERRO FUNDIDO 220380V CORRENTE ALTERNADA 189A 325A POTENCIA 0750KW TRIFASICO FREQUENCIA 60HZ POLOS 4 POLOS USO ACIONAMENTO APLICACAO TANQUE RESFRIAMENTO CARCACADRN80M4FG SEW;
511769;SENSOR TEMPERATURA MATERIAL ;C7;5;7;0;0;45 DIAS;;;SENSOR TEMPERATURA MATERIAL ACO ALUMINIO TENSAO 24240V CORRENTE ALTERNADA DIAMETRO HASTE 2800MM COMPRIMENTO 10000MM USO AQUECIMENTO APLICACAO EMBALADORA AUTOMATICAZOSS025000025 OSSID;
511771;RESISTENCIA AQUECIMENTO MATE;C7;5;5;0;0;45 DIAS;;;RESISTENCIA AQUECIMENTO MATERIAL ACO ALUMINIO ALUMINIO ANODIZADO TENSAO 24240 VAC POTENCIA 1000W DIAM 2800MM COMP 30000MM APLICACAO EMBALADORA AUTOMATICAZOSSID35062 OSSID;
511852;"MANCAL;JUNIOR FRIGOMETAL/080";C7;2;6;1;2;45 DIAS;;;MANCALJUNIOR FRIGOMETAL0803200158073;
514526;IHM MATERIAL TERMOPLASTICO T;C9;2;9;1;1;45 DIAS;;;IHM MATERIAL TERMOPLASTICO TENSAO 24V CORRENTE CONTINUA USO COMANDO APLICACAO TUNEL CONGELAMENTO CONTINUOR2711PRDT10C ALLEN BRADLEY;
515765;"MODULO ELETR CONTR COM;PROFI";B1;3;2;1;2;45 DIAS;;;MODULO ELETR CONTR COMPROFINETSIEMENS6SL32440BB121FA0;
516956;ELEMENTO ELASTICO MATERIAL C;GR;1;1;0;0;45 DIAS;;;ELEMENTO ELASTICO MATERIAL COMPOSTO BORRACHA APLICACAO FILETADORA8958359000005 MEYN;
516986;SUPORTE L MATERIAL ALUMINIO ;C7;1;5;4;8;45 DIAS;;;SUPORTE L MATERIAL ALUMINIO USO ROLO PRESSAO APLICACAO DATADORBS238 DATASUL;
517253;ROTULA MATERIAL ACO INOX APL;C8;5;9;1;1;45 DIAS;;;ROTULA MATERIAL ACO INOX APLICACAO CLASSIFICADORA FRANGO090100646 MAREL STORK;
519033;GUIA ALINHAMENTO MATERIAL PO;C5;5;5;0;0;45 DIAS;;;GUIA ALINHAMENTO MATERIAL POLIAMIDA POSICAO CENTRAL USO LINHA CORTE AUTOMATICO APLICACAO VIRADOR GANCHO003040 BVSP PARTS;
519034;GUIA ALINHAMENTO MATERIAL PO;B6;1;6;0;0;45 DIAS;;;GUIA ALINHAMENTO MATERIAL POLIAMIDA POSICAO CENTRAL USO LINHA CORTE AUTOMATICO APLICACAO VIRADOR GANCHO003041 BVSP PARTS;
519113;GUIA ALINHAMENTO MATERIAL 10;C8;5;3;1;1;45 DIAS;;;GUIA ALINHAMENTO MATERIAL 100 POLIAMIDA POSICAO CENTRAL USO VIRADOR GANCHO APLICACAO LINHA CORTE AUTOMATICA003030 BVSP PARTS;
519114;GUIA ALINHAMENTO MATERIAL 10;C5;5;5;0;0;45 DIAS;;;GUIA ALINHAMENTO MATERIAL 100 POLIAMIDA POSICAO CENTRAL USO VIRADOR GANCHO APLICACAO LINHA CORTE AUTOMATICA003000029 BVSP PARTS;
519115;GUIA ALINHAMENTO MATERIAL 10;C5;5;5;0;0;45 DIAS;;;GUIA ALINHAMENTO MATERIAL 100 POLIAMIDA POSICAO CENTRAL USO VIRADOR GANCHO APLICACAO LINHA CORTE AUTOMATICA003000031 BVSP PARTS;
519116;GUIA ALINHAMENTO MATERIAL 10;C5;5;6;0;0;45 DIAS;;;GUIA ALINHAMENTO MATERIAL 100 POLIAMIDA POSICAO CENTRAL USO VIRADOR GANCHO APLICACAO LINHA CORTE AUTOMATICA003015 BVSP PARTS;
519118;GUIA ALINHAMENTO MATERIAL 10;C5;5;5;0;0;45 DIAS;;;GUIA ALINHAMENTO MATERIAL 100 POLIAMIDA POSICAO CENTRAL USO VIRADOR GANCHO APLICACAO LINHA CORTE AUTOMATICA003012 BVSP PARTS;
519119;GUIA ALINHAMENTO MATERIAL 10;C5;5;5;0;0;45 DIAS;;;GUIA ALINHAMENTO MATERIAL 100 POLIAMIDA POSICAO CENTRAL USO VIRADOR GANCHO APLICACAO LINHA CORTE AUTOMATICA003000111 BVSP PARTS;
520335;SENSOR INDUTIVO MATERIAL ACO;C8;3;8;1;2;45 DIAS;;;SENSOR INDUTIVO MATERIAL ACO INOX APLICACAO DESEMPILHADOR CAIXA44016 RM MAQUINAS FRIGORIFICAS;
521170;FILTRO PLISSADO AR MAT CORP ;C6;4;1;2;4;45 DIAS;;;FILTRO PLISSADO AR MAT CORP AL MAT ELEM FILTR AL COMP 61500MM LARG 48600MM ALT 4500MM5FAT6650 VECOFLOW;
521351;CORTADOR VISCERAS MATERIAL A;C9;4;5;4;8;45 DIAS;;;CORTADOR VISCERAS MATERIAL ALUMINIO APLICACAO MAQUINA TIRAR PELE PESCOCO20050082432 FRIGOMEC;
521835;CONVERSOR FREQUENCIA TENSAO ;C5;3;5;1;2;45 DIAS;;;CONVERSOR FREQUENCIA TENSAO 380500V CORRENTE 5A FREQUENCIA 5060HZ POTENCIA 220KW USO PAINEL APLICACAO FORNO PIZZAMC07B00225A34SOFSC11B SEW;
522532;GUIA ALINHAMENTO MATERIAL PO;B6;1;6;0;0;45 DIAS;;;GUIA ALINHAMENTO MATERIAL POLIAMIDA POSICAO CENTRAL USO VIRADOR GANCHO APLICACAO LINHA CORTE AUTOMATICA003000131 BVSP PARTS;
522533;GUIA ALINHAMENTO MATERIAL PO;B6;1;6;0;0;45 DIAS;;;GUIA ALINHAMENTO MATERIAL POLIAMIDA POSICAO CENTRAL USO VIRADOR GANCHO APLICACAO LINHA CORTE AUTOMATICA003000026 BVSP PARTS;
522541;GUIA ALINHAMENTO MATERIAL PO;GR;1;1;0;0;45 DIAS;;;GUIA ALINHAMENTO MATERIAL POLIAMIDA POSICAO CENTRAL USO VIRADOR GANCHO APLICACAO LINHA CORTE AUTOMATICA003000126 BVSP PARTS;
522543;GUIA ALINHAMENTO MATERIAL PO;B6;1;6;0;0;45 DIAS;;;GUIA ALINHAMENTO MATERIAL POLIAMIDA POSICAO CENTRAL USO VIRADOR GANCHO APLICACAO LINHA CORTE AUTOMATICA003000059 BVSP PARTS;
522544;GUIA ALINHAMENTO MATERIAL PO;C5;5;6;0;0;45 DIAS;;;GUIA ALINHAMENTO MATERIAL POLIAMIDA POSICAO CENTRAL USO VIRADOR GANCHO APLICACAO LINHA CORTE AUTOMATICA003000128 BVSP PARTS;
522545;GUIA ALINHAMENTO MATERIAL PO;C5;5;6;0;0;45 DIAS;;;GUIA ALINHAMENTO MATERIAL POLIAMIDA POSICAO CENTRAL USO VIRADOR GANCHO APLICACAO LINHA CORTE AUTOMATICA003000129 BVSP PARTS;
522547;GUIA ALINHAMENTO MATERIAL PO;C5;5;5;0;0;45 DIAS;;;GUIA ALINHAMENTO MATERIAL POLIAMIDA POSICAO CENTRAL USO VIRADOR GANCHO APLICACAO LINHA CORTE AUTOMATICA003000130 BVSP PARTS;
522942;LAMINA TIPO FACA MATERIAL AC;C9;3;3;3;6;45 DIAS;;;LAMINA TIPO FACA MATERIAL ACO INOX667129 MAREL FOOD SYSTEMS;
522949;RESISTENCIA TUBULAR AQUECIM-;C4;5;7;1;2;45 DIAS;;;RESISTENCIA TUBULAR AQUECIM19188102014 MULTIVAC;
524561;INVERSOR FREQUENCIA TRIFASIC;C7;3;7;1;2;45 DIAS;;;INVERSOR FREQUENCIA TRIFASICO TENS 380500V CORR 44A FREQ ENT 5060HZ FREQ SAID 01599HZ GR PROT IP20 TEMP OPER 10A60C POTEN MOT 11KW MONTAGEM ENCAIXEATV320U11N4B SCHNEIDER ELETRIC;
524570;PLACA CIRC IMPRESSO MATERIAL;C7;5;3;1;1;45 DIAS;;;PLACA CIRC IMPRESSO MATERIAL FENOLITE APLICACAO BALANCA MULTICABECAL100026603100 ISHIDA;
525199;FACA CIRCULAR MATERIAL ACO I;C7;5;6;0;0;45 DIAS;;;FACA CIRCULAR MATERIAL ACO INOX USO CORTE APLICACAO EMBALADORAZOSSID4225913 OSSID;
525205;BORRACHA TIPO VEDACAO USO EM;C7;5;5;0;0;45 DIAS;;;BORRACHA TIPO VEDACAO USO EMBALADORAZROS0370004T OSSID;
525312;ESCOVA CIRCULAR MATERIAL ACO;C7;5;6;0;0;45 DIAS;;;ESCOVA CIRCULAR MATERIAL ACO INOX APLICACAO EMBALADORAZOSS025000053 OSSID;
525661;PLACA COMUNICACAO TERMOPLAST;C8;4;6;1;2;45 DIAS;;;PLACA COMUNICACAO TERMOPLASTICO MATERIAL CALCO TERMOPLASTICO 1 POSICAO INTERF RJ45 INVERS PAINEL ELETRICOVW3A3608 SCHNEIDER ELETRIC;
527107;PARAFUSO MATERIAL ACO APLICA;GR;1;4;0;0;45 DIAS;;;PARAFUSO MATERIAL ACO APLICACAO EVISCERADORA AUTOMATICA100000003 BVSP PARTS;
527492;CONTROLADOR SEGURANCA PROTOC;C8;2;7;1;2;45 DIAS;;;CONTROLADOR SEGURANCA PROTOCOLO COMUNICACAO ETHERNETETHERCAT TENSAO ALIMENTACAO 24V CORRENTE TIPO CORRENTE CONTINUA CLASSE ISOLACAO III TEMPERATURA OPERACAO 055C GRAU PROTECAO IP20 CONEXAO CONECTOR DINEK19600000 BECKHOFF;
527623;AMORTECEDOR MATERIAL ACO INO;C9;1;6;3;6;45 DIAS;;;AMORTECEDOR MATERIAL ACO INOX USO MODULO APLICACAO DERRUBADOR091000074 MAREL;
528826;MOTOR ELET CA 7,5CV 4 POLOS ;C6;1;7;1;1;45 DIAS;;;MOTOR ELET CA 75CV 4 POLOS 220380V 60HZ TRIFASICO GAIOLA ESQUILO L112M B14D IPW66 FAT SERV 125 REG SERV S1;
528882;CONTRA APOIO MATERIAL ACO CO;C7;5;6;0;0;45 DIAS;;;CONTRA APOIO MATERIAL ACO COMPOSTO BORRACHA USO BARRA SELAGEM APLICACAO EMBALADORA AUTOMATICAZOSS025000019 OSSID;
529408;ROLETE DUPLA GIRATORIA ACO L;C7;2;6;50;80;45 DIAS;;;ROLETE DUPLA GIRATORIA ACO LIGA BICO LIMPEZA MAQUINA MOELAPA01XX00GT04307 JUNIOR FRIGOMETAL;
529735;CHAVETA MATERIAL ACO APLICAC;GR;1;4;0;0;45 DIAS;;;CHAVETA MATERIAL ACO APLICACAO EXTRATOR BILIS004022 BVSP PARTS;
531123;SUPORTE MATERIAL ACO APLICAC;C8;2;5;0;0;45 DIAS;;;SUPORTE MATERIAL ACO APLICACAO FILETADORA PEITO FRANGO07000010S0120 MEYN;
533236;SERVO DRIVE 380-500V CC 50-6;C5;3;7;1;1;45 DIAS;;;SERVO DRIVE 380500V CC 5060HZ 36A 15KW TRIFASICO TEMPERATURA OPERACAO 040C MONTAGEM PAINEL PAINEL ELETRICO ESTEIRAMDX61B00145A340T SEW;
533560;RESISTENCIA ELETRICA AQUECIM;C7;5;4;0;0;45 DIAS;;;RESISTENCIA ELETRICA AQUECIMENTO MATERIAL ACO INOX POTENCIA 380W TENSAO 220240VZOSS0320250 CRYOVAC;
533563;TERMOPAR JK MATERIAL ACO INO;C7;5;4;0;0;45 DIAS;;;TERMOPAR JK MATERIAL ACO INOX APLICACAO EMBALADORA AUTOMATICAZOSS0320204 CRYOVAC;
534076;BARRA AQUECIMENTO MATERIAL A;C7;5;2;0;0;45 DIAS;;;BARRA AQUECIMENTO MATERIAL ACO INOX AISI304 A PROVA DAGUA FORMATO RETANGULAR COMPRIMENTO 50000MM POSICAO 1 POSICAO USO BARRA SELAGEM APLICACAO EMBALADORA AUTOMATICA0270020 OSSID ZOSS0270020 CRYOVAC;
534163;RELE COMANDO TENSAO 24-240V ;C7;5;5;0;0;45 DIAS;;;RELE COMANDO TENSAO 24240V CC CORRENTE 012A APLICACAO EMBALADORA AUTOMATICAE3192 OSSID;
534164;CONTROLADOR TEMPERATURA TENS;C7;5;4;0;0;45 DIAS;;;CONTROLADOR TEMPERATURA TENSAO 24240V CORRENTE CONTINUA USO ACIONAMENTO APLICACAO EMBALADORA AUTOMATICAXOSSE3031 CRYOVAC;
534362;APOIO MATERIAL ACO CARBONO C;C7;5;4;0;0;45 DIAS;;;APOIO MATERIAL ACO CARBONO COMPOSTO BORRACHA USO BASE APLICACAO EMBALADORA AUTOMATICAZOSSID45500 CRYOVAC;
534962;BICO PULVERIZADOR APLICACAO ;GR;1;3;0;0;45 DIAS;;;BICO PULVERIZADOR APLICACAO FILETADEIRA PEITO FRANGO8924360100018 MEYN;
535224;ENGATE MATERIAL ACO INOX APL;GR;4;2;0;0;45 DIAS;;;ENGATE MATERIAL ACO INOX APLICACAO FILETADORA PEITO FRANGO8926119000057 MEYN;
536899;RESISTENCIA CARTUCHO MATERIA;C8;1;4;1;2;45 DIAS;;;RESISTENCIA CARTUCHO MATERIAL ACO INOX ISOLANTE TERMICO TENSAO 240V POTENCIA 700W DIAM 620MM COMP 40500MM USO AQUECIMENTO APLICACAO EMBALADORA VERTICAL16712 DVOLTS;
538026;BUCHA AUTOLUBRIFICANTE MATER;C4;5;6;1;3;45 DIAS;;;BUCHA AUTOLUBRIFICANTE MATERIAL BRONZE USO ELEVACAO APLICACAO TERMOFORMADORA105079599 MULTIVAC;
538030;VEDACAO MATERIAL COMPOSTO BO;C4;5;7;1;10;45 DIAS;;;VEDACAO MATERIAL COMPOSTO BORRACHA USO EIXO APLICACAO TERMOFORMADORA80209407300 MULTIVAC;
539858;PARAFUSO CABECA CHATA MATERI;C8;2;9;6;12;45 DIAS;;;PARAFUSO CABECA CHATA MATERIAL ACO APLICACAO MAQUINA CORTE100000045 BVSP PARTS;
540200;ROLAMENTO AUTOCOMPENSADOR RO;C6;4;3;7;14;45 DIAS;;;ROLAMENTO AUTOCOMPENSADOR ROLO CILINDRICO C3 ACO E4 SVEDACAO SBLINDAGEM DIAM EIX 25 MM DIAM EX 52 MM LARG 18 MM REFERENCIA ROLAMENTO AUTOCOMPENSADOR ROLO 22205;
540416;REGULADOR PRESSAO MATERIAL A;B6;1;6;0;0;45 DIAS;;;REGULADOR PRESSAO MATERIAL ACO INOX APLICACAO FILETADORA PEITO FRANGO8926969000031 MEYN;
541154;ANEL O MATERIAL COMPOSTO BOR;C4;5;6;1;6;45 DIAS;;;ANEL O MATERIAL COMPOSTO BORRACHA APLICACAO TERMOFORMADORA78301030301 MULTIVAC;
541167;KIT VEDACAO MAT COMPOST BORR;C4;5;6;1;2;45 DIAS;;;KIT VEDACAO MAT COMPOST BORRACH APLICACAO TERMOFORMADORA80275111401 MULTIVAC;
542144;"ANEL;SEMIL/304999900126";C7;2;3;1;2;45 DIAS;;;ANELSEMIL304999900126;
542227;PAINEL MATERIAL TERMOPLASTIC;C8;4;7;1;1;45 DIAS;;;PAINEL MATERIAL TERMOPLASTICO ALUMINIO APLICACAO FORMADORA HAMBURGUER2711PT10C22D9P ALLEN BRADLEY;
542887;ADESIVO DUPLA FACE INDICADOR;C8;3;10;0;0;45 DIAS;;;ADESIVO DUPLA FACE INDICADOR PESAGEM3058 LIBRATEK;
542925;GANCHO MATERIAL ACO INOX BRA;C9;5;4;30;40;45 DIAS;;;GANCHO MATERIAL ACO INOX BRANCO APLICACAO NOREA PACOTE3859210 MAREL;
542977;"ANEL;KARCHER/63621680";C4;2;4;2;4;45 DIAS;;;ANELKARCHER63621680;
542978;"ANEL;KARCHER/63627960";C4;2;4;7;14;45 DIAS;;;ANELKARCHER63627960;
543081;ROLAMENTO AUTOCOMPENSADOR CA;C4;2;5;1;2;45 DIAS;;;ROLAMENTO AUTOCOMPENSADOR CARGA AXIAL MATERIAL ACO INOX USO BARRA TRACAO APLICACAO LAVADORA64013970 KARCHER;
543082;PARAFUSO CABECA CONICA MATER;C4;2;7;4;8;45 DIAS;;;PARAFUSO CABECA CONICA MATERIAL ACO INOX USO APERTO APLICACAO LAVADORA54111770 KARCHER;
544378;"PARAFUSO;MAREL/00400402282";C8;1;5;15;30;45 DIAS;;;PARAFUSOMAREL00400402282;
548754;"RODA;MAREL/652503";GR;1;6;0;0;45 DIAS;;;RODAMAREL652503;
548760;EIXO MATERIAL ACO INOX APLIC;E1;13;1;0;0;45 DIAS;;;EIXO MATERIAL ACO INOX APLICACAO CORTADOR PENA622626 MAREL;
548907;PLACA GUIA ACO INOX CORTADOR;C5;5;6;0;0;45 DIAS;;;PLACA GUIA ACO INOX CORTADOR PENA664080 MAREL;
548908;PLACA CURVADA ACO INOX CORTA;C9;5;8;2;4;45 DIAS;;;PLACA CURVADA ACO INOX CORTADOR PENA664084 MAREL;
548912;PLACA CAME ACO INOX CORTADOR;C9;5;8;2;4;45 DIAS;;;PLACA CAME ACO INOX CORTADOR PENA664085 MAREL;
549519;LAMINA MATERIAL ACO INOX POS;C9;4;3;6;12;45 DIAS;;;LAMINA MATERIAL ACO INOX POSICAO LADO ESQUERDO APLICACAO CORTADOR PERNA ANATOMICA0249671 MAREL;
551063;PINO RECARTILH MAT AI DIAM 6;C9;5;8;150;300;45 DIAS;;;PINO RECARTILH MAT AI DIAM 635MM 3200MM1857000 BERTOLDI;
551642;PINO FORMATO CILINDRICA MATE;C7;3;5;50;100;45 DIAS;;;PINO FORMATO CILINDRICA MATERIAL TERMOPLASTICO USO TRAVA APLICACAO TRANSPORTADOR AEREORS 4064 RS USINAGEM;
551648;MODULO CONTROLE MATERIAL TER;C8;5;4;0;0;45 DIAS;;;MODULO CONTROLE MATERIAL TERMOPLASTICO TENSAO 24V CORRENTE CONTINUA 120MA INTERFACE BORNE USO REGISTRO LICENCA APLICACAO QUADRO ELETRICOEL6070 BECKHOFF;
553138;GUIA ALINHAMENTO MATERIAL TE;C5;5;6;0;0;45 DIAS;;;GUIA ALINHAMENTO MATERIAL TERMOPLASTICO POSICAO CENTRAL USO VIRADOR APLICACAO LINHA CORTE AUTOMATICA003000169 BVSP PARTS;
553161;ANEL MATERIAL ACO INOX APLIC;C9;1;6;4;8;45 DIAS;;;ANEL MATERIAL ACO INOX APLICACAO FILETADORA PEITO3972756 MAREL;
554105;CELULA CARGA MATERIAL ACO IN;C9;3;5;1;1;45 DIAS;;;CELULA CARGA MATERIAL ACO INOX CAPACIDADE 30KG APLICACAO CLASSIFICADORA FRANGOGER00002020 GERTECH;
554750;CORREIA SINCRONIZADORA PER D;C7;4;5;2;4;45 DIAS;;;CORREIA SINCRONIZADORA PER DEN TRAP COR PT MAT COMPOST BORRACH NEOP MAT CORD TRAC FV COMP 16764MM PAS 127MM LARG 381MM N DENT 132660 H CORREIAS SCHNEIDER;
555676;JUNTA CIRCULAR MATERIAL ALUM;C8;3;5;1;1;45 DIAS;;;JUNTA CIRCULAR MATERIAL ALUMINIO CINZA DIAMETRO 27X21MM ESPESSURA 150MM USO VEDACAO APLICACAO COMPRESSOR AMONIA2356133 JOHNSON CONTROLS;
555875;INVERSOR FREQUENCIA TRIFASIC;C8;5;10;1;2;45 DIAS;;;INVERSOR FREQUENCIA TRIFASICO TENS 380480V CORR 88A FREQ ENT 4763HZ FREQ SAID 0550HZ GR PROT IP20 TEMP OPER 10A60C POTEN MOT 4KW6SL32105BE240UV0 SIEMENS;
557069;SIRENE ELETROMECANICA TENSAO;B9;5;6;1;2;45 DIAS;;;SIRENE ELETROMECANICA TENSAO 110220V PRESSAO ACUSTICA 12321039DB SOM CONTINUO SINDICACAO VISUALEG101 ENGESIG;
557290;LAMINA REDONDA MATERIAL ACO ;C9;3;4;2;4;45 DIAS;;;LAMINA REDONDA MATERIAL ACO INOX USO CORTE APLICACAO TRANSFERIDOR3857454 MAREL;
558161;MOLA PRESSAO ACO APLIC EVISC;GR;1;4;0;0;45 DIAS;;;MOLA PRESSAO ACO APLIC EVISCERAD030000013 BVSP PARTS;
558979;"ANILHA;MAREL/669905";C9;2;7;3;6;45 DIAS;;;ANILHAMAREL669905;
559451;PARAFUSO SEXTAVADO MATERIAL ;C7;2;4;2;4;45 DIAS;;;PARAFUSO SEXTAVADO MATERIAL ACO INOX AISI304 APLICACAO CUBA INSENSIBILIZACAO300999900058 SEMIL;
559661;CRUZ MALTA MATERIAL ACO CARR;C7;2;7;50;70;45 DIAS;;;CRUZ MALTA MATERIAL ACO CARRINHO APLICACAO FILETADORA003029 SOLUFRIGO LCM30022  07000000C0350 SOLUFRIGO;
560613;ARRUELA MATERIAL ACO APLICAC;GR;1;6;0;0;45 DIAS;;;ARRUELA MATERIAL ACO APLICACAO QUEBRADOR PESCOCO350212 MAREL FOOD SYSTEMS;
560779;ANEL O MATERIAL COMPOSTO BOR;C4;2;6;43;86;45 DIAS;;;ANEL O MATERIAL COMPOSTO BORRACHA USO EIXO APLICACAO BOMBA AGUA63630030 KARCHER;
560988;CILINDRO PNEUMATICO MATERIAL;E3;1;10;1;1;45 DIAS;;;CILINDRO PNEUMATICO MATERIAL ACO ALUMINIO DIAM HAST 10000MM COMP HAST 10000MM USO ACIONAMENTO APLICACAO EMBALADORA100211418956 USINOX;
561468;PINO MATERIAL ACO INOX USO C;C9;3;5;50;100;45 DIAS;;;PINO MATERIAL ACO INOX USO CARRINHO APLICACAO FILETADORA AUTOMATICA07000001G0212 MEYN;
561601;RELE SEGUR TENS OPER 24V COR;C8;2;8;1;1;45 DIAS;;;RELE SEGUR TENS OPER 24V CORRENTE CONTINUA CONTAT 6NA 2NF MONTAGEM TRILHO DIN LARGURA 2260MM ALTURA 9671MM PROFUNDIDADE 11988MMPNOZ S22  750132 PILZ;
561846;RELE SEGUR 6A TENS OPER 24V ;C8;2;8;1;1;45 DIAS;;;RELE SEGUR 6A TENS OPER 24V CORRENTE CONTINUA CONTAT 3NA 3NF MONTAGEM TRILHO DINPNOZ X3  774310 PILZ;
561898;CELULA CARGA MATERIAL ALUMIN;C6;2;5;0;0;45 DIAS;;;CELULA CARGA MATERIAL ALUMINIO CAPACIDADE 0A2000KG USO COMUNICACAO APLICACAO BALANCA ELETRONICA  VS IMPORTACAO EXPORTACAO REFERENCIA LP TYPE 2T;
562822;INSERTO MATERIAL ACO APLICAC;C5;5;4;0;0;45 DIAS;;;INSERTO MATERIAL ACO APLICACAO LINHA CORTE AUTOMATICA07000000G0887 MEYN;
563294;GUIA MATERIAL ACO INOX APLIC;C9;4;10;1;1;45 DIAS;;;GUIA MATERIAL ACO INOX APLICACAO EVISCERADORA3939294 MAREL;
563458;DISCO MATERIAL BORRACHA NITR;C9;4;6;1;2;45 DIAS;;;DISCO MATERIAL BORRACHA NITRILICA DIAMETRO 5500MM ESP 400MM USO ACIONAMENTO APLICACAO SANGRADOR AUTOMATICO201000900012 SEMIL;
563596;"CORREIA TRANSP SEM-FIM;MULTI";A1;8;2;1;1;45 DIAS;;;CORREIA TRANSP SEMFIMMULTIBELT830030023U 800MM;
564889;POLIA TIPO SINCRONIZADA MATE;C9;1;6;3;5;45 DIAS;;;POLIA TIPO SINCRONIZADA MATERIAL ALUMINIO APLICACAO MODULO CORTADOR PESCOCO006000019 BVSP PARTS;
565424;DEDO RASPADOR MATERIAL ACO I;C8;5;7;0;0;45 DIAS;;;DEDO RASPADOR MATERIAL ACO INOX APLICACAO DESENGANCHADOR4123855 STORK MAREL FOOD;
566570;GUIA MATERIAL POLIAMIDA APLI;GR;2;5;0;0;45 DIAS;;;GUIA MATERIAL POLIAMIDA APLICACAO CORTADOR PERNA ANATOMICA3871783 MAREL;
566627;VALVULA ALI ZINCO MAT OBTUR ;E3;3;8;0;0;45 DIAS;;;VALVULA ALI ZINCO MAT OBTUR LAT FAIXA PRES MOLA 011MPA PRES MAX 15MPA 560C DIAM NOM 38POLVHS30F04B SMC;
566657;VALVULA ALI ZINCO MAT OBTUR ;E0;9;8;0;0;45 DIAS;;;VALVULA ALI ZINCO MAT OBTUR LAT FAIXA PRES MOLA 011MPA PRES MAX 15MPA 560C DIAM NOM 12POLVHS30F06B SMC;
567799;BICO MATERIAL ACO INOX CONEX;C8;5;5;10;20;45 DIAS;;;BICO MATERIAL ACO INOX CONEXAO ROSCADA ROSCA BSP DIAM ROS 14POLBUK8005 BIKOS;
568333;"ARRUELA;MAREL/000351442";GR;1;6;0;0;45 DIAS;;;ARRUELAMAREL000351442;
568348;FILTRO PLISSADO AR MAT CORP ;B6;4;7;3;6;45 DIAS;;;FILTRO PLISSADO AR MAT CORP MA SIN MAT ELEM FILTR CARV ATIV ESP 5000MM COMP 59500MM LARG 39500MMDHME3031 MUNTERS;
570426;RELE SEGUR TENS COMUT 24V CC;C8;2;8;1;1;45 DIAS;;;RELE SEGUR TENS COMUT 24V CC TENS OPER 24V CONTAT 4 CONTAT MONTAGEM HORIZONTAL LARGURA 2250MM ALTURA 8700MM PROFUNDIDADE 12100MMPZE X4V 05S PILZ;
571337;CORREIA SINCRONIZADA MATERIA;E0;2;10;0;0;45 DIAS;;;CORREIA SINCRONIZADA MATERIAL TERMOPLASTICO COMPRIMENTO 98000MM LARGURA 40000MM;
571465;PARAFUSO MATERIAL ACO APLICA;GR;4;6;0;0;45 DIAS;;;PARAFUSO MATERIAL ACO APLICACAO ABRIDOR CLOACA000251691 STORK;
571467;"PARAFUSO;MAREL/302751";GR;1;6;0;0;45 DIAS;;;PARAFUSOMAREL302751;
571502;ESTEIRA MATERIAL LONA POLIES;C7;3;3;0;0;45 DIAS;;;ESTEIRA MATERIAL LONA POLIESTER AZUL COMPRIMENTO 150000MM APLICACAO TERMOFORMADORA8464515 ULMA;
571604;FUSIVEL ULTRA RAPIDO MATERIA;C8;1;9;3;6;45 DIAS;;;FUSIVEL ULTRA RAPIDO MATERIAL PORCELANA TENSAO 800V CORRENTE ALTERNADA CORRENTE 850A APLICACAO COMPRESSOR3NE4482 SIEMENS;
571882;REDUCAO MATERIAL ACO CARBONO;C4;5;2;0;0;45 DIAS;;;REDUCAO MATERIAL ACO CARBONO USO CORRENTE SIMPLES APLICACAO PENEIRA ROTATIVAC2080H RT 1525 JOHNSON SCREENS;
573282;INVERSOR FREQUENCIA TRIFASIC;C8;2;10;1;1;45 DIAS;;;INVERSOR FREQUENCIA TRIFASICO TENS 380480V CORR CA FREQ ENT 4763HZ GR PROT IP20 POTEN MOT 22KW6SE64402UD222BAO SIEMENS;
573545;CONTROLADOR LOGICO PROGRAMAV;C8;5;7;1;2;45 DIAS;;;CONTROLADOR LOGICO PROGRAMAVELALLEN BRADLEY2080LC5048QBB;
574339;HASTE MATERIAL ACO INOX USO ;B6;2;5;0;0;45 DIAS;;;HASTE MATERIAL ACO INOX USO FIXACAO GUIA APLICACAO MESA REPENDURA5000077 BVSP PARTS;
574340;HASTE MATERIAL ACO INOX USO ;B6;2;5;0;0;45 DIAS;;;HASTE MATERIAL ACO INOX USO FIXACAO GUIA APLICACAO MESA REPENDURA5000079 BVSP PARTS;
574342;HASTE MATERIAL ACO INOX APLI;B6;2;5;0;0;45 DIAS;;;HASTE MATERIAL ACO INOX APLICACAO MESA REPENDURA5000078 BVSP PARTS;
574343;HASTE MATERIAL ACO INOX USO ;B6;2;5;0;0;45 DIAS;;;HASTE MATERIAL ACO INOX USO FIXACAO GUIA APLICACAO MESA REPENDURA5000054 BVSP PARTS;
575406;ESTATOR MATERIAL ACO APLICAC;A1;3;8;1;2;45 DIAS;;;ESTATOR MATERIAL ACO APLICACAO BOMBA AGUANM05302S SBBPF1020 HELIFAB;
575415;MODULO ELETR ENTRADA SAIDA 2;C8;5;4;1;2;45 DIAS;;;MODULO ELETR ENTRADA SAIDA 2 ENTRADAS ANALOGICA 4 SAIDAS ANALOGICA2080OF2 ALLEN BRADLEY;
575793;"CORREIA;MAREL/090200451";E0;2;9;2;4;45 DIAS;;;CORREIAMAREL090200451;
576806;PLACA CIRC MATERIAL FENOLITE;C7;5;2;0;0;45 DIAS;;;PLACA CIRC MATERIAL FENOLITE APLICACAO BALANCA000000223310 ISHIDA DO BRASIL LTDA;
578076;"FONTE ALIMENTAÇAO IND;120/23";C1;2;5;0;0;45 DIAS;;;FONTE ALIMENTAÇAO IND120230V24V5ASIEMENS6EP13332BA20;
578382;TIRADOR TIPO PELE MATERIAL A;C9;4;5;0;0;45 DIAS;;;TIRADOR TIPO PELE MATERIAL ACO CARBONO SAE1045 NUMERO PAS 230 ACIONAMENTO AUTOMATICO DIAMETRO 5800MM PROFUNDIDADE 500MM TAMPA STAMPA020050084967 FRIGOMEC;
579788;PLACA EMBALADORA BANDEJA-100;C6;5;4;0;0;45 DIAS;;;PLACA EMBALADORA BANDEJA100026602901 ISHIDA DO BRASIL LTDA;
580153;LAMINA CIRCULAR REDONDA MATE;C5;1;7;60;70;45 DIAS;;;LAMINA CIRCULAR REDONDA MATERIAL ACO APLICACAO MAQUINA CORTE AUTOMATICOIF05000069 FOODMATE;
580156;FACA MATERIAL ACO APLICACAO ;C5;1;5;120;220;45 DIAS;;;FACA MATERIAL ACO APLICACAO PROCESSADOR AUTOMATICOIF05002021 FOODMATE;
580229;MOTOBOMBA CENTRIFUGA AI ROSC;SS;1;1;1;1;45 DIAS;;;MOTOBOMBA CENTRIFUGA AI ROSCA BSP 3POL 3POL 3500RPM POTEN 10CV 220380V 60HZ 2 POLOS IP55 USO SISTEMA AGUABL50 BOMBINOX;
581159;MOLA PRESSAO ACO INOX APLIC ;GR;1;6;0;0;45 DIAS;;;MOLA PRESSAO ACO INOX APLIC CORT ANATOM3989332 MAREL;
581249;PLACA BASE GANCHO AUTOMATICO;GR;1;1;20;30;45 DIAS;;;PLACA BASE GANCHO AUTOMATICO3972903 MAREL STORK;
581433;REDUCAO MATERIAL ACO CARBONO;B6;2;5;0;0;45 DIAS;;;REDUCAO MATERIAL ACO CARBONO USO CORRENTE SIMPLES APLICACAO PENEIRA ROTATIVAC2100H JOHNSON SCREENS;
581713;TRANSFORMADOR TENSAO 34A220V;C7;1;4;1;1;45 DIAS;;;TRANSFORMADOR TENSAO 34A220V TENSAO SAIDA 15KVA SOLDA APLICACAO EMBALADORATR1522034V VS MAQUINAS;
581809;PINO TRAVA MATERIAL TERMOPLA;C9;1;5;5;10;45 DIAS;;;PINO TRAVA MATERIAL TERMOPLASTICO COR AZUL USO TRANSPORTE FRANGO APLICACAO NOREA3972901 MAREL STORK;
581928;BRACO MATERIAL TERMOPLASTICO;C9;2;8;50;100;45 DIAS;;;BRACO MATERIAL TERMOPLASTICO LADO ESQUER USO TRANSPORTE FRANGO APLICACAO NOREA3972910 MAREL STORK;
582214;VALVULA DIRECIONAL MAT CORPO;C4;5;4;1;1;45 DIAS;;;VALVULA DIRECIONAL MAT CORPO FOFO ACIONAM DUPL SOLEN 4 VIAS 3 POSI RETOR MOLA MEC 24V CORRENTE CONTINUA 31W 350BAR 80LMIN 120C IP67 CVEDACAO NBR DIAM ORIF 800MMD1VW008CNJW PARKER;
582302;ESTEIRA MODULAR TRANSPORTE M;A1;20;1;3;5;45 DIAS;;;ESTEIRA MODULAR TRANSPORTE MATERIAL POLIETILENO STALISCA PASSO 3800MM COMPRIMENTO 100000MM LARGURA 68600MMEMF38686PE BUMERANGUE;
582701;MOLA PRESSAO ACO APLIC CORT ;C9;4;4;300;400;45 DIAS;;;MOLA PRESSAO ACO APLIC CORT ANATO625105 27302491 STORK;
582721;VALVULA RETENC MATERIAL ALUM;C8;3;7;2;4;45 DIAS;;;VALVULA RETENC MATERIAL ALUMINIO DIAMETRO 14POL USO SISTEMA AUTOMATICO APLICACAO LINHA CORTE090255576 MAREL FOOD SYSTEMS;
582747;ROLAMENTO ROLO CILINDRICO RA;E1;4;7;1;2;45 DIAS;;;ROLAMENTO ROLO CILINDRICO RADIAL UMA CARREIRA ACO 8000MM 17000MM 3900MMN316W NSK;
582898;"PLUG;MAREL/3972906";C9;4;4;300;400;45 DIAS;;;PLUGMAREL3972906;
583043;"SUPORTE;MAREL/3972904";C7;2;3;60;80;45 DIAS;;;SUPORTEMAREL3972904;
583595;BIELA MATERIAL ACO APLICACAO;C7;1;6;2;4;45 DIAS;;;BIELA MATERIAL ACO APLICACAO DATADOR760220100853 DATAPACK;
587865;SENSOR MAGNETICO APLICACAO E;C7;1;4;1;2;45 DIAS;;;SENSOR MAGNETICO APLICACAO EMBALADORABNS260021R VS MAQUINAS;
589848;ELEMENTO FILTRO VEICULAR TEN;B6;4;4;1;2;45 DIAS;;;ELEMENTO FILTRO VEICULAR TENSAO 200V APLICACAO COMPRESSOR00703650AT SCHULZ;
589948;RODA MATERIAL ACO INOX APLIC;C4;1;3;0;0;45 DIAS;;;RODA MATERIAL ACO INOX APLICACAO EMBALADORA92110005 PACMAC;
590802;MOLA TORCAO ACO INOX USO MOD;C5;1;3;8;16;45 DIAS;;;MOLA TORCAO ACO INOX USO MODULO APLIC MAQ CORT AVEIC00002116B FOODMATE;
590854;MOLA TORCAO ACO INOX USO MOD;C5;1;3;8;16;45 DIAS;;;MOLA TORCAO ACO INOX USO MODULO APLIC CORT AUT FRANGIC00002117B FOODMATE;
590855;MOLA TORCAO ACO INOX USO MOD;C5;1;3;2;4;45 DIAS;;;MOLA TORCAO ACO INOX USO MODULO APLIC CORT AUT FRANGIC00002136B FOODMATE;
590861;MOLA TORCAO ACO INOX USO MOD;C5;1;4;2;4;45 DIAS;;;MOLA TORCAO ACO INOX USO MODULO APLIC CORT AUT FRANGIC00002137B FOODMATE;
591060;CONTROLADOR SEGURANCA TENSAO;C5;2;5;1;1;45 DIAS;;;CONTROLADOR SEGURANCA TENSAO ALIMENTACAO 24V CORRENTE TIPO CORRENTE CONTINUA TEMPERATURA OPERACAO 1055C GRAU PROTECAO IP20 CONEXAO 32 ENTRADASXPSMC32Z SCHENEIDER;
592087;ROLAMENTO ROLO CILINDRICO RA;E1;3;2;0;0;45 DIAS;;;ROLAMENTO ROLO CILINDRICO RADIAL UMA CARREIRA GAIOLA CGAIOLA LATAO CILINDRICO 2500MM 5200MM 1500MMBC10312 SKF;
592833;FUSO APLICACAO DEPENADEIRA-6;GR;2;4;0;0;45 DIAS;;;FUSO APLICACAO DEPENADEIRA672230 MAREL STORK;
592848;TAMPA USO CAIXA APLICACAO DE;GR;2;3;0;0;45 DIAS;;;TAMPA USO CAIXA APLICACAO DEPENADEIRA672218 MAREL STORK;
592852;PINO TRAVA APLICACAO DEPENAD;GR;1;6;0;0;45 DIAS;;;PINO TRAVA APLICACAO DEPENADEIRA000417283 MAREL STORK;
594134;LAMINA CORTE CIRCULAR MATERI;C9;4;4;3;4;45 DIAS;;;LAMINA CORTE CIRCULAR MATERIAL ACO INOX APLICACAO LINHA CORTE ANATOMICO175507971 MAREL;
594135;ARRUELA APLICACAO EVISCERADO;GR;1;6;0;0;45 DIAS;;;ARRUELA APLICACAO EVISCERADORA000350209 MAREL;
594909;ESTATOR APLICACAO BOMBA HELI;A1;3;8;1;1;45 DIAS;;;ESTATOR APLICACAO BOMBA HELICOIDALNDB4956940 NETZSCH;
596898;GUIA ALINHAMENTO MATERIAL PO;C8;5;3;1;1;45 DIAS;;;GUIA ALINHAMENTO MATERIAL POLIAMIDA POSICAO CENTRAL USO VIRADOR GANCHO APLICACAO LINHA CORTE AUTOMATICA003000149 BVSP PARTS;
596899;HASTE MATERIAL ACO INOX USO ;B6;2;5;0;0;45 DIAS;;;HASTE MATERIAL ACO INOX USO FIXACAO GUIA APLICACAO LINHA CORTE AUTOMATICA005000056 BVSP PARTS;
596900;GUIA ALINHAMENTO MATERIAL PO;C5;5;5;0;0;45 DIAS;;;GUIA ALINHAMENTO MATERIAL POLIAMIDA POSICAO CENTRAL USO VIRADOR GANCHO APLICACAO LINHA CORTE AUTOMATICA003000110 BVSP PARTS;
596939;CONJUNTO SUPORTE MATERIAL AC;C9;3;9;1;2;45 DIAS;;;CONJUNTO SUPORTE MATERIAL ACO INOX USO TRANSPORTE CORTES ESPECIAIS APLICACAO CORTADORA PERNA ANATOMICA3914654 MAREL FOOD SYSTEMS;
596941;CONJUNTO SUPORTE MATERIAL AC;C9;5;6;1;1;45 DIAS;;;CONJUNTO SUPORTE MATERIAL ACO INOX USO TRANSPORTE CORTES ESPECIAIS APLICACAO CORTADORA PERNA ANATOMICA3914648 MAREL FOOD SYSTEMS;
597516;"TRANSDUTOR;KARCHER/93820020";C4;2;6;1;2;45 DIAS;;;TRANSDUTORKARCHER93820020;
598649;MANCAL MATERIAL ACO INOX APL;C8;2;4;0;0;45 DIAS;;;MANCAL MATERIAL ACO INOX APLICACAO FILETADORA07000010A0232 MEYN;
598705;ROLAMENTO MATERIAL ACO INOX ;C6;4;2;0;0;45 DIAS;;;ROLAMENTO MATERIAL ACO INOX APLICACAO FILETADORA84754 MEITECH;
601355;CELULA CARGA MATERIAL ALUMIN;E0;10;2;0;0;45 DIAS;;;CELULA CARGA MATERIAL ALUMINIO APLICACAO BALANCA000062986912 ISHIDA DO BRASIL LTDA;
604743;"RESISTENCIA;FESSMANN/1060696";SS;1;1;1;1;45 DIAS;;;RESISTENCIAFESSMANN1060696;
605781;"MODULO;FOODMATE/IH01004296";C5;2;3;0;0;45 DIAS;;;MODULOFOODMATEIH01004296;
606450;"REPARO;SINOXTEC/13552";GR;1;3;0;0;45 DIAS;;;REPAROSINOXTEC13552;
610456;"SENSOR;FOODMATE/IH01000749";C5;2;6;0;0;45 DIAS;;;SENSORFOODMATEIH01000749;
612176;"ROLETE;MAREL/4264363";C9;4;9;4;8;45 DIAS;;;ROLETEMAREL4264363;
613920;"VALVULA PNEUM CONTROL FLUX;1";C8;5;3;6;12;45 DIAS;;;VALVULA PNEUM CONTROL FLUX14BSPWERK SCHOTTWR314 ;
614227;"MORDAÇA;PACMAC/A15026";E0;10;10;5;10;45 DIAS;;;MORDAÇAPACMACA15026;
614633;"ROLAMENTO;PROVISUR/133772";SS;1;1;1;1;45 DIAS;;;ROLAMENTOPROVISUR133772;
619083;"PALHETA;DO VENTILADOR IBRAM;";E1;4;10;1;3;45 DIAS;;;PALHETADO VENTILADOR IBRAMMOD VSI130FRINOXRHI1909219;
619095;"ROLO;PROVISUR/238825";SS;1;1;1;1;45 DIAS;;;ROLOPROVISUR238825;
620518;"ENGRENAGEM;MAREL/652526";GR;1;6;0;0;45 DIAS;;;ENGRENAGEMMAREL652526;
621886;"RODA;PLASMETAL/5760";B5;4;5;1;2;45 DIAS;;;RODAPLASMETAL5760;
623294;"SENSOR;VP SOLUÇOES/7010";C4;4;5;2;4;45 DIAS;;;SENSORVP SOLUÇOES7010;
626434;"MOTOR;COZZINI/020013710M3";SS;1;1;1;1;45 DIAS;;;MOTORCOZZINI020013710M3;
626817;"PARAFUSO;MEITECH/000057";C6;4;2;0;0;45 DIAS;;;PARAFUSOMEITECH000057;
628909;"CORRENTE ARTICULADA;RETA;POL";C9;3;7;1;3;45 DIAS;;;CORRENTE ARTICULADARETAPOLIACETALS ABA57 MM;
629669;ROTOR DA BOMBA DO CMS DO VOT;A1;3;3;1;1;45 DIAS;;;ROTOR DA BOMBA DO CMS DO VOTATOR 2NE 50A 304 CROM ESP REF 872816;
631060;INVERSOR FREQUENCIA MATERIAL;C6;3;3;1;1;45 DIAS;;;INVERSOR FREQUENCIA MATERIAL TERMOPLASTICO TENSAO 380500V CORRENTE TIPO CORRENTE ALTERNADA FREQUENCIA 60HZ POTENCIA 15KW USO ACIONAMENTO APLICACAO MOTOR ELETRICOFC302 DANFOSS;
631265;"MOTOR;PROVISUR/238779";SS;1;1;1;1;45 DIAS;;;MOTORPROVISUR238779;
631497;"CAME;VP SOLUÇOES/7112 TCS200";C4;4;4;1;2;45 DIAS;;;CAMEVP SOLUÇOES7112 TCS20010000018;
635870;"POLIA;PROVISUR/238785";SS;1;1;1;1;45 DIAS;;;POLIAPROVISUR238785;
636594;"TAMPA;DATAPACK/BS292";C7;1;5;5;10;45 DIAS;;;TAMPADATAPACKBS292;
637275;"VALVULA;PROVISUR/134451";SS;1;1;1;1;45 DIAS;;;VALVULAPROVISUR134451;
638297;"VALVULA;FESSMANN/1057872";SS;1;1;1;1;45 DIAS;;;VALVULAFESSMANN1057872;
638647;"RASPADOR;FOODMATE/SA00135237";C5;1;2;1;1;45 DIAS;;;RASPADORFOODMATESA00135237;
641744;"MOTOR;COZZINI/020010945";SS;1;1;1;1;45 DIAS;;;MOTORCOZZINI020010945;
641987;MOTOR CA TIPO ASS IND CARAC;FD;1;1;1;1;45 DIAS;;;MOTOR CA TIPO ASS IND CARAC TECN STAN FASES TRIFASICO 75CV 380660V FREQUENCIA 60HZ POLOS 6 POLOS CARCACA MOTOR 132M FATOR SERVICO 115 S1 CL ISOL B N IP55 ABNT NBR 7094 TOTALMENTE FECHADO VENTILACAO EXTERNA B3D;
642468;"MOTOR;DRAKE/2444731";SS;1;1;1;1;45 DIAS;;;MOTORDRAKE2444731;
643519;"PELICULA;PROVISUR/238808";SS;1;1;1;1;45 DIAS;;;PELICULAPROVISUR238808;
644272;"MOTOR;PROVISUR/238783";SS;1;1;1;1;45 DIAS;;;MOTORPROVISUR238783;
644983;"MOLA;FOODMATE/E00448444";C4;5;4;1;1;45 DIAS;;;MOLAFOODMATEE00448444;
646911;PLACA ESPECIFICO 3906421 STO;C9;2;3;2;3;45 DIAS;;;PLACA ESPECIFICO 3906421 STORK MAREL FOOD;
646920;BRACO MATERIAL ACO INOX APLI;C9;3;4;1;2;45 DIAS;;;BRACO MATERIAL ACO INOX APLICACAO TRANSFERIDOR FRANGO522732 STORK MAREL FOOD;
647263;"BATEDOR;SANGATI/CB517174";SS;1;1;1;1;45 DIAS;;;BATEDORSANGATICB517174;
648224;"SENSOR;FOODMATE/IK00000329";C5;1;5;1;1;45 DIAS;;;SENSORFOODMATEIK00000329;
648527;"SENSOR;PROVISUR/136583";SS;1;1;1;1;45 DIAS;;;SENSORPROVISUR136583;
649922;"ROLAMENTO;PROVISUR/238794";SS;1;1;1;1;45 DIAS;;;ROLAMENTOPROVISUR238794;
649980;"ROLO;DA MA DE MOELAS TECTRU;";C7;2;5;1;1;45 DIAS;;;ROLODA MA DE MOELAS TECTRUMOD RA14KTTJUNIOR0900402558071;
650043;"JUNTA;MULTIVAC/106777450";C9;5;3;2;4;45 DIAS;;;JUNTAMULTIVAC106777450;
650726;"TAMPA;DATAPACK/BS293";C7;1;5;5;10;45 DIAS;;;TAMPADATAPACKBS293;
650793;"CAMISA;DATAPACK/BS295";C7;1;5;5;10;45 DIAS;;;CAMISADATAPACKBS295;
651226;"ROLAMENTO;PROVISUR/208847";SS;1;1;1;1;45 DIAS;;;ROLAMENTOPROVISUR208847;
651333;"PLACA;BRASILFRIGO/4421001";C6;4;4;2;4;45 DIAS;;;PLACABRASILFRIGO4421001;
654346;"INTERRUPTOR;FOODMATE/IH01000";C5;2;4;0;0;45 DIAS;;;INTERRUPTORFOODMATEIH01000342;
654579;"ROLAMENTO;PROVISUR/212419";SS;1;1;1;1;45 DIAS;;;ROLAMENTOPROVISUR212419;
655737;"MOTOR;COZZINI/020012333";SS;1;1;1;1;45 DIAS;;;MOTORCOZZINI020012333;
659109;"MANCAL;PROVISUR/219483";SS;1;1;1;1;45 DIAS;;;MANCALPROVISUR219483;
659422;"CORDAO;PROVISUR/238801";SS;1;1;1;1;45 DIAS;;;CORDAOPROVISUR238801;
660064;CONTROLADOR LOGICO PROGRAMAV;C9;2;6;1;1;45 DIAS;;;CONTROLADOR LOGICO PROGRAMAVELOMRONCJ2MCPU34;
660300;"SENSOR INDUT SEG;10-30VDC;4M";C9;4;10;2;4;45 DIAS;;;SENSOR INDUT SEG1030VDC4MMPEPPERT264860;
661084;"GUIA;PROVISUR/220395";SS;1;1;1;1;45 DIAS;;;GUIAPROVISUR220395;
662747;ANEL SEGUR. INT. D 34,4 - DI;C8;1;5;0;0;45 DIAS;;;ANEL SEGUR INT D 344  DIN 472 STORK COD 000371332;
665051;"CORRENTE;VP SOLUÇOES/VPT0206";C4;4;7;3;6;45 DIAS;;;CORRENTEVP SOLUÇOESVPT02067;
668546;"MODULO ELETRONICO;2 ENTRADAS";C8;5;10;1;2;45 DIAS;;;MODULO ELETRONICO2 ENTRADASOMRONGRT1AD2;
670651;"BUCHA;SEMIL/206800900116";C9;2;5;4;8;45 DIAS;;;BUCHASEMIL206800900116;
671324;"BOMBA;PROVISUR/236926";SS;1;1;1;1;45 DIAS;;;BOMBAPROVISUR236926;
672124;"VALVULA ALIVIO;FERRO FUNDIDO";C7;4;2;4;8;45 DIAS;;;VALVULA ALIVIOFERRO FUNDIDO10MPAAJUSTE 15MPA;
673278;"CILINDRO;FOODMATE/IK00000200";C5;2;4;1;3;45 DIAS;;;CILINDROFOODMATEIK00000200;
675230;"CORREIA TRANSP SEM-FIM;CENTR";C7;3;5;4;6;45 DIAS;;;CORREIA TRANSP SEMFIMCENTRACOCTU112WS03FP03FPFOR;
678081;"PARAFUSO;MAREL/000138393";GR;1;6;0;0;45 DIAS;;;PARAFUSOMAREL000138393;
681216;"MOTOR ELETRICO;TRIFASICO;15K";SS;1;1;1;1;45 DIAS;;;MOTOR ELETRICOTRIFASICO15KW1777216RPM;
681657;"CORRENTE;PROVISUR/234528";SS;1;1;1;1;45 DIAS;;;CORRENTEPROVISUR234528;
684156;"MOTOR ELETRICO;TRIFASICO;1,5";SS;1;1;1;1;45 DIAS;;;MOTOR ELETRICOTRIFASICO15KW175340RPM;
684462;"ANEL;MEYN/8909070150049";GR;1;3;0;0;45 DIAS;;;ANELMEYN8909070150049;
684540;"MOLA;FOODMATE/IC00002106B";C5;1;6;30;50;45 DIAS;;;MOLAFOODMATEIC00002106B;
689020;"CILINDRO HIDRAULICO;SIMPLES;";C4;1;4;1;1;45 DIAS;;;CILINDRO HIDRAULICOSIMPLES2 12POLCURSO 150MM;
690845;"CODIFICADOR;PROVISUR/237254";SS;1;1;1;1;45 DIAS;;;CODIFICADORPROVISUR237254;
691027;"ROLO;PROVISUR/238824";SS;1;1;1;1;45 DIAS;;;ROLOPROVISUR238824;
693406;"MOTOR;PROVISUR/238780";SS;1;1;1;1;45 DIAS;;;MOTORPROVISUR238780;
693687;"GUIA;PROVISUR/162426";SS;1;1;1;1;45 DIAS;;;GUIAPROVISUR162426;
694675;"EIXO;SEMIL/206700900773";C9;2;5;1;2;45 DIAS;;;EIXOSEMIL206700900773;
695755;"CONEXAO;KARCHER/93693960";C4;2;7;4;8;45 DIAS;;;CONEXAOKARCHER93693960;
696694;"LAMINA;MAREL/3303213";C9;2;2;2;4;45 DIAS;;;LAMINAMAREL3303213;
699015;MANGUEIRA HIDRAULICA MONTADA;C6;5;2;2;2;45 DIAS;;;MANGUEIRA HIDRAULICA MONTADAINOX TRANCADOSAE100R2EN8532SN;
699371;"SENSOR;VP SOLUÇOES/7289";C4;4;4;3;6;45 DIAS;;;SENSORVP SOLUÇOES7289;
700054;"MOTOREDUTOR;5,5KW;220/380;17";A1;18;3;1;1;45 DIAS;;;MOTOREDUTOR55KW220380176461RPMSEWFA77GDRN112MP4RS;
703678;"BRACO;BRASILFRIGO/4828013";C6;4;5;1;2;45 DIAS;;;BRACOBRASILFRIGO4828013;
704733;INVERSOR/CONVERSOR FREQUENCI;C6;3;7;1;1;45 DIAS;;;INVERSORCONVERSOR FREQUENCIA FASES TRIFASICO TENSAO 380480V FREQ ENT 5060HZ CORRENTE 16A FREQUENCIA SAIDA 0204HZ PROTECAO IP20 TEMPERATURA OPERACAO 040 C 10CV VERTCFW110017T4SZ WEG;
705482;"CORREIA SINCRONIZADORA;PASSO";C7;5;4;1;2;45 DIAS;;;CORREIA SINCRONIZADORAPASSO 8MM224 DENTES8MGT179221;
706125;"ROLAMENTO;PROVISUR/238787";SS;1;1;1;1;45 DIAS;;;ROLAMENTOPROVISUR238787;
707496;"ANEL;PROVISUR/234332";SS;1;1;1;1;45 DIAS;;;ANELPROVISUR234332;
707521;"ROLO;PROVISUR/238827";SS;1;1;1;1;45 DIAS;;;ROLOPROVISUR238827;
708551;"MOTOR;PROVISUR/0230807";SS;1;1;1;1;45 DIAS;;;MOTORPROVISUR0230807;
709724;"ROLAMENTO;PROVISUR/169002";SS;1;1;1;1;45 DIAS;;;ROLAMENTOPROVISUR169002;
713365;"ROLAMENTO;PROVISUR/168999";SS;1;1;1;1;45 DIAS;;;ROLAMENTOPROVISUR168999;
714435;"PINO;BRASILFRIGO/4810020";C6;4;5;2;4;45 DIAS;;;PINOBRASILFRIGO4810020;
717464;"CHAPA;PROVISUR/162355";SS;1;1;1;1;45 DIAS;;;CHAPAPROVISUR162355;
718708;"MOTOREDUTOR;0,75KW;220/440V;";SS;1;1;1;1;45 DIAS;;;MOTOREDUTOR075KW220440V175139RPMSEWR37DRN80M4TF;
718856;"PRESSOSTATO;20-250BAR;SOBREP";C4;1;4;1;1;45 DIAS;;;PRESSOSTATO20250BARSOBREPORPARKERPSB250AF1A;
719608;MANGUEIRA HIDRAULICA MONTADA;C6;4;6;2;2;45 DIAS;;;MANGUEIRA HIDRAULICA MONTADAINOX TRANCADOSAE100R2EN8532SN;
720590;"VEDAÇAO;KARCHER/93910650";C4;2;3;4;8;45 DIAS;;;VEDAÇAOKARCHER93910650;
723283;"ELEMENTO;SCHULZ/02101190";B6;3;6;1;1;45 DIAS;;;ELEMENTOSCHULZ02101190;
724277;"CELULA CARGA;1/1GR;ERRO 0,02";E0;7;4;1;2;45 DIAS;;;CELULA CARGA11GRERRO 002PCTIP65TECNOSERVICETS20201413;
725335;"MORDAÇA;PACMAC/A15025";C9;2;7;1;1;45 DIAS;;;MORDAÇAPACMACA15025;
727697;"SELO;PROVISUR/234972";SS;1;1;1;1;45 DIAS;;;SELOPROVISUR234972;
730881;"SERVOMOTOR;FESSMANN/1061217";SS;1;1;1;1;45 DIAS;;;SERVOMOTORFESSMANN1061217;
731796;"MANGA;PROVISUR/162423";SS;1;1;1;1;45 DIAS;;;MANGAPROVISUR162423;
733030;"MOTOREDUTOR;0,37KW;220/380V;";C5;3;6;0;0;45 DIAS;;;MOTOREDUTOR037KW220380V1730086SEWKT37TDRN71M4;
734739;"GUIA;PROVISUR/220396";SS;1;1;1;1;45 DIAS;;;GUIAPROVISUR220396;
735193;"COXIM;KARCHER/93862700";C4;2;2;2;4;45 DIAS;;;COXIMKARCHER93862700;
738130;"MOTOR;PROVISUR/236453";SS;1;1;1;1;45 DIAS;;;MOTORPROVISUR236453;
738482;"EIXO;PACMAC/A95050010PB";C5;1;6;0;0;45 DIAS;;;EIXOPACMACA95050010PB;
740056;"ANEL;PROVISUR/234279";SS;1;1;1;1;45 DIAS;;;ANELPROVISUR234279;
740194;"CORRENTE;PROVISUR/234527";SS;1;1;1;1;45 DIAS;;;CORRENTEPROVISUR234527;
742201;BOBINA SOLENOIDE BURKERT G1/;B9;4;2;0;0;45 DIAS;;;BOBINA SOLENOIDE BURKERT G14 PNO10BAR 230V 50HZ 6014 C20 FPM M5 COD 00126149;
742959;"POLIA;PROVISUR/219534";SS;1;1;1;1;45 DIAS;;;POLIAPROVISUR219534;
744175;"MOLA;FOODMATE/IC00002149B";C5;1;3;1;2;45 DIAS;;;MOLAFOODMATEIC00002149B;
745169;"MOTOREDUTOR;3,7KW;220/380V;1";A1;18;3;1;1;45 DIAS;;;MOTOREDUTOR37KW220380V175864RPMSEWFA67GDRN100L4RS;
745275;"PLACA;DO CORTADOR MAREL;MOD ";GR;2;1;0;0;45 DIAS;;;PLACADO CORTADOR MARELMOD JLRBVSP050000009;
748708;"CILINDRO;SANGATI/CP0913199";SS;1;1;1;1;45 DIAS;;;CILINDROSANGATICP0913199;
748712;"BLOCO;KARCHER/93695880";C4;2;2;1;2;45 DIAS;;;BLOCOKARCHER93695880;
751340;ROLO ESPECIFICO 140178 SEMIL;A1;3;4;1;2;45 DIAS;;;ROLO ESPECIFICO 140178 SEMIL;
755163;"INTERRUPTOR;PROVISUR/238790";SS;1;1;1;1;45 DIAS;;;INTERRUPTORPROVISUR238790;
755299;"SUPORTE;MAREL/3980687";GR;2;4;0;0;45 DIAS;;;SUPORTEMAREL3980687;
756324;"ESTEIRA;PROVISUR/238817";SS;1;1;1;1;45 DIAS;;;ESTEIRAPROVISUR238817;
762142;"ROLAMENTO;PROVISUR/213825";SS;1;1;1;1;45 DIAS;;;ROLAMENTOPROVISUR213825;
762288;VEDA FLANGE LOCTITE 574 CURA;B1;1;4;0;0;45 DIAS;;;VEDA FLANGE LOCTITE 574 CURA RAPIDA FOLGA ATE 05MM;
764208;"ANILHA;MAREL/571343";C9;5;3;0;0;45 DIAS;;;ANILHAMAREL571343;
764767;"SENSOR;PROVISUR/115375";SS;1;1;1;1;45 DIAS;;;SENSORPROVISUR115375;
767049;"MOTOREDUTOR;1,1KW;220/440V;1";SS;1;1;1;1;45 DIAS;;;MOTOREDUTOR11KW220440V173540RPMSEWR57DRN80MP4;
767392;"VALVULA;KARCHER/93900660";C6;3;5;1;2;45 DIAS;;;VALVULAKARCHER93900660;
768847;PORCA ESPECIFICO 163351 STOR;GR;1;4;0;0;45 DIAS;;;PORCA ESPECIFICO 163351 STORK MAREL FOOD;
769143;"ENCODER;PROVISUR/164699";SS;1;1;1;1;45 DIAS;;;ENCODERPROVISUR164699;
772134;"SENSOR;PROVISUR/108496";SS;1;1;1;1;45 DIAS;;;SENSORPROVISUR108496;
774510;BOMBA DE REFRIGERACAO REF HZ;C6;5;4;1;1;45 DIAS;;;BOMBA DE REFRIGERACAO REF HZ444 PARA AFIADOR DE FACA COZZINI;
774874;"SENSOR;FOODMATE/IH01000652";C5;2;3;0;0;45 DIAS;;;SENSORFOODMATEIH01000652;
775075;"PEDRA;FOODMATE/IF05003005";C5;1;4;0;0;45 DIAS;;;PEDRAFOODMATEIF05003005;
775301;"MOTOR;FESSMANN/1062341";SS;1;1;1;1;45 DIAS;;;MOTORFESSMANN1062341;
776778;"CHAVE;FOODMATE/IH01000692";C5;1;5;1;2;45 DIAS;;;CHAVEFOODMATEIH01000692;
777273;"MOTOR;FESSMANN/1062231";SS;1;1;1;1;45 DIAS;;;MOTORFESSMANN1062231;
780084;"PARAFUSO;MEYN/8908630150005";GR;1;2;0;0;45 DIAS;;;PARAFUSOMEYN8908630150005;
780778;"SENSOR;PROVISUR/150451";SS;1;1;1;1;45 DIAS;;;SENSORPROVISUR150451;
781638;"CONVERSAO;PROVISUR/130462";SS;1;1;1;1;45 DIAS;;;CONVERSAOPROVISUR130462;
782929;" FILTRO;KARCHER/93032320";C6;2;7;1;2;45 DIAS;;; FILTROKARCHER93032320;
784070;"SUPORTE;MEYN/07000010W0061";GR;1;3;0;0;45 DIAS;;;SUPORTEMEYN07000010W0061;
785996;"TELA;SANGANTI/MP0124459";SS;1;1;1;1;45 DIAS;;;TELASANGANTIMP0124459;
786856;"PONTO;MAREL/3975715";C6;2;5;1;1;45 DIAS;;;PONTOMAREL3975715;
788002;"SENSOR;PROVISUR/203556";SS;1;1;1;1;45 DIAS;;;SENSORPROVISUR203556;
790228;"GUIA;PROVISUR/238815";SS;1;1;1;1;45 DIAS;;;GUIAPROVISUR238815;
791293;"CORRENTE;DA EMBALADORA ULMA;";E1;4;10;0;0;45 DIAS;;;CORRENTEDA EMBALADORA ULMAMOD SUPERCHIKPOLYPAK20080008;
792432;"VALVULA;FESSMANN/1060142";SS;1;1;1;1;45 DIAS;;;VALVULAFESSMANN1060142;
792958;"SUPORTE;BRASILFRIGO/4842105";C6;4;4;1;2;45 DIAS;;;SUPORTEBRASILFRIGO4842105;
794105;FIXAÇAO OSCILANTE P/CILINDRO;C9;1;6;2;4;45 DIAS;;;FIXAÇAO OSCILANTE PCILINDROFESTO174397;
794523;"BUCHA;SEMIL/206800900117";C9;1;3;1;2;45 DIAS;;;BUCHASEMIL206800900117;
798306;"GUIA;PROVISUR/162357";SS;1;1;1;1;45 DIAS;;;GUIAPROVISUR162357;
798904;"CABO;FOODMATE/IH01000512";C5;1;6;1;2;45 DIAS;;;CABOFOODMATEIH01000512;
799256;"SENSOR;VP SOLUÇOES/4648";C4;4;5;1;2;45 DIAS;;;SENSORVP SOLUÇOES4648;
799404;"EMBOLO;DATAPACK/BS2771";C7;1;6;5;10;45 DIAS;;;EMBOLODATAPACKBS2771;
800533;"FLANGE;SEMIL/213900902788";C9;1;5;1;2;45 DIAS;;;FLANGESEMIL213900902788;
803487;"PARAFUSO;PROVISUR/116641";SS;1;1;1;1;45 DIAS;;;PARAFUSOPROVISUR116641;
803686;"SENSOR;PROVISUR/223366";SS;1;1;1;1;45 DIAS;;;SENSORPROVISUR223366;
804032;"UNIDADE DE CONTROLE;FOODMATE";C5;1;5;1;1;45 DIAS;;;UNIDADE DE CONTROLEFOODMATEIH01004361;
805833;"PARAFUSO;MAREL/000138079";GR;1;6;0;0;45 DIAS;;;PARAFUSOMAREL000138079;
805891;"BLOCO;MAREL/647263";C6;5;5;1;2;45 DIAS;;;BLOCOMAREL647263;
806054;"ROLAMENTO;PROVISUR/238800";SS;1;1;1;1;45 DIAS;;;ROLAMENTOPROVISUR238800;
807599;"CPU COMPONENTE;PROFINET IRT;";C5;2;4;1;1;45 DIAS;;;CPU COMPONENTEPROFINET IRTFAMILIA ET200SP;
807780;"MOTOR ELETRICO;TRIFASICO;0,3";SS;1;1;1;1;45 DIAS;;;MOTOR ELETRICOTRIFASICO037KW173060RPM;
809464;"ANILHA;MAREL/3911313";GR;1;5;0;0;45 DIAS;;;ANILHAMAREL3911313;
809861;"PARAFUSO;MAREL/000138193";GR;1;6;0;0;45 DIAS;;;PARAFUSOMAREL000138193;
811507;"BOBINA SOLENOIDE;220VCA;60HZ";C6;1;5;2;4;45 DIAS;;;BOBINA SOLENOIDE220VCA60HZAICAS10611G;
811807;ATUADOR PNEUMATICO ROTATIVO;C7;4;2;1;1;45 DIAS;;;ATUADOR PNEUMATICO ROTATIVO MAT CORPO AL ACAO DUPLA PRINC ACION CREMAL ACIONAMENTO SEM ACIONAMENTO 0A90 TEMPERATURA TRABALHO 2080C TENS NA FREQ NA TORQUE 22 NM FAI PRES 0A8BAR EXTREMIDADE BSP 14POL NUMERO MOLAS NAO APLICAVEL;
812427;"ANEL;SEMIL/304999900414";C9;1;5;1;2;45 DIAS;;;ANELSEMIL304999900414;
812538;"GUIA;PROVISUR/235111";SS;1;1;1;1;45 DIAS;;;GUIAPROVISUR235111;
812670;"MOTOREDUTOR;FOODMATE/IE01000";C5;1;7;1;1;45 DIAS;;;MOTOREDUTORFOODMATEIE01000306;
813202;"MOTOR;PROVISUR/0230878";SS;1;1;1;1;45 DIAS;;;MOTORPROVISUR0230878;
814080;"VALVULA;PROVISUR/125154";SS;1;1;1;1;45 DIAS;;;VALVULAPROVISUR125154;
815756;"ANILHA;MAREL/3904010";GR;1;3;0;0;45 DIAS;;;ANILHAMAREL3904010;
815977;PORCA ESPECIFICO 591800 STOR;GR;1;6;0;0;45 DIAS;;;PORCA ESPECIFICO 591800 STORK MAREL FOOD;
816680;MOLA DE PRESSAO STORK COD:39;GR;4;4;0;0;45 DIAS;;;MOLA DE PRESSAO COD3925145 STORK;
816833;"PARAFUSO;MAREL/000254344";GR;1;5;0;0;45 DIAS;;;PARAFUSOMAREL000254344;
817419;"DIVISOR;TECTRU/21905 EVI0010";C7;2;5;2;4;45 DIAS;;;DIVISORTECTRU21905 EVI0010304P;
818843;"SERVOMOTOR;FESSMANN/1061218";SS;1;1;1;1;45 DIAS;;;SERVOMOTORFESSMANN1061218;
820201;"BATEDOR;SANGATI/CB566897";SS;1;1;1;1;45 DIAS;;;BATEDORSANGATICB566897;
821740;"CABO;FOODMATE/IH08000005";C5;2;7;1;2;45 DIAS;;;CABOFOODMATEIH08000005;
824308;"ROLAMENTO;PROVISUR/216429";SS;1;1;1;1;45 DIAS;;;ROLAMENTOPROVISUR216429;
824958;"VALVULA DIRECIONAL;1VIAS;VIC";C4;1;4;1;1;45 DIAS;;;VALVULA DIRECIONAL1VIASVICKERSDG4V32MUN660;
828720;"INTERRUPTOR;PROVISUR/223368";SS;1;1;1;1;45 DIAS;;;INTERRUPTORPROVISUR223368;
829149;"ARRUELA;MAREL/000934102";GR;1;6;0;0;45 DIAS;;;ARRUELAMAREL000934102;
829844;"POLIA;PROVISUR/238791";SS;1;1;1;1;45 DIAS;;;POLIAPROVISUR238791;
829960;ANILHA ESPECIFICO 614485 STO;GR;1;6;0;0;45 DIAS;;;ANILHA ESPECIFICO 614485 STORK MAREL FOOD;
830056;"ESTEIRA;PROVISUR/238788";SS;1;1;1;1;45 DIAS;;;ESTEIRAPROVISUR238788;
830216;BLOCO PARA GANCHOS DA NORIA;C6;5;5;50;100;45 DIAS;;;BLOCO PARA GANCHOS DA NORIA DE MIUDOS COD 3933784 STORK;
830224;BLOCO PARA GANCHOS DA NORIA;C6;5;5;50;100;45 DIAS;;;BLOCO PARA GANCHOS DA NORIA DE MIUDOS COD 3958819 STORK;
833229;"SENSOR OPTICO;10 A 30VCC;2-2";C6;4;3;1;3;45 DIAS;;;SENSOR OPTICO10 A 30VCC2200MMIFMOGH381;
833257;"CONTROLADOR;MAREL/3222152";C5;2;5;1;1;45 DIAS;;;CONTROLADORMAREL3222152;
833782;MANGUEIRA HIDRAULICA MONTADA;C6;4;7;2;2;45 DIAS;;;MANGUEIRA HIDRAULICA MONTADAINOX TRANCADOSAE100R2EN8532SN;
834796;"CONEXAO;ISHIDA/000102357212";C8;2;3;0;0;45 DIAS;;;CONEXAOISHIDA000102357212;
835391;"VALVULA ALIVIO;FERRO FUNDIDO";C7;4;2;4;8;45 DIAS;;;VALVULA ALIVIOFERRO FUNDIDO10MPAAJUSTE 15MPA;
838711;"RODA;PROVISUR/238803";SS;1;1;1;1;45 DIAS;;;RODAPROVISUR238803;
839385;"CELULA CARGA;MAREL/4951938";C6;5;4;1;1;45 DIAS;;;CELULA CARGAMAREL4951938;
841091;"CONTROLADOR P/LAVADORA;85/25";C6;2;5;1;2;45 DIAS;;;CONTROLADOR PLAVADORA85250VCAINOVAINVYB113JH;
842121;"CORREIA V PERFIL;TRAPEZOIDAL";E2;2;98;2;6;45 DIAS;;;CORREIA V PERFILTRAPEZOIDAL127X1111X1905MMSKU2196;
842602;"INVERSOR;FOODMATE/IH01004365";C5;1;6;2;3;45 DIAS;;;INVERSORFOODMATEIH01004365;
843128;"ESTEIRA;PROVISUR/238816";SS;1;1;1;1;45 DIAS;;;ESTEIRAPROVISUR238816;
843531;"ENGRENAGEM;FESSMANN/1056431";SS;1;1;1;1;45 DIAS;;;ENGRENAGEMFESSMANN1056431;
845056;"RASPADOR;MAREL/4264254";C5;5;4;0;0;45 DIAS;;;RASPADORMAREL4264254;
854339;"VALVULA;FOODMATE/IK00000183";C5;1;4;2;4;45 DIAS;;;VALVULAFOODMATEIK00000183;
854793;"LIXA;BRASILFRIGO/4867007";C6;4;4;1;2;45 DIAS;;;LIXABRASILFRIGO4867007;
856520;"GUIA;TECTRU/20620 EVI0008533";C7;2;5;1;2;45 DIAS;;;GUIATECTRU20620 EVI0008533P;
856836;"ESTEIRA;MEITECH/80769";A1;16;2;0;0;45 DIAS;;;ESTEIRAMEITECH80769;
856973;"REDUTOR;COZZINI/030026012G";SS;1;1;1;1;45 DIAS;;;REDUTORCOZZINI030026012G;
859137;"BUCHA;VP SOLUÇOES/7108 VP310";C4;4;5;25;50;45 DIAS;;;BUCHAVP SOLUÇOES7108 VP31010000188;
860366;"FLUXOSTATO;KARCHER/93855090";C6;2;7;1;2;45 DIAS;;;FLUXOSTATOKARCHER93855090;
860588;"VALVULA;PROVISUR/163166";SS;1;1;1;1;45 DIAS;;;VALVULAPROVISUR163166;
860823;"MANGA;PROVISUR/162354";SS;1;1;1;1;45 DIAS;;;MANGAPROVISUR162354;
862099;"BARRA;USINOX/301305518224";E0;4;8;1;2;45 DIAS;;;BARRAUSINOX301305518224;
862153;"SUPORTE;MAREL/666369";C6;1;7;0;0;45 DIAS;;;SUPORTEMAREL666369;
863599;MOLA ESPECIFICO 3946684 STOR;C9;1;9;0;0;45 DIAS;;;MOLA ESPECIFICO 3946684 STORK MAREL FOOD;
864310;"CORREIA TRANSP SEM-FIM;CENTR";C5;3;6;4;6;45 DIAS;;;CORREIA TRANSP SEMFIMCENTRACOCTU112WS03FP03FPF;
864311;"SUPORTE;MAREL/675777";C8;5;7;3;5;45 DIAS;;;SUPORTEMAREL675777;
864356;"FITA;PROVISUR/239826";SS;1;1;1;1;45 DIAS;;;FITAPROVISUR239826;
865656;ROTULA ESPECIFICO 090100644 ;GR;1;1;0;0;45 DIAS;;;ROTULA ESPECIFICO 090100644 STORK MAREL FOOD;
867728;"TERMINAL;FOODMATE/IH01004302";C5;1;6;1;2;45 DIAS;;;TERMINALFOODMATEIH01004302;
868898;"IMPULSOR;PROVISUR/223371";SS;1;1;1;1;45 DIAS;;;IMPULSORPROVISUR223371;
871664;PINO ESPECIFICO 090500399 ST;C9;4;5;0;0;45 DIAS;;;PINO ESPECIFICO 090500399 STORK MAREL FOOD;
871798;"MANCAL;PROVISUR/219477";SS;1;1;1;1;45 DIAS;;;MANCALPROVISUR219477;
873393;MANGUEIRA HIDRAULICA MONTADA;C6;5;3;2;2;45 DIAS;;;MANGUEIRA HIDRAULICA MONTADAINOX TRANCADOSAE100R2EN8532SN;
874323;"CILINDRO HIDRAULICO;32MM;CUR";C6;1;6;0;0;45 DIAS;;;CILINDRO HIDRAULICO32MMCURSO 1000MMHIDROMATIC5279;
875663;"SELO;KARCHER/63623980";C4;2;2;22;44;45 DIAS;;;SELOKARCHER63623980;
877606;"GAXETA;DATAPACK/BS2431";C7;1;6;10;20;45 DIAS;;;GAXETADATAPACKBS2431;
880077;"ESTEIRA;MAREL/400021633";C7;3;5;0;0;45 DIAS;;;ESTEIRAMAREL400021633;
882302;"SUPORTE;PROVISUR/1081101";SS;1;1;1;1;45 DIAS;;;SUPORTEPROVISUR1081101;
885052;"JUNTA;ISHIDA/000134493206";C6;1;2;0;0;45 DIAS;;;JUNTAISHIDA000134493206;
885561;"INTERRUPTOR;PROVISUR/223369";SS;1;1;1;1;45 DIAS;;;INTERRUPTORPROVISUR223369;
885820;"FLANGE;SEMIL/208000900488";C6;1;5;1;2;45 DIAS;;;FLANGESEMIL208000900488;
886827;"RECEPTOR;FOODMATE/IH01001105";C5;1;4;0;0;45 DIAS;;;RECEPTORFOODMATEIH01001105;
887251;"TERMINAL ELETRICO;OLHAL;70MM";C2;4;6;20;30;45 DIAS;;;TERMINAL ELETRICOOLHAL70MM2N ISOLADOCINZA;
888301;"BUCHA;PROVISUR/238804";SS;1;1;1;1;45 DIAS;;;BUCHAPROVISUR238804;
889636;PORCA ESPECIFICO 163349 STOR;GR;1;6;0;0;45 DIAS;;;PORCA ESPECIFICO 163349 STORK MAREL FOOD;
889865;MOLA COMPRESSAO MATERIAL ACO;GR;1;6;0;0;45 DIAS;;;MOLA COMPRESSAO MATERIAL ACO APLICACAO ABRIDORA ABDOMEN3973518 STORK MAREL FOOD;
890170;SUPORTE ESPECIFICO 3925946 S;C9;3;8;0;0;45 DIAS;;;SUPORTE ESPECIFICO 3925946 STORK MAREL FOOD;
893616;"ROLAMENTO;PROVISUR/238805";SS;1;1;1;1;45 DIAS;;;ROLAMENTOPROVISUR238805;
893632;"ROLAMENTO;PROVISUR/168995";SS;1;1;1;1;45 DIAS;;;ROLAMENTOPROVISUR168995;
896494;"BRAÇO;MAREL/3903893";C6;5;4;1;2;45 DIAS;;;BRAÇOMAREL3903893;
897006;"POLIA;PROVISUR/219533";SS;1;1;1;1;45 DIAS;;;POLIAPROVISUR219533;
897564;"TUBO;FOODMATE/IH08000004";C5;2;2;1;1;45 DIAS;;;TUBOFOODMATEIH08000004;
900651;"ESTATOR;NETZSCH/4761949";SS;1;1;1;1;45 DIAS;;;ESTATORNETZSCH4761949;
902747;"TRANSMISSAO;VP SOLUÇOES/VPT0";C4;4;6;1;2;45 DIAS;;;TRANSMISSAOVP SOLUÇOESVPT01036;
903084;"GUIA;MAREL/667151";C5;2;6;0;0;45 DIAS;;;GUIAMAREL667151;
905067;"FILTRO;MUNTERS/DHME3242";C4;4;2;1;3;45 DIAS;;;FILTROMUNTERSDHME3242;
909599;JOGO MANCAL P/ BOMBA OLEO M5;C5;4;3;0;0;45 DIAS;;;JOGO MANCAL P BOMBA OLEO M50P COD 113495006 MYCON;
909706;"ROLAMENTO;SEMIL/317099900310";C7;2;4;1;2;45 DIAS;;;ROLAMENTOSEMIL317099900310;
909733;"MOTOREDUTOR;4KW;220/380V;176";SS;1;1;1;1;45 DIAS;;;MOTOREDUTOR4KW220380V1769381SEWKA47DRN112M4BE5TFEK8C;
910480;"ELEMENTO FILTRANTE;CARTUCHO;";C4;1;4;1;1;45 DIAS;;;ELEMENTO FILTRANTECARTUCHOPAGUAOLEOPARKERFR24L010;
910899;"CHAVE;MAREL/554905";GR;1;1;0;0;45 DIAS;;;CHAVEMAREL554905;
912721;"CABO P/SENSOR;8X0,25MM2;ISOL";C6;4;5;2;4;45 DIAS;;;CABO PSENSOR8X025MM2ISOL TPUCOB PURPRETOCINZA10M;
914440;"ROLAMENTO;PROVISUR/169473";SS;1;1;1;1;45 DIAS;;;ROLAMENTOPROVISUR169473;
917227;"GUIA;MAREL/636924";C5;1;5;0;0;45 DIAS;;;GUIAMAREL636924;
917967;"CABO;MAREL/95525225";C8;2;6;0;0;45 DIAS;;;CABOMAREL95525225;
918244;"ROLAMENTO;COZZINI/030011923";SS;1;1;1;1;45 DIAS;;;ROLAMENTOCOZZINI030011923;
918473;"BUCHA;JUNIOR FRIGOMETAL/0803";C7;2;6;4;6;45 DIAS;;;BUCHAJUNIOR FRIGOMETAL0803200158072;
918789;"ROLO;PROVISUR/238806";SS;1;1;1;1;45 DIAS;;;ROLOPROVISUR238806;
920118;PARAFUSO ESPECIFICO 00013810;GR;1;4;0;0;45 DIAS;;;PARAFUSO ESPECIFICO 000138102 STORK MAREL FOOD;
920287;"ROTOR;NETZSCH/NMP5077529";SS;1;1;1;1;45 DIAS;;;ROTORNETZSCHNMP5077529;
922258;"EIXO;SEMIL/206700900764";C6;2;6;1;1;45 DIAS;;;EIXOSEMIL206700900764;
922810;"MOTOREDUTOR;0,37KW;220/440V;";SS;1;1;1;1;45 DIAS;;;MOTOREDUTOR037KW220440V173031RPMSEWRF37DRN71M4ALDH;
923149;"MODULO ELETRONICO;3 ENTRADAS";C8;1;2;1;1;45 DIAS;;;MODULO ELETRONICO3 ENTRADASBECKHOFFEL3443;
923837;"PLACA;MAREL/4263815";C8;5;5;0;0;45 DIAS;;;PLACAMAREL4263815;
925094;"ENGRENAGEM;PROVISUR/238798";SS;1;1;1;1;45 DIAS;;;ENGRENAGEMPROVISUR238798;
925736;"ROLAMENTO;PROVISUR/169005 ";SS;1;1;1;1;45 DIAS;;;ROLAMENTOPROVISUR169005 ;
926041;"HELICOIDE;VP SOLUÇOES/7107 T";C4;4;7;1;2;45 DIAS;;;HELICOIDEVP SOLUÇOES7107 TCS20010000010;
927251;"PINO;PROVISUR/127819";SS;1;1;1;1;45 DIAS;;;PINOPROVISUR127819;
929332;"MOTOR;COZZINI/020012338";SS;1;1;1;1;45 DIAS;;;MOTORCOZZINI020012338;
929461;"CORREIA SINCRONIZADORA;PASSO";C9;1;2;2;4;45 DIAS;;;CORREIA SINCRONIZADORAPASSO 10MM500 DENTES32T105000;
930529;"PARAFUSO;BRASILFRIGO/4856014";C6;4;5;2;4;45 DIAS;;;PARAFUSOBRASILFRIGO4856014;
930635;"PARAFUSO;BRASILFRIGO/4856015";C6;4;4;2;4;45 DIAS;;;PARAFUSOBRASILFRIGO4856015;
931522;"ELEMENTO FILTRANTE;P/AGUA;CO";C6;2;4;1;2;45 DIAS;;;ELEMENTO FILTRANTEPAGUACOLORMAQ1250001;
932123;"MOTOR;COZZINI/030026012M";SS;1;1;1;1;45 DIAS;;;MOTORCOZZINI030026012M;
933760;"BUCHA;JUNIOR FRIGOMETAL/0803";C7;2;6;4;6;45 DIAS;;;BUCHAJUNIOR FRIGOMETAL0803200106751;
934002;"BUCHA;SEMIL/206800900097";C9;1;5;1;2;45 DIAS;;;BUCHASEMIL206800900097;
937193;ENGRAXADEIRA ESPECIFICO 2653;B7;3;5;0;0;45 DIAS;;;ENGRAXADEIRA ESPECIFICO 2653045 STORK MAREL FOOD;
940145;"GUIA;MAREL/652781";C6;4;3;1;2;45 DIAS;;;GUIAMAREL652781;
941629;"PISTAO;KARCHER/93160110";C4;2;4;1;2;45 DIAS;;;PISTAOKARCHER93160110;
942900;"ANILHA;MAREL/669902";C8;2;6;0;0;45 DIAS;;;ANILHAMAREL669902;
943027;"TRANSMISSOR;FOODMATE/IH01001";C5;1;5;0;0;45 DIAS;;;TRANSMISSORFOODMATEIH01001106;
944632;"ALOJAMENTO;ISHIDA/0001383034";C8;5;5;0;0;45 DIAS;;;ALOJAMENTOISHIDA000138303407;
946937;"ADAPTADOR;KARCHER/93695870";C4;2;2;3;6;45 DIAS;;;ADAPTADORKARCHER93695870;
947874;"PAINEL;PROVISUR/205942";SS;1;1;1;1;45 DIAS;;;PAINELPROVISUR205942;
948054;"ROLAMENTO;PROVISUR/169004";SS;1;1;1;1;45 DIAS;;;ROLAMENTOPROVISUR169004;
949825;ROLAMENTO INOX 6203 H2RS EZO;C6;3;6;5;10;45 DIAS;;;ROLAMENTO INOX 6203 H2RS EZO COD 000222  MEI ;
951957;"SENSOR;PROVISUR/120382";SS;1;1;1;1;45 DIAS;;;SENSORPROVISUR120382;
953576;"CORREIA TRANSP SEM-FIM;GENER";C6;5;6;1;2;45 DIAS;;;CORREIA TRANSP SEMFIMGENERAL BELTGBU5112WHLLZ 300X2620MM;
953904;"SELO;PROVISUR/234973";SS;1;1;1;1;45 DIAS;;;SELOPROVISUR234973;
955436;"CABO;FOODMATE/IK00000212";C4;5;4;1;2;45 DIAS;;;CABOFOODMATEIK00000212;
960290;"ROLO;PROVISUR/238811";SS;1;1;1;1;45 DIAS;;;ROLOPROVISUR238811;
960931;"MANGUEIRA;KARCHER/93892870";C4;3;3;3;6;45 DIAS;;;MANGUEIRAKARCHER93892870;
961344;"VALVULA;PROVISUR/137337";SS;1;1;1;1;45 DIAS;;;VALVULAPROVISUR137337;
963732;MANGUEIRA HIDRAULICA MONTADA;C6;5;3;2;2;45 DIAS;;;MANGUEIRA HIDRAULICA MONTADAINOX 304SAE100R2EN8532SN;
965372;"CAME;VP SOLUÇOES/7113 TCS200";C4;4;4;1;2;45 DIAS;;;CAMEVP SOLUÇOES7113 TCS20010000017;
970412;"GUIA;PROVISUR/234747";SS;1;1;1;1;45 DIAS;;;GUIAPROVISUR234747;
970876;"CILINDRO;PROVISUR/238796";SS;1;1;1;1;45 DIAS;;;CILINDROPROVISUR238796;
970998;"ROLAMENTO;PROVISUR/213826";SS;1;1;1;1;45 DIAS;;;ROLAMENTOPROVISUR213826;
971556;"FACA;MAREL/4416357";C6;3;4;2;4;45 DIAS;;;FACAMAREL4416357;
971600;CHAVETA EMBUTIDA 8X7X20 TBM;GR;1;1;0;0;45 DIAS;;;CHAVETA EMBUTIDA 8X7X20 TBM ACO INOX CODIGO 000502034 POSICAO 26 PARA ESTRUTURA INTERNA FRITADEIRA STORK;
973046;"MANGUEIRA;PROVISUR/141027";SS;1;1;1;1;45 DIAS;;;MANGUEIRAPROVISUR141027;
973440;"PINO;MAREL/554917";GR;1;1;0;0;45 DIAS;;;PINOMAREL554917;
974796;"PARAFUSO;MAREL/000251686";GR;1;6;0;0;45 DIAS;;;PARAFUSOMAREL000251686;
975055;"BOMBA;KARCHER/93060650";C4;3;6;1;2;45 DIAS;;;BOMBAKARCHER93060650;
976449;"SELO MECANICO;65MM;AISI316;K";C8;5;4;1;2;45 DIAS;;;SELO MECANICO65MMAISI316KAIROS EQUIPAMENTOSKTDMMAGV65;
978068;"MOLA;BRASILFRIGO/4814004";C6;4;5;2;4;45 DIAS;;;MOLABRASILFRIGO4814004;
978195;"FILTRO;FESSMANN/1059589";SS;1;1;1;1;45 DIAS;;;FILTROFESSMANN1059589;
979222;"CORREIA TRANSP SEM-FIM;GENER";A1;13;1;1;1;45 DIAS;;;CORREIA TRANSP SEMFIMGENERAL BELT18 116 2L7100X600AF;
980640;"MODULO ALIMENTAÇAO;OMRON/GRT";C8;3;6;1;2;45 DIAS;;;MODULO ALIMENTAÇAOOMRONGRT1PD2;
984630;"JUNTA;PROVISUR/223244";SS;1;1;1;1;45 DIAS;;;JUNTAPROVISUR223244;
984940;"REDUTOR;FESSMANN/1062230";SS;1;1;1;1;45 DIAS;;;REDUTORFESSMANN1062230;
987831;"MOTOREDUTOR;5,50KW;220/380V;";SS;1;1;1;1;45 DIAS;;;MOTOREDUTOR550KW220380V176863RPMSEWKA87TDRN132S4DH;
991968;"ROLO;PROVISUR/219504";SS;1;1;1;1;45 DIAS;;;ROLOPROVISUR219504;
994271;"ESTEIRA MODULAR RETA;444MM;I";A1;17;2;0;0;45 DIAS;;;ESTEIRA MODULAR RETA444MMIBRAFLEXE80 444MM AZ;
996912;FILTRO FLUIDO OLEO MATERIAL;C6;4;1;3;6;45 DIAS;;;FILTRO FLUIDO OLEO MATERIAL ACO INOX AISI304 POSICAO HORIZONTAL USO COLETOR OLEO APLICACAO COMPRESSORMBC943401 MAYEKAWA;
;;;;;;;;;;;
;;;;;;;;;;;
;;;;;;;;;;;
;;;;;;;;;;;
;;;;;;;;;;;
;;;;;;;;;;;
;;;;;;;;;;;
;;;;;;;;;;;
;;;;;;;;;;;
;;;;;;;;;;;
;;;;;;;;;;;
;;;;;;;;;;;
;;;;;;;;;;;
;;;;;;;;;;;
;;;;;;;;;;;
;;;;;;;;;;;
;;;;;;;;;;;
;;;;;;;;;;;
;;;;;;;;;;;
;;;;;;;;;;;
;;;;;;;;;;;
;;;;;;;;;;;
;;;;;;;;;;;
;;;;;;;;;;;
;;;;;;;;;;;
;;;;;;;;;;;
;;;;;;;;;;;
;;;;;;;;;;;
;;;;;;;;;;;
;;;;;;;;;;;
;;;;;;;;;;;
;;;;;;;;;;;
;;;;;;;;;;;
;;;;;;;;;;;
;;;;;;;;;;;
;;;;;;;;;;;
;;;;;;;;;;;
;;;;;;;;;;;
;;;;;;;;;;;
;;;;;;;;;;;
;;;;;;;;;;;
;;;;;;;;;;;
;;;;;;;;;;;
;;;;;;;;;;;
;;;;;;;;;;;
;;;;;;;;;;;
;;;;;;;;;;;
;;;;;;;;;;;
;;;;;;;;;;;
;;;;;;;;;;;
;;;;;;;;;;;
;;;;;;;;;;;
;;;;;;;;;;;
;;;;;;;;;;;
;;;;;;;;;;;
;;;;;;;;;;;
;;;;;;;;;;;
;;;;;;;;;;;
;;;;;;;;;;;
;;;;;;;;;;;
;;;;;;;;;;;
;;;;;;;;;;;
;;;;;;;;;;;
;;;;;;;;;;;
;;;;;;;;;;;
;;;;;;;;;;;
;;;;;;;;;;;
;;;;;;;;;;;
;;;;;;;;;;;
;;;;;;;;;;;
;;;;;;;;;;;
;;;;;;;;;;;
;;;;;;;;;;;
;;;;;;;;;;;
;;;;;;;;;;;
;;;;;;;;;;;
;;;;;;;;;;;
;;;;;;;;;;;
;;;;;;;;;;;
;;;;;;;;;;;
;;;;;;;;;;;
;;;;;;;;;;;
;;;;;;;;;;;
;;;;;;;;;;;
;;;;;;;;;;;
;;;;;;;;;;;
;;;;;;;;;;;
;;;;;;;;;;;
;;;;;;;;;;;
;;;;;;;;;;;
;;;;;;;;;;;
;;;;;;;;;;;
;;;;;;;;;;;
;;;;;;;;;;;
;;;;;;;;;;;
;;;;;;;;;;;
;;;;;;;;;;;
;;;;;;;;;;;
;;;;;;;;;;;
;;;;;;;;;;;
;;;;;;;;;;;
;;;;;;;;;;;
;;;;;;;;;;;
;;;;;;;;;;;
;;;;;;;;;;;
;;;;;;;;;;;
;;;;;;;;;;;
;;;;;;;;;;;
;;;;;;;;;;;
;;;;;;;;;;;
;;;;;;;;;;;
;;;;;;;;;;;
;;;;;;;;;;;
;;;;;;;;;;;
;;;;;;;;;;;
;;;;;;;;;;;
;;;;;;;;;;;
;;;;;;;;;;;
;;;;;;;;;;;
;;;;;;;;;;;
;;;;;;;;;;;
;;;;;;;;;;;
;;;;;;;;;;;
;;;;;;;;;;;
;;;;;;;;;;;
;;;;;;;;;;;
;;;;;;;;;;;
;;;;;;;;;;;
;;;;;;;;;;;
;;;;;;;;;;;
;;;;;;;;;;;
;;;;;;;;;;;
;;;;;;;;;;;
;;;;;;;;;;;
;;;;;;;;;;;
;;;;;;;;;;;
;;;;;;;;;;;
;;;;;;;;;;;
;;;;;;;;;;;
;;;;;;;;;;;
;;;;;;;;;;;
;;;;;;;;;;;
;;;;;;;;;;;
;;;;;;;;;;;
;;;;;;;;;;;
;;;;;;;;;;;
;;;;;;;;;;;
;;;;;;;;;;;
;;;;;;;;;;;
;;;;;;;;;;;
;;;;;;;;;;;
;;;;;;;;;;;
;;;;;;;;;;;
;;;;;;;;;;;
;;;;;;;;;;;
;;;;;;;;;;;
;;;;;;;;;;;
;;;;;;;;;;;
;;;;;;;;;;;
;;;;;;;;;;;
;;;;;;;;;;;
;;;;;;;;;;;
;;;;;;;;;;;
;;;;;;;;;;;
;;;;;;;;;;;
;;;;;;;;;;;
;;;;;;;;;;;
;;;;;;;;;;;
;;;;;;;;;;;
;;;;;;;;;;;
;;;;;;;;;;;
;;;;;;;;;;;
;;;;;;;;;;;
;;;;;;;;;;;
;;;;;;;;;;;
;;;;;;;;;;;
;;;;;;;;;;;
;;;;;;;;;;;
;;;;;;;;;;;
;;;;;;;;;;;
;;;;;;;;;;;
;;;;;;;;;;;
;;;;;;;;;;;
;;;;;;;;;;;
;;;;;;;;;;;
;;;;;;;;;;;
;;;;;;;;;;;
;;;;;;;;;;;
;;;;;;;;;;;
;;;;;;;;;;;
;;;;;;;;;;;
;;;;;;;;;;;
;;;;;;;;;;;
;;;;;;;;;;;
;;;;;;;;;;;
;;;;;;;;;;;
;;;;;;;;;;;
;;;;;;;;;;;
;;;;;;;;;;;
;;;;;;;;;;;
;;;;;;;;;;;
;;;;;;;;;;;
;;;;;;;;;;;
;;;;;;;;;;;
;;;;;;;;;;;
;;;;;;;;;;;
;;;;;;;;;;;
;;;;;;;;;;;
;;;;;;;;;;;
;;;;;;;;;;;
;;;;;;;;;;;
;;;;;;;;;;;
;;;;;;;;;;;
;;;;;;;;;;;
;;;;;;;;;;;
;;;;;;;;;;;
;;;;;;;;;;;
;;;;;;;;;;;
;;;;;;;;;;;
;;;;;;;;;;;
;;;;;;;;;;;
;;;;;;;;;;;
;;;;;;;;;;;
;;;;;;;;;;;
;;;;;;;;;;;
;;;;;;;;;;;
;;;;;;;;;;;
;;;;;;;;;;;
;;;;;;;;;;;
;;;;;;;;;;;
;;;;;;;;;;;
;;;;;;;;;;;
;;;;;;;;;;;
;;;;;;;;;;;
;;;;;;;;;;;
;;;;;;;;;;;
;;;;;;;;;;;
;;;;;;;;;;;
;;;;;;;;;;;
;;;;;;;;;;;
;;;;;;;;;;;
;;;;;;;;;;;
;;;;;;;;;;;
;;;;;;;;;;;
;;;;;;;;;;;
;;;;;;;;;;;
;;;;;;;;;;;
;;;;;;;;;;;
;;;;;;;;;;;
;;;;;;;;;;;
;;;;;;;;;;;
;;;;;;;;;;;
;;;;;;;;;;;
;;;;;;;;;;;
;;;;;;;;;;;
;;;;;;;;;;;
;;;;;;;;;;;
;;;;;;;;;;;
;;;;;;;;;;;
;;;;;;;;;;;
;;;;;;;;;;;
;;;;;;;;;;;
;;;;;;;;;;;
;;;;;;;;;;;
;;;;;;;;;;;
;;;;;;;;;;;
;;;;;;;;;;;
;;;;;;;;;;;
;;;;;;;;;;;
;;;;;;;;;;;
;;;;;;;;;;;
;;;;;;;;;;;
;;;;;;;;;;;
;;;;;;;;;;;
;;;;;;;;;;;
;;;;;;;;;;;
;;;;;;;;;;;
;;;;;;;;;;;
;;;;;;;;;;;
;;;;;;;;;;;
;;;;;;;;;;;
;;;;;;;;;;;
;;;;;;;;;;;
;;;;;;;;;;;
;;;;;;;;;;;
;;;;;;;;;;;
;;;;;;;;;;;
;;;;;;;;;;;
;;;;;;;;;;;
;;;;;;;;;;;
;;;;;;;;;;;
;;;;;;;;;;;
;;;;;;;;;;;
;;;;;;;;;;;
;;;;;;;;;;;
;;;;;;;;;;;
;;;;;;;;;;;
;;;;;;;;;;;
;;;;;;;;;;;
;;;;;;;;;;;
;;;;;;;;;;;
;;;;;;;;;;;
;;;;;;;;;;;
;;;;;;;;;;;
;;;;;;;;;;;
;;;;;;;;;;;
;;;;;;;;;;;
;;;;;;;;;;;
;;;;;;;;;;;
;;;;;;;;;;;
;;;;;;;;;;;
;;;;;;;;;;;
;;;;;;;;;;;
;;;;;;;;;;;
;;;;;;;;;;;
;;;;;;;;;;;
;;;;;;;;;;;
;;;;;;;;;;;
;;;;;;;;;;;
;;;;;;;;;;;
;;;;;;;;;;;
;;;;;;;;;;;
;;;;;;;;;;;
;;;;;;;;;;;
;;;;;;;;;;;
;;;;;;;;;;;
;;;;;;;;;;;
;;;;;;;;;;;
;;;;;;;;;;;
;;;;;;;;;;;
;;;;;;;;;;;
;;;;;;;;;;;
;;;;;;;;;;;
;;;;;;;;;;;
;;;;;;;;;;;
;;;;;;;;;;;
;;;;;;;;;;;
;;;;;;;;;;;
;;;;;;;;;;;
;;;;;;;;;;;
;;;;;;;;;;;
;;;;;;;;;;;
;;;;;;;;;;;
;;;;;;;;;;;
;;;;;;;;;;;
;;;;;;;;;;;
;;;;;;;;;;;
;;;;;;;;;;;
;;;;;;;;;;;
;;;;;;;;;;;
;;;;;;;;;;;
;;;;;;;;;;;
;;;;;;;;;;;
;;;;;;;;;;;
;;;;;;;;;;;
;;;;;;;;;;;
;;;;;;;;;;;
;;;;;;;;;;;
;;;;;;;;;;;
;;;;;;;;;;;
;;;;;;;;;;;
;;;;;;;;;;;
;;;;;;;;;;;
;;;;;;;;;;;
;;;;;;;;;;;
;;;;;;;;;;;
;;;;;;;;;;;
;;;;;;;;;;;
;;;;;;;;;;;
;;;;;;;;;;;
;;;;;;;;;;;
;;;;;;;;;;;
;;;;;;;;;;;
;;;;;;;;;;;
;;;;;;;;;;;
;;;;;;;;;;;
;;;;;;;;;;;
;;;;;;;;;;;
;;;;;;;;;;;
;;;;;;;;;;;
;;;;;;;;;;;
;;;;;;;;;;;
;;;;;;;;;;;
;;;;;;;;;;;
;;;;;;;;;;;
;;;;;;;;;;;
;;;;;;;;;;;
;;;;;;;;;;;
;;;;;;;;;;;
;;;;;;;;;;;
;;;;;;;;;;;
;;;;;;;;;;;
;;;;;;;;;;;
;;;;;;;;;;;
;;;;;;;;;;;
;;;;;;;;;;;
;;;;;;;;;;;
;;;;;;;;;;;
;;;;;;;;;;;
;;;;;;;;;;;
;;;;;;;;;;;
;;;;;;;;;;;
;;;;;;;;;;;
;;;;;;;;;;;
;;;;;;;;;;;
;;;;;;;;;;;
;;;;;;;;;;;
;;;;;;;;;;;
;;;;;;;;;;;
;;;;;;;;;;;
;;;;;;;;;;;
;;;;;;;;;;;
;;;;;;;;;;;
;;;;;;;;;;;
;;;;;;;;;;;
;;;;;;;;;;;
;;;;;;;;;;;
;;;;;;;;;;;
;;;;;;;;;;;
;;;;;;;;;;;
;;;;;;;;;;;
;;;;;;;;;;;
;;;;;;;;;;;
;;;;;;;;;;;
;;;;;;;;;;;
;;;;;;;;;;;
;;;;;;;;;;;
;;;;;;;;;;;
;;;;;;;;;;;
;;;;;;;;;;;
;;;;;;;;;;;
;;;;;;;;;;;
;;;;;;;;;;;
;;;;;;;;;;;
;;;;;;;;;;;
;;;;;;;;;;;
;;;;;;;;;;;
;;;;;;;;;;;
;;;;;;;;;;;
;;;;;;;;;;;
;;;;;;;;;;;
;;;;;;;;;;;
;;;;;;;;;;;
;;;;;;;;;;;
;;;;;;;;;;;
;;;;;;;;;;;
;;;;;;;;;;;
;;;;;;;;;;;
;;;;;;;;;;;
;;;;;;;;;;;
;;;;;;;;;;;
;;;;;;;;;;;
;;;;;;;;;;;
;;;;;;;;;;;
;;;;;;;;;;;
;;;;;;;;;;;
;;;;;;;;;;;
;;;;;;;;;;;
;;;;;;;;;;;
;;;;;;;;;;;
;;;;;;;;;;;
;;;;;;;;;;;
;;;;;;;;;;;
;;;;;;;;;;;
;;;;;;;;;;;
;;;;;;;;;;;
;;;;;;;;;;;
;;;;;;;;;;;
;;;;;;;;;;;
;;;;;;;;;;;
;;;;;;;;;;;
;;;;;;;;;;;
;;;;;;;;;;;
;;;;;;;;;;;
;;;;;;;;;;;
;;;;;;;;;;;
;;;;;;;;;;;
;;;;;;;;;;;
;;;;;;;;;;;
;;;;;;;;;;;
;;;;;;;;;;;
;;;;;;;;;;;
;;;;;;;;;;;
;;;;;;;;;;;
;;;;;;;;;;;
;;;;;;;;;;;
;;;;;;;;;;;
;;;;;;;;;;;
;;;;;;;;;;;
;;;;;;;;;;;
;;;;;;;;;;;
;;;;;;;;;;;
;;;;;;;;;;;
;;;;;;;;;;;
;;;;;;;;;;;
;;;;;;;;;;;
;;;;;;;;;;;
;;;;;;;;;;;
;;;;;;;;;;;
;;;;;;;;;;;
;;;;;;;;;;;
;;;;;;;;;;;
;;;;;;;;;;;
;;;;;;;;;;;
;;;;;;;;;;;
;;;;;;;;;;;
;;;;;;;;;;;
;;;;;;;;;;;
;;;;;;;;;;;
;;;;;;;;;;;
;;;;;;;;;;;
;;;;;;;;;;;
;;;;;;;;;;;
;;;;;;;;;;;
;;;;;;;;;;;
;;;;;;;;;;;
;;;;;;;;;;;
;;;;;;;;;;;
;;;;;;;;;;;
;;;;;;;;;;;
;;;;;;;;;;;
;;;;;;;;;;;
;;;;;;;;;;;
;;;;;;;;;;;
;;;;;;;;;;;
;;;;;;;;;;;
;;;;;;;;;;;
;;;;;;;;;;;
;;;;;;;;;;;
;;;;;;;;;;;
;;;;;;;;;;;
;;;;;;;;;;;
;;;;;;;;;;;
;;;;;;;;;;;
;;;;;;;;;;;
;;;;;;;;;;;
;;;;;;;;;;;
;;;;;;;;;;;
;;;;;;;;;;;
;;;;;;;;;;;
;;;;;;;;;;;
;;;;;;;;;;;
;;;;;;;;;;;
;;;;;;;;;;;
;;;;;;;;;;;
;;;;;;;;;;;
;;;;;;;;;;;
;;;;;;;;;;;
;;;;;;;;;;;
;;;;;;;;;;;
;;;;;;;;;;;
;;;;;;;;;;;
;;;;;;;;;;;
;;;;;;;;;;;
;;;;;;;;;;;
;;;;;;;;;;;
;;;;;;;;;;;
;;;;;;;;;;;
;;;;;;;;;;;
;;;;;;;;;;;
;;;;;;;;;;;
;;;;;;;;;;;
;;;;;;;;;;;
;;;;;;;;;;;
;;;;;;;;;;;
;;;;;;;;;;;
;;;;;;;;;;;
;;;;;;;;;;;
;;;;;;;;;;;
;;;;;;;;;;;
;;;;;;;;;;;
;;;;;;;;;;;
;;;;;;;;;;;
;;;;;;;;;;;
;;;;;;;;;;;
;;;;;;;;;;;
;;;;;;;;;;;
;;;;;;;;;;;
;;;;;;;;;;;
;;;;;;;;;;;
;;;;;;;;;;;
;;;;;;;;;;;
;;;;;;;;;;;
;;;;;;;;;;;
;;;;;;;;;;;
;;;;;;;;;;;
;;;;;;;;;;;
;;;;;;;;;;;
;;;;;;;;;;;
;;;;;;;;;;;
;;;;;;;;;;;
;;;;;;;;;;;
;;;;;;;;;;;
;;;;;;;;;;;
;;;;;;;;;;;
;;;;;;;;;;;
;;;;;;;;;;;
;;;;;;;;;;;
;;;;;;;;;;;
;;;;;;;;;;;
;;;;;;;;;;;
;;;;;;;;;;;
;;;;;;;;;;;
;;;;;;;;;;;
;;;;;;;;;;;
;;;;;;;;;;;
;;;;;;;;;;;
;;;;;;;;;;;
;;;;;;;;;;;
;;;;;;;;;;;
;;;;;;;;;;;
;;;;;;;;;;;
;;;;;;;;;;;
;;;;;;;;;;;
;;;;;;;;;;;
;;;;;;;;;;;
;;;;;;;;;;;
;;;;;;;;;;;
;;;;;;;;;;;
;;;;;;;;;;;
;;;;;;;;;;;
;;;;;;;;;;;
;;;;;;;;;;;
;;;;;;;;;;;
;;;;;;;;;;;
;;;;;;;;;;;
;;;;;;;;;;;
;;;;;;;;;;;
;;;;;;;;;;;
;;;;;;;;;;;
;;;;;;;;;;;
;;;;;;;;;;;
;;;;;;;;;;;
;;;;;;;;;;;
;;;;;;;;;;;
;;;;;;;;;;;
;;;;;;;;;;;
;;;;;;;;;;;
;;;;;;;;;;;
;;;;;;;;;;;
;;;;;;;;;;;
;;;;;;;;;;;
;;;;;;;;;;;
;;;;;;;;;;;
;;;;;;;;;;;
;;;;;;;;;;;
;;;;;;;;;;;
;;;;;;;;;;;
;;;;;;;;;;;
;;;;;;;;;;;
;;;;;;;;;;;
;;;;;;;;;;;
;;;;;;;;;;;
;;;;;;;;;;;
;;;;;;;;;;;
;;;;;;;;;;;
;;;;;;;;;;;
;;;;;;;;;;;
;;;;;;;;;;;
;;;;;;;;;;;
;;;;;;;;;;;
;;;;;;;;;;;
;;;;;;;;;;;
;;;;;;;;;;;
;;;;;;;;;;;
;;;;;;;;;;;
;;;;;;;;;;;
;;;;;;;;;;;
;;;;;;;;;;;
;;;;;;;;;;;
;;;;;;;;;;;
;;;;;;;;;;;
;;;;;;;;;;;
;;;;;;;;;;;
;;;;;;;;;;;
;;;;;;;;;;;
;;;;;;;;;;;
;;;;;;;;;;;
;;;;;;;;;;;
;;;;;;;;;;;
;;;;;;;;;;;
;;;;;;;;;;;
;;;;;;;;;;;
;;;;;;;;;;;
;;;;;;;;;;;
;;;;;;;;;;;
;;;;;;;;;;;
;;;;;;;;;;;
;;;;;;;;;;;
;;;;;;;;;;;
;;;;;;;;;;;
;;;;;;;;;;;
;;;;;;;;;;;
;;;;;;;;;;;
;;;;;;;;;;;
;;;;;;;;;;;
;;;;;;;;;;;
;;;;;;;;;;;
;;;;;;;;;;;
;;;;;;;;;;;
;;;;;;;;;;;
;;;;;;;;;;;
;;;;;;;;;;;
;;;;;;;;;;;
;;;;;;;;;;;
;;;;;;;;;;;
;;;;;;;;;;;
;;;;;;;;;;;
;;;;;;;;;;;
;;;;;;;;;;;
;;;;;;;;;;;
;;;;;;;;;;;
;;;;;;;;;;;
;;;;;;;;;;;
;;;;;;;;;;;
;;;;;;;;;;;
;;;;;;;;;;;
;;;;;;;;;;;
;;;;;;;;;;;
;;;;;;;;;;;
;;;;;;;;;;;
;;;;;;;;;;;
;;;;;;;;;;;
;;;;;;;;;;;
;;;;;;;;;;;
;;;;;;;;;;;
;;;;;;;;;;;
;;;;;;;;;;;
;;;;;;;;;;;
;;;;;;;;;;;
;;;;;;;;;;;
;;;;;;;;;;;
;;;;;;;;;;;
;;;;;;;;;;;
;;;;;;;;;;;
;;;;;;;;;;;
;;;;;;;;;;;
;;;;;;;;;;;
;;;;;;;;;;;
;;;;;;;;;;;
;;;;;;;;;;;
;;;;;;;;;;;
;;;;;;;;;;;
;;;;;;;;;;;
;;;;;;;;;;;
;;;;;;;;;;;
;;;;;;;;;;;
;;;;;;;;;;;
;;;;;;;;;;;
;;;;;;;;;;;
;;;;;;;;;;;
;;;;;;;;;;;
;;;;;;;;;;;
;;;;;;;;;;;
;;;;;;;;;;;
;;;;;;;;;;;
;;;;;;;;;;;
;;;;;;;;;;;
;;;;;;;;;;;
;;;;;;;;;;;
;;;;;;;;;;;
;;;;;;;;;;;
;;;;;;;;;;;
;;;;;;;;;;;
;;;;;;;;;;;
;;;;;;;;;;;
;;;;;;;;;;;
;;;;;;;;;;;
;;;;;;;;;;;
;;;;;;;;;;;
;;;;;;;;;;;
;;;;;;;;;;;
;;;;;;;;;;;
;;;;;;;;;;;
;;;;;;;;;;;
;;;;;;;;;;;
;;;;;;;;;;;
;;;;;;;;;;;
;;;;;;;;;;;
;;;;;;;;;;;
;;;;;;;;;;;
;;;;;;;;;;;
;;;;;;;;;;;
;;;;;;;;;;;
;;;;;;;;;;;
;;;;;;;;;;;
;;;;;;;;;;;
;;;;;;;;;;;
;;;;;;;;;;;
;;;;;;;;;;;
;;;;;;;;;;;
;;;;;;;;;;;
;;;;;;;;;;;
;;;;;;;;;;;
;;;;;;;;;;;
;;;;;;;;;;;
;;;;;;;;;;;
;;;;;;;;;;;
;;;;;;;;;;;
;;;;;;;;;;;
;;;;;;;;;;;
;;;;;;;;;;;
;;;;;;;;;;;
;;;;;;;;;;;
;;;;;;;;;;;
;;;;;;;;;;;
;;;;;;;;;;;
;;;;;;;;;;;
;;;;;;;;;;;
;;;;;;;;;;;
;;;;;;;;;;;
;;;;;;;;;;;
;;;;;;;;;;;
;;;;;;;;;;;
;;;;;;;;;;;
;;;;;;;;;;;
;;;;;;;;;;;
;;;;;;;;;;;
;;;;;;;;;;;
;;;;;;;;;;;
;;;;;;;;;;;
;;;;;;;;;;;
;;;;;;;;;;;
;;;;;;;;;;;
;;;;;;;;;;;
;;;;;;;;;;;
;;;;;;;;;;;
;;;;;;;;;;;
;;;;;;;;;;;
;;;;;;;;;;;
;;;;;;;;;;;
;;;;;;;;;;;
;;;;;;;;;;;
;;;;;;;;;;;
;;;;;;;;;;;
;;;;;;;;;;;
;;;;;;;;;;;
;;;;;;;;;;;
;;;;;;;;;;;
;;;;;;;;;;;
;;;;;;;;;;;
;;;;;;;;;;;
;;;;;;;;;;;
;;;;;;;;;;;
;;;;;;;;;;;
;;;;;;;;;;;
;;;;;;;;;;;
;;;;;;;;;;;
;;;;;;;;;;;
;;;;;;;;;;;
;;;;;;;;;;;
;;;;;;;;;;;
;;;;;;;;;;;
;;;;;;;;;;;
;;;;;;;;;;;
;;;;;;;;;;;
;;;;;;;;;;;
;;;;;;;;;;;
;;;;;;;;;;;
;;;;;;;;;;;
;;;;;;;;;;;
;;;;;;;;;;;
;;;;;;;;;;;
;;;;;;;;;;;
;;;;;;;;;;;
;;;;;;;;;;;
;;;;;;;;;;;
;;;;;;;;;;;
;;;;;;;;;;;
;;;;;;;;;;;
;;;;;;;;;;;
;;;;;;;;;;;
;;;;;;;;;;;
;;;;;;;;;;;
;;;;;;;;;;;
;;;;;;;;;;;
;;;;;;;;;;;
;;;;;;;;;;;
;;;;;;;;;;;
;;;;;;;;;;;
;;;;;;;;;;;
;;;;;;;;;;;
;;;;;;;;;;;
;;;;;;;;;;;
;;;;;;;;;;;
;;;;;;;;;;;
;;;;;;;;;;;
;;;;;;;;;;;
;;;;;;;;;;;
;;;;;;;;;;;
;;;;;;;;;;;
;;;;;;;;;;;
;;;;;;;;;;;
;;;;;;;;;;;
;;;;;;;;;;;
;;;;;;;;;;;
;;;;;;;;;;;
;;;;;;;;;;;
;;;;;;;;;;;
;;;;;;;;;;;
;;;;;;;;;;;
;;;;;;;;;;;
;;;;;;;;;;;
;;;;;;;;;;;
;;;;;;;;;;;
;;;;;;;;;;;
;;;;;;;;;;;
;;;;;;;;;;;
;;;;;;;;;;;
;;;;;;;;;;;
;;;;;;;;;;;
;;;;;;;;;;;
;;;;;;;;;;;
;;;;;;;;;;;
;;;;;;;;;;;
;;;;;;;;;;;
;;;;;;;;;;;
;;;;;;;;;;;
;;;;;;;;;;;
;;;;;;;;;;;
;;;;;;;;;;;
;;;;;;;;;;;
;;;;;;;;;;;
;;;;;;;;;;;
;;;;;;;;;;;
;;;;;;;;;;;
;;;;;;;;;;;
;;;;;;;;;;;
;;;;;;;;;;;
;;;;;;;;;;;
;;;;;;;;;;;
;;;;;;;;;;;
;;;;;;;;;;;
;;;;;;;;;;;
;;;;;;;;;;;
;;;;;;;;;;;
;;;;;;;;;;;
;;;;;;;;;;;
;;;;;;;;;;;
;;;;;;;;;;;
;;;;;;;;;;;
;;;;;;;;;;;
;;;;;;;;;;;
;;;;;;;;;;;
;;;;;;;;;;;
;;;;;;;;;;;
;;;;;;;;;;;
;;;;;;;;;;;
;;;;;;;;;;;
;;;;;;;;;;;
;;;;;;;;;;;
;;;;;;;;;;;
;;;;;;;;;;;
;;;;;;;;;;;
;;;;;;;;;;;
;;;;;;;;;;;
;;;;;;;;;;;
;;;;;;;;;;;
;;;;;;;;;;;
;;;;;;;;;;;
;;;;;;;;;;;
;;;;;;;;;;;
;;;;;;;;;;;
;;;;;;;;;;;
;;;;;;;;;;;
;;;;;;;;;;;
;;;;;;;;;;;
;;;;;;;;;;;
;;;;;;;;;;;
;;;;;;;;;;;
;;;;;;;;;;;
;;;;;;;;;;;
;;;;;;;;;;;
;;;;;;;;;;;
;;;;;;;;;;;
;;;;;;;;;;;
;;;;;;;;;;;
;;;;;;;;;;;
;;;;;;;;;;;
;;;;;;;;;;;
;;;;;;;;;;;
;;;;;;;;;;;
;;;;;;;;;;;
;;;;;;;;;;;
;;;;;;;;;;;
;;;;;;;;;;;
;;;;;;;;;;;
;;;;;;;;;;;
;;;;;;;;;;;
;;;;;;;;;;;
;;;;;;;;;;;
;;;;;;;;;;;
;;;;;;;;;;;
;;;;;;;;;;;
;;;;;;;;;;;
;;;;;;;;;;;
;;;;;;;;;;;
;;;;;;;;;;;
;;;;;;;;;;;
;;;;;;;;;;;
;;;;;;;;;;;
;;;;;;;;;;;
;;;;;;;;;;;
;;;;;;;;;;;
;;;;;;;;;;;
;;;;;;;;;;;
;;;;;;;;;;;
;;;;;;;;;;;
;;;;;;;;;;;
;;;;;;;;;;;
;;;;;;;;;;;
;;;;;;;;;;;
;;;;;;;;;;;
;;;;;;;;;;;
;;;;;;;;;;;
;;;;;;;;;;;
;;;;;;;;;;;
;;;;;;;;;;;
;;;;;;;;;;;
;;;;;;;;;;;
;;;;;;;;;;;
;;;;;;;;;;;
;;;;;;;;;;;
;;;;;;;;;;;
;;;;;;;;;;;
;;;;;;;;;;;
;;;;;;;;;;;
;;;;;;;;;;;
;;;;;;;;;;;
;;;;;;;;;;;
;;;;;;;;;;;
;;;;;;;;;;;
;;;;;;;;;;;
;;;;;;;;;;;
;;;;;;;;;;;
;;;;;;;;;;;
;;;;;;;;;;;
;;;;;;;;;;;
;;;;;;;;;;;
;;;;;;;;;;;
;;;;;;;;;;;
;;;;;;;;;;;
;;;;;;;;;;;
;;;;;;;;;;;
;;;;;;;;;;;
;;;;;;;;;;;
;;;;;;;;;;;
;;;;;;;;;;;
;;;;;;;;;;;
;;;;;;;;;;;
;;;;;;;;;;;
;;;;;;;;;;;
;;;;;;;;;;;
;;;;;;;;;;;
;;;;;;;;;;;
;;;;;;;;;;;
;;;;;;;;;;;
;;;;;;;;;;;
;;;;;;;;;;;
;;;;;;;;;;;
;;;;;;;;;;;
;;;;;;;;;;;
;;;;;;;;;;;
;;;;;;;;;;;
;;;;;;;;;;;
;;;;;;;;;;;
;;;;;;;;;;;
;;;;;;;;;;;
;;;;;;;;;;;
;;;;;;;;;;;
;;;;;;;;;;;
;;;;;;;;;;;
;;;;;;;;;;;
;;;;;;;;;;;
;;;;;;;;;;;
;;;;;;;;;;;
;;;;;;;;;;;
;;;;;;;;;;;
;;;;;;;;;;;
;;;;;;;;;;;
;;;;;;;;;;;
;;;;;;;;;;;
;;;;;;;;;;;
;;;;;;;;;;;
;;;;;;;;;;;
;;;;;;;;;;;
;;;;;;;;;;;
;;;;;;;;;;;
;;;;;;;;;;;
;;;;;;;;;;;
;;;;;;;;;;;
;;;;;;;;;;;
;;;;;;;;;;;
;;;;;;;;;;;
;;;;;;;;;;;
;;;;;;;;;;;
;;;;;;;;;;;
;;;;;;;;;;;
;;;;;;;;;;;
;;;;;;;;;;;
;;;;;;;;;;;
;;;;;;;;;;;
;;;;;;;;;;;
;;;;;;;;;;;
;;;;;;;;;;;
;;;;;;;;;;;
;;;;;;;;;;;
;;;;;;;;;;;
;;;;;;;;;;;
;;;;;;;;;;;
;;;;;;;;;;;
;;;;;;;;;;;
;;;;;;;;;;;
;;;;;;;;;;;
;;;;;;;;;;;
;;;;;;;;;;;
;;;;;;;;;;;
;;;;;;;;;;;
;;;;;;;;;;;
;;;;;;;;;;;
;;;;;;;;;;;
;;;;;;;;;;;
;;;;;;;;;;;
;;;;;;;;;;;
;;;;;;;;;;;
;;;;;;;;;;;
;;;;;;;;;;;
;;;;;;;;;;;
;;;;;;;;;;;
;;;;;;;;;;;
;;;;;;;;;;;
;;;;;;;;;;;
;;;;;;;;;;;
;;;;;;;;;;;
;;;;;;;;;;;
;;;;;;;;;;;
;;;;;;;;;;;
;;;;;;;;;;;
;;;;;;;;;;;
;;;;;;;;;;;
;;;;;;;;;;;
;;;;;;;;;;;
;;;;;;;;;;;
;;;;;;;;;;;
;;;;;;;;;;;
;;;;;;;;;;;
;;;;;;;;;;;
;;;;;;;;;;;
;;;;;;;;;;;
;;;;;;;;;;;
;;;;;;;;;;;
;;;;;;;;;;;
;;;;;;;;;;;
;;;;;;;;;;;
;;;;;;;;;;;
;;;;;;;;;;;
;;;;;;;;;;;
;;;;;;;;;;;
;;;;;;;;;;;
;;;;;;;;;;;
;;;;;;;;;;;
;;;;;;;;;;;
;;;;;;;;;;;
;;;;;;;;;;;
;;;;;;;;;;;
;;;;;;;;;;;
;;;;;;;;;;;
;;;;;;;;;;;
;;;;;;;;;;;
;;;;;;;;;;;
;;;;;;;;;;;
;;;;;;;;;;;
;;;;;;;;;;;
;;;;;;;;;;;
;;;;;;;;;;;
;;;;;;;;;;;
;;;;;;;;;;;
;;;;;;;;;;;
;;;;;;;;;;;
;;;;;;;;;;;
;;;;;;;;;;;
;;;;;;;;;;;
;;;;;;;;;;;
;;;;;;;;;;;
;;;;;;;;;;;
;;;;;;;;;;;
;;;;;;;;;;;
;;;;;;;;;;;
;;;;;;;;;;;
;;;;;;;;;;;
;;;;;;;;;;;
;;;;;;;;;;;
;;;;;;;;;;;
;;;;;;;;;;;
;;;;;;;;;;;
;;;;;;;;;;;
;;;;;;;;;;;
;;;;;;;;;;;
;;;;;;;;;;;
;;;;;;;;;;;
;;;;;;;;;;;
;;;;;;;;;;;
;;;;;;;;;;;
;;;;;;;;;;;
;;;;;;;;;;;
;;;;;;;;;;;
;;;;;;;;;;;
;;;;;;;;;;;
;;;;;;;;;;;
;;;;;;;;;;;
;;;;;;;;;;;
;;;;;;;;;;;
;;;;;;;;;;;
;;;;;;;;;;;
;;;;;;;;;;;
;;;;;;;;;;;
;;;;;;;;;;;
;;;;;;;;;;;
;;;;;;;;;;;
;;;;;;;;;;;
;;;;;;;;;;;
;;;;;;;;;;;
;;;;;;;;;;;
;;;;;;;;;;;
;;;;;;;;;;;
;;;;;;;;;;;
;;;;;;;;;;;
;;;;;;;;;;;
;;;;;;;;;;;
;;;;;;;;;;;
;;;;;;;;;;;
;;;;;;;;;;;
;;;;;;;;;;;
;;;;;;;;;;;
;;;;;;;;;;;
;;;;;;;;;;;
;;;;;;;;;;;
;;;;;;;;;;;
;;;;;;;;;;;GENERICO
