cod_item;saldo_atual
8282;0
8299;0
9124;0
9125;0
9223;0
10229;0
10554;0
15715;80000
19808;0
20143;0
21782;0
21821;0
21889;0
22038;0
22156;0
22157;0
22158;0
22159;0
22161;0
22177;0
22282;0
22290;0
22291;0
22294;0
22304;9000
22307;292000
22348;2750
22353;0
22356;0
22358;0
22359;0
22380;0
22382;0
22386;0
22387;0
22402;0
22404;0
22406;0
22414;7047
22427;0
22449;0
22450;0
22466;0
22469;0
22472;0
22502;0
22503;0
22515;0
22517;15500
22522;0
22541;0
22542;0
22545;0
22547;0
22548;0
22552;0
22558;0
22563;0
22566;0
22569;0
22571;0
22577;0
22580;0
22581;0
22582;0
22583;0
22584;0
22585;0
22587;0
22589;0
22590;0
22591;0
22592;0
22593;0
22595;0
22596;0
22606;0
22609;0
22613;0
22614;0
22617;0
22628;0
22637;0
22750;0
22766;0
24131;0
24947;0
26643;33210
26682;0
55122;15360
55160;0
55161;0
55566;0
56815;0
59166;0
59882;0
61105;0
62900;0
63116;58585
63143;3000
63157;0
63171;16000
63262;0
63464;0
63467;0
63469;0
63470;0
63472;0
63485;0
64079;0
64080;0
64081;0
64082;0
64083;0
64085;0
64086;0
64087;0
64088;0
64160;0
64197;0
64624;0
64674;849,828
64911;0
65194;0
65195;0
65286;0
65426;0
65464;0
65931;0
65981;16143
66174;0
66563;0
66712;0
66774;0
67044;62000
67045;0
67106;0
67107;0
67131;15000
67143;55086
67279;0
67362;0
67382;0
67383;0
67464;25849
67551;0
67747;0
67748;0
67749;0
67751;0
67752;0
67753;0
67859;3739,159
67867;100100
67923;0
67929;158,554
67942;18504
67947;225,752
67948;502,4095
68238;465,239
68239;0
68282;0
68283;0
68286;0
68287;0
68354;0
68355;0
68717;0
68727;0
68728;0
68729;0
68731;0
68732;0
68847;0
69012;0
69037;0
69050;2005,45
69064;20000
69065;15000
69066;20000
69067;50000
69068;150000
69069;15000
69070;10000
69071;35000
69073;10000
69074;122959
69220;1090,228
69222;826,366
69231;35000
69233;20000
69240;14000
69352;0
69356;0
69357;0
69381;298,355
69383;628,9629
69384;186,386
69385;0
69386;241,771
69387;211,182
69403;624,805
69404;129,942
69468;0
69572;42584
69577;11500
69613;301,301
69614;17,457
69820;106,014
69822;546,229
69823;134,032
69826;515,493
69827;1283,094
69829;263,152
69830;301,274
69831;0
69832;226,366
69967;453,187
69993;0
70021;0
70128;42762
70164;0
70168;17972
70169;5750
70373;0
70896;0
70902;662,619
70903;1608,038
70924;216,417
70926;0
70928;0
70929;592,436
70967;0
71156;0
71158;0
71160;0
71178;0
71180;0
71181;27000
71183;10000
71184;3000
71577;0
71827;0
71836;0
71988;0
72011;0
72020;0
72156;0
72278;0
72349;0
72512;0
72545;0
72548;0
72565;0
72566;0
72626;670
72692;27100
72718;0
72721;0
72780;24000
72830;3666,793
72839;1291,5519
72841;3298,004
72873;1294,432
72883;0
72896;1176,64
72898;0
73004;2148,902
73055;0
73072;2735,083
73133;480,2
73135;0
73158;17000
73160;6500
73161;50025
73167;751
73168;2000
73208;10000
73209;0
73239;10000
73259;0
73364;251,847
73456;0
73459;0
73749;5000
73791;189,862
73960;0
74170;0
74201;0
74202;108000
74203;0
74210;0
75328;0
75348;0
75462;0
75552;0
76118;1648,132
76119;1852,128
76281;107,572
76346;0
76347;0
76445;10904
76486;0
76711;46000
76967;0
77272;3000
77668;53428
77794;28299
77834;2902
77982;10000
78008;6000
78009;17934
78019;37000
78035;187384
78040;894,3504
78041;0
78052;139000
78098;159874
78418;4000
78474;0
79488;2788
79827;603,19
79893;20277
79897;1539,777
80102;26000
80289;612,365
80291;0
80469;0
80485;0
80513;21838
80580;662,517
80738;242,7723
80972;17600
81101;1150,7837
81117;26562
81119;17000
81614;175,84
81972;381,527
82000;67999
82002;14999
82383;28500
82826;1445,651
83078;1000
83700;5500
83740;39610
83742;0
83980;13300
84094;25000
85038;0
85578;0
167844;0
190217;0
200506;0
200514;0
200794;26000
258571;0
289450;0
302669;0
314961;24800
315426;194000
315663;0
318691;0
325119;0
326095;0
326102;0
326103;0
326104;0
326105;0
326106;0
326107;0
326108;0
326109;0
326110;0
326111;0
326113;0
326114;0
326115;0
326117;0
326118;0
326120;0
326121;0
326408;0
326665;0
326752;0
327456;0
328490;0
329071;0
329325;0
332896;0
337102;0
338282;0
341274;0
344105;1260
344186;700
353198;0
353516;0
354332;0
356298;0
362628;0
362702;0
362745;0
362746;0
362747;0
362954;0
362957;0
363209;0
363497;0
364730;0
368170;0
368677;0
375560;0
377533;0
382627;0
382631;0
384431;0
397020;0
402872;0
403674;0
406043;0
407064;0
407362;0
407363;0
408790;0
410386;0
418299;0
419012;0
419392;0
421600;0
421626;0
422921;0
423585;0
424266;2600
425552;0
425556;0
425557;0
426773;0
428064;0
428324;0
428327;0
428332;0
429094;0
429355;0
431502;1243
432087;0
432729;0
433697;0
433698;0
437249;0
437700;0
437804;0
437875;0
438294;10000
438898;0
438910;0
438928;40000
438944;0
438979;0
441170;0
441965;0
449458;0
451970;168000
452165;0
454453;0
454489;0
455052;0
455056;0
456043;0
456123;34667
456152;0
456591;0
458040;0
459728;0
459729;0
459730;0
459731;0
459732;0
459733;0
460338;0
460765;0
462665;0
462760;0
463022;0
463038;29900
463148;0
463200;0
463201;0
463202;0
463203;0
463204;0
463206;0
463207;0
463208;0
463209;0
463280;0
463906;0
464069;0
466139;0
466459;0
466461;0
466489;0
468113;0
468226;0
469746;0
471161;15973
471658;0
471672;0
471998;0
472027;0
472499;0
472500;0
472501;0
472502;0
472574;0
473339;0
473366;0
474252;0
475346;0
475520;0
477175;0
477197;0
477198;0
477377;10910
478292;0
478424;0
478661;0
478818;0
479033;0
480817;0
482178;0
482179;0
482180;0
482181;0
482182;0
482183;0
482184;0
482185;0
482186;0
482187;0
482189;0
482190;0
482191;0
482192;0
482193;0
482194;0
482195;0
482204;0
483218;219566
483219;0
483364;0
484010;0
484214;0
484692;0
484867;0
484868;0
484869;0
484871;0
484872;0
484874;0
484875;0
484876;0
484877;0
484878;0
485213;0
487828;0
491863;0
491866;101249
491867;0
491869;0
491871;49847
491872;0
491880;0
491891;0
491898;25609
493003;0
493386;0
493387;0
493388;0
493389;0
493390;0
493395;0
493396;0
493398;0
494749;0
495875;0
496855;0
496880;0
497304;0
498440;0
500330;0
500585;0
502804;1880
502966;0
502981;0
503095;0
503156;0
506001;0
506259;0
507164;0
507218;1396,062
507749;0
507890;0
508879;0
509085;0
509324;0
509501;0
509502;0
509503;0
509504;0
509533;0
510792;0
510794;0
510851;0
510941;0
512562;0
512646;0
513240;0
513242;0
513280;0
513284;0
513395;0
513495;0
516244;0
517802;0
518169;0
519399;0
519617;0
520326;0
520327;0
520328;0
520329;0
520331;0
520332;0
522004;0
522100;0
522516;0
524021;0
524862;0
524863;0
525128;0
525696;0
525838;0
526222;0
526225;0
526593;0
527275;0
529316;0
529380;0
529804;0
531209;0
531255;0
531465;0
531873;0
533096;0
534278;0
537145;0
537701;0
538315;38703
538484;0
538492;775,29
538629;0
539264;37000
539296;0
539318;0
539442;17435
539656;0
540088;0
540776;0
541700;0
541701;0
541704;0
543406;0
543488;0
543904;0
547770;0
547835;0
548425;0
549262;0
551643;160000
553246;0
553870;6000
558457;0
559911;0
564081;0
567093;0
569243;0
573948;0
575284;0
576139;0
576168;0
576469;0
578700;0
578881;0
579299;0
579906;0
581925;0
583008;0
584476;0
584493;0
584593;0
584596;0
584863;0
584864;0
585166;0
585279;0
588529;0
588530;0
588531;0
588651;0
589832;36187
593376;0
593913;0
593969;0
593973;0
593979;0
594012;0
594013;0
594014;0
594018;0
594019;0
594054;0
594055;0
594056;0
594058;0
594060;0
594063;0
594068;0
594081;0
594085;0
595065;0
595221;0
595227;0
595228;0
595413;0
596065;0
596241;0
596340;0
599109;0
599111;0
599113;0
599116;0
599117;0
599118;0
599121;0
599125;0
599126;0
599448;0
599451;0
599507;0
599679;16000
600120;0
600241;0
600242;0
601638;23
698347;0
754897;0
785709;0
805309;0
814601;0
830542;0
852252;0
896250;0
925020;0
959006;0
965383;0
2197;0
2653;0
6981;0
8282;8697,1057
9152;0
10554;12000
11913;0
15715;0
19808;3094
19821;0
22038;0
22282;0
22289;0
22290;300
22291;0
22293;0
22294;0
22297;0
22298;0
22299;0
22414;0
22515;0
22517;0
22592;0
22755;0
22763;0
22766;300
24128;0
24131;0
63143;0
63157;0
64197;0
64674;0
65402;0
66174;0
66774;0
67867;0
67942;0
67947;0
68239;0
68286;0
68727;0
69064;0
69065;0
69067;0
69068;0
69069;0
69070;0
69071;0
69073;0
69220;0
69222;0
69231;0
69356;0
69381;0
69383;0
69387;0
69403;0
69614;0
69820;0
70118;462
70903;0
70924;0
70926;0
71127;0
71156;0
71158;0
71160;0
71183;0
71184;0
72718;0
72721;0
72883;17600
73135;800
73259;0
73794;6600
75553;0
76447;5400
76486;0
79897;0
80485;75035
80486;42000
84094;0
84407;0
85578;8800
200794;0
204609;0
289450;0
314957;0
314961;0
315025;0
318691;175
325119;0
326095;0
332896;0
344186;0
362702;0
364730;0
374018;0
377533;12503,3
378969;0
379555;0
380693;500
380744;500
380745;500
392936;0
403674;0
407362;0
407363;0
408790;0
410386;0
421600;0
426773;33880
429094;0
429353;0
429355;0
431502;0
433698;0
438294;0
438898;0
438910;0
438928;0
438944;0
438979;0
451970;0
454453;0
455052;3900
456123;0
458171;143
458782;0
459542;0
460338;0
463200;0
463201;0
463202;0
463208;0
466461;0
466489;0
469746;0
470714;0
471832;0
473254;0
473339;0
473366;5950
475520;0
476430;0
477175;0
478661;0
478663;0
478818;0
480399;0
480400;0
482469;0
483218;0
484010;2400
491863;0
491867;0
493003;5600
493534;0
495875;0
498254;0
500585;0
500941;0
503156;0
506361;0
507164;0
507218;0
507890;0
513240;0
513242;0
513507;0
519399;0
522516;0
525696;0
529380;0
533582;0
539442;0
543488;0
548425;0
553246;0
575284;0
585279;0
589832;0
591537;0
596340;0
965383;4222
967963;0
2596;0
5918;0
7185;0
9158;0
22038;0
22283;0
22285;0
22308;0
22309;0
22415;0
22421;0
22430;0
22434;0
22448;0
22452;0
22475;0
22484;0
22488;0
22490;0
22492;0
22494;0
22495;0
22498;0
22501;0
22508;0
22517;0
22524;0
22525;0
22526;0
22553;0
22556;0
22561;0
22562;0
22565;0
22599;0
22602;0
22609;0
22611;0
22637;0
22732;0
22733;0
22770;0
23073;0
23224;0
23261;0
24131;0
24889;0
106310;0
107432;0
109617;0
109686;0
110601;0
176583;0
177490;0
200506;0
200670;0
202711;0
207217;0
208574;0
208922;0
211141;0
216968;0
221740;0
236314;0
236560;0
236586;0
237051;0
244643;0
254843;0
255858;0
259497;0
268240;0
282138;0
289370;0
300196;0
304735;0
307413;0
309290;0
313809;0
315823;0
315897;0
316482;0
318310;0
319600;0
321695;0
322877;0
323346;0
323348;0
325119;0
330388;0
331440;0
331612;0
335090;0
335131;0
335225;0
335622;0
336145;0
337450;0
337451;0
337452;0
337453;0
343720;0
344105;0
344186;0
350747;0
351261;0
358003;0
363630;0
363761;0
367747;0
367750;0
368273;0
369934;0
374018;0
376278;0
376539;0
377230;0
377533;0
378860;0
379429;0
380247;0
380251;0
381398;0
382138;0
384161;0
384431;0
385568;0
385978;0
389822;0
395163;0
396730;0
398543;0
399442;0
400084;0
405463;0
405575;0
405581;0
406044;0
410549;0
412516;0
421294;0
433012;0
436230;0
448676;0
449792;0
451970;0
460338;0
461725;0
466489;0
468688;0
471832;0
472658;0
473291;0
475396;0
478424;0
480872;0
486655;0
488550;0
491858;0
493534;0
493655;0
493836;0
493837;0
511566;0
517311;0
527354;0
528026;0
530539;0
576168;0
579906;0
583361;0
606120;0
609889;0
628913;0
705330;0
709174;0
730882;0
733610;0
818550;0
877425;0
896160;0
25821;0
40269;0
44960;250
63262;4600
63639;0
71163;0
74075;0
200050;160
200506;375
200514;0
327765;35
344419;0
354083;300
354411;0
356298;1000
375403;60
380826;160
418299;0
460765;0
471658;980
471998;0
472499;214
472500;0
472501;250
472502;0
472574;0
474252;0
512630;0
529804;0
548022;0
581925;0
585166;230
585739;25
822892;0
896160;150
981435;85
467;0
1167;0
1178;0
1181;0
1215;0
1243;4
1318;0
1359;0
1446;0
2373;0
2400;0
2942;0
3079;0
3346;0
3612;0
3835;0
3876;0
3924;0
4389;0
4514;0
4862;0
4924;0
5046;0
5059;0
5440;0
5510;0
5534;0
5910;0
5917;0
6073;0
6195;0
6196;0
6326;0
7248;0
7271;0
7359;0
7434;0
7502;0
7529;15
7971;0
7989;0
8049;0
8126;0
12163;0
12276;0
12277;0
12292;21
12375;0
12446;0
12450;0
12552;0
12608;0
12612;0
12613;6
13168;0
13178;0
13185;23
13199;0
13207;0
13243;0
13483;0
13974;0
13976;0
14459;0
14594;0
14596;0
14629;0
14668;0
14713;0
14887;0
15125;0
15234;0
15314;0
15469;0
15517;17
15538;0
15627;0
16104;0
16229;0
16397;0
16499;0
16614;0
16666;0
16847;0
17257;0
17258;0
17387;0
17430;0
17448;0
17642;0
17998;81
18062;0
18175;0
18293;0
18499;0
18500;0
18501;0
18614;0
18650;0
18782;0
18843;0
18844;5
18846;0
18854;0
18877;0
18917;0
19359;0
20236;0
20252;0
20253;0
20289;0
20292;4
20375;0
20378;2
20398;0
20414;0
20437;0
20512;0
20518;0
20566;0
20623;0
20624;0
20625;0
20626;0
20629;0
20663;0
20706;0
20708;0
20713;0
20734;0
20819;0
20824;0
20828;0
20831;0
20899;0
22777;0
22781;0
22789;0
22793;0
22800;0
22818;0
22823;252
22827;0
22828;0
22832;0
22833;0
22842;0
22843;0
22851;0
22852;0
22854;0
22857;0
22859;0
22863;0
22871;0
22873;0
22874;0
22877;0
22889;0
22904;0
22929;0
22944;0
22945;0
22947;0
22948;0
22949;0
22963;0
22966;0
22967;0
22968;0
22971;0
22972;16
22974;0
22979;0
22994;0
22999;0
23007;0
23013;0
23016;3
23017;0
23030;0
23032;0
23058;0
23059;0
23064;0
23065;0
23066;0
23076;0
23083;0
23084;0
23096;0
23097;0
23098;0
23099;0
23103;0
23142;0
23145;0
23153;0
23161;0
23166;0
23170;0
23171;0
23181;0
23182;0
23185;0
23186;0
23187;0
23188;0
23209;0
23217;0
23220;0
23222;0
23228;0
23229;0
23233;0
23235;0
23238;0
23239;0
23241;0
23243;0
23247;0
23253;0
23254;0
23255;0
23290;0
23293;0
23294;0
23296;0
23309;0
23312;0
23313;0
23316;0
23317;0
23320;0
23324;0
23326;0
23327;35
23328;7
23333;0
23336;0
23338;0
23339;0
23340;0
23343;0
23344;0
23368;0
23378;0
23385;0
23391;0
23393;0
23395;0
23397;0
23404;0
23405;0
23406;0
23407;0
23408;0
23427;0
23430;0
23431;0
23445;0
23447;0
23452;2
23453;0
23455;0
23458;0
23460;0
23461;0
23462;0
23464;0
23465;0
23466;0
23468;0
23470;0
23472;0
23474;0
23478;1
23484;0
23489;0
23495;0
23513;7
23519;0
23527;0
23528;0
23529;0
23530;0
23533;0
23543;0
23545;0
23546;0
23552;0
23556;0
23557;0
23562;0
23565;0
23584;0
23600;0
23602;0
23603;0
23618;0
23619;0
23621;0
23622;0
23623;0
23624;0
23631;0
23658;0
23662;0
23675;0
23678;0
23690;0
23691;0
23697;0
23704;0
23711;0
23715;0
23718;0
23719;0
23721;0
23731;0
23735;0
23738;0
23742;0
23746;0
23749;0
23755;17
23756;0
23773;0
23774;0
23780;0
23781;0
23786;0
23788;0
23789;0
23796;0
23818;0
23819;0
23836;0
23845;0
23847;0
23851;0
23853;0
23870;0
23875;0
23877;0
23881;0
23887;0
23888;0
23891;5
23895;0
23896;0
23904;0
23908;0
23912;0
23913;0
23918;0
23920;0
23921;0
23923;0
23924;0
23929;0
23935;0
24187;0
24193;0
24195;0
24206;0
24207;0
24208;0
24212;0
24213;0
24215;0
24217;0
24218;6
24224;0
24227;0
24229;0
24230;0
24232;0
24233;0
24234;0
24238;0
24243;0
24246;0
24253;0
24256;0
24264;0
24268;0
24272;0
24273;0
24274;0
24291;0
24296;0
24297;0
24308;0
24310;0
24311;0
24312;0
24314;0
24340;0
24342;0
24347;0
24355;0
24357;0
24360;0
24361;0
24366;0
24373;0
24375;0
24380;0
24386;0
24388;0
24391;0
24395;0
24401;0
24419;0
24425;0
24442;0
24447;0
24450;0
24469;0
24470;20
24474;0
24475;0
24476;0
24479;0
24482;0
24484;0
24488;0
24489;0
24491;0
24492;0
24494;0
24495;0
24499;0
24515;0
24516;0
24522;0
24523;0
24526;0
24527;0
24528;0
24529;0
24571;0
24596;0
24601;0
24606;0
24609;0
24610;0
24762;0
24782;0
24785;12
24787;0
24788;0
24790;0
24793;0
24794;0
24795;0
24807;0
24808;0
24810;0
24815;0
24833;0
24834;0
24835;0
24836;0
24837;0
24838;0
24839;0
24843;0
24845;26
25133;0
25252;2
26565;0
27588;0
34940;200
35319;0
52415;4
52481;0
54045;0
55784;39
57450;0
57610;0
59226;0
59300;0
59404;0
59788;0
60032;0
60333;0
60386;0
61793;0
61995;0
62059;0
62578;0
62580;0
78558;0
83245;1
84398;12
86205;5
87850;11
88117;2
92796;0
96208;2
98194;0
100276;0
100278;0
100300;0
100341;0
100375;0
100932;0
100933;2
100969;0
101488;512
101552;0
101603;0
101676;0
101793;0
101821;0
101980;0
102607;0
102648;0
102657;0
102659;0
102665;19
102817;0
102864;27
102868;0
102879;0
102895;0
102931;0
103033;0
103037;0
103048;0
103052;4
103053;0
103148;0
103151;0
103399;0
103410;0
103434;10
103442;0
103449;0
103482;0
103554;0
103639;24
103641;0
103651;0
103654;18
103665;0
103681;0
103710;70
103753;0
103784;0
104036;0
104097;0
104325;0
104391;0
105301;0
105408;0
105409;0
105411;0
105930;0
106045;16
106310;0
106326;0
106328;3
106537;0
106566;0
106567;11
106643;0
107199;0
107208;0
107251;0
107281;6
107282;7
107521;0
107523;0
107524;0
107525;0
107526;0
107547;0
107575;0
107989;0
108055;0
108917;10
108924;980
108925;363
109076;0
109555;0
109598;0
109617;0
109623;446
109779;0
109997;0
110301;0
110453;0
110626;0
110662;0
110763;0
110925;0
111684;25
111754;0
111791;0
115245;0
115266;0
115444;0
116510;12
117463;0
117617;0
121186;0
121781;0
126314;0
128083;20
128767;11
130303;0
132381;0
132390;0
133703;0
135232;9
135852;3
135887;11
139169;0
140832;8
141560;1
142433;0
142489;0
143235;0
147281;0
148978;0
149845;0
151016;0
151904;0
152374;0
153141;2
153800;0
154046;0
154288;0
154300;0
154318;10
154709;0
154717;0
154725;0
154871;0
155939;1
157287;0
158577;0
158649;4
160735;0
163716;0
166022;0
166464;0
166707;0
166731;0
167673;0
170174;56
170210;2
170844;0
170879;7
170887;0
170895;0
171133;1
171972;25
172316;0
172340;0
174858;0
177490;0
178020;0
178039;0
178498;0
180742;0
181196;0
181650;2
182354;0
184409;234
185409;5
185477;31
185640;1
185906;0
187944;2
188140;6
190101;452
190128;0
190888;0
191052;2
191787;0
194233;0
196459;0
197854;8
198846;0
199345;0
199982;0
202714;0
206385;843
206610;8
206636;8
206652;0
206660;0
206679;4
206717;3
206733;23
206750;14
206768;0
206776;0
206784;10
206814;3
206881;0
206890;8
206903;0
206938;16
206954;0
207012;3
207098;0
207101;0
207110;0
207144;0
207152;0
207179;0
207187;0
207225;0
207268;0
207284;0
207306;20
207322;0
207403;0
207438;0
207551;0
207724;0
207985;0
208086;11
208868;0
208892;0
208906;2
208922;0
209161;0
209309;29
209350;0
210838;0
210978;0
211141;0
211568;1
213373;3
215805;0
215937;0
215953;0
216003;1
216119;0
216283;5
216399;0
216437;0
216496;11
216500;0
216658;0
216666;0
216763;0
217158;4
217280;0
217395;0
217468;0
217532;6
217557;0
217565;0
217727;0
217743;9
217778;0
217832;0
217930;0
217964;0
218596;2
218618;0
218634;0
219495;0
220019;10
220333;6
220817;0
221392;0
221422;0
221473;6
221481;3
221520;0
221554;0
221724;0
221961;0
221970;10
222240;0
222640;0
222658;0
222666;0
222682;0
222704;0
222720;0
224677;0
224928;0
225061;0
225410;0
225436;0
225509;1
226831;0
226882;0
226890;0
227129;0
227338;0
227627;949
230006;0
231460;72
231751;0
231757;0
233706;0
234245;2
235121;0
235130;0
235148;0
235237;0
235826;0
235954;0
236420;0
236525;1
236586;0
237051;0
237132;0
237230;0
238570;0
239437;6
239658;20
240133;0
240141;0
240281;10
240290;20
240885;7
240990;33
241040;62
241075;42
243120;0
243310;0
244724;7
245828;0
246700;0
247103;0
251259;0
251275;0
251283;0
252794;0
252891;110
253057;0
253774;6
255122;2
255146;0
256994;0
258415;0
258843;0
259160;0
259276;0
260550;0
262145;0
262170;0
262315;0
262480;0
262692;0
262994;0
263214;0
264830;2
266796;0
267112;5
267902;0
268240;0
268356;0
268771;0
269050;10
269328;0
269360;0
269506;0
269964;0
270008;0
270444;0
273493;0
275449;0
276627;0
280046;0
280070;0
280143;0
280640;0
280674;2
280712;0
280801;0
280930;3
280968;0
281255;0
281271;0
281670;6
281700;0
281719;0
281727;8
281921;0
282030;6
282138;5
282219;0
282308;0
282677;0
282740;0
283398;0
283460;0
283509;0
283800;0
283860;0
284335;0
284491;0
284513;74
285005;15
285242;30
285684;0
286142;0
286659;0
286842;1
287512;472
288039;5
288195;0
288748;0
288816;0
293156;0
296066;3
296104;0
296570;52
296856;0
297674;0
297925;0
297933;0
298808;0
299989;6
300017;36
300148;0
300548;0
300667;4
301482;1
301499;0
301739;0
301957;0
301973;2
301990;8
302104;135
302114;1
302414;0
302415;2
302553;0
302686;0
302697;0
302848;0
303015;0
303063;0
303104;0
303162;0
303313;0
303321;0
303498;0
303607;0
304307;0
304518;0
304556;0
304786;6
304821;0
304852;0
304899;0
304913;17
305085;0
305400;42
305406;0
305541;0
305555;0
305724;0
305816;4
305983;10
306562;0
306566;0
306734;0
306748;0
307067;0
307354;0
307355;0
307590;0
307819;28
307955;0
308215;0
308927;0
309303;0
310005;1
310184;0
310389;0
310390;0
310440;0
310678;0
310743;0
310751;0
310786;0
310886;0
310984;2
311022;0
311070;0
311211;1
311235;0
311243;0
311334;0
311486;0
311546;0
311643;19
312041;0
312100;28
312126;5
312150;5
312245;33
312266;0
312334;155
312428;87
312704;1
312824;17
313025;84
313242;0
313451;9
313537;0
313557;0
313630;0
313688;0
313692;17
313694;8
313706;109
313803;0
314000;0
314061;8
314091;0
314258;0
314501;0
314657;0
314661;1
314853;18
315230;0
315745;30
315833;0
315835;0
316156;64
316440;50
316547;40
317015;0
317030;2
317224;0
317395;0
317398;0
317405;6
317492;50
318583;3
318898;0
319062;0
319075;0
319325;0
319434;0
319435;0
319459;0
319738;0
319807;4
320149;0
320193;0
320839;6
320925;0
320934;0
320974;0
321161;0
321652;14
321684;0
321687;20
321733;0
321736;0
322226;0
322236;0
322243;0
322280;0
322300;0
322348;0
322721;0
322736;0
322779;0
322816;0
322898;0
323255;0
323346;0
323354;11
323367;2
323419;0
323452;0
323479;0
323481;0
323748;0
323990;0
324009;1
324190;0
324709;0
325124;0
325187;0
325219;12
325284;0
325346;0
325387;15
325574;0
325738;0
325779;0
326556;30
327162;0
327321;0
327780;0
329394;0
329557;0
329694;0
329725;0
329735;0
329881;0
330007;17
330210;0
330315;0
330373;0
330388;0
330563;2
330698;0
330764;3
330927;0
331047;0
331141;0
331220;0
331382;0
331415;0
331431;608
331445;11
331533;0
331650;0
331951;32
331957;0
331970;0
331973;0
331997;0
332005;0
332012;0
332015;0
332016;0
332041;12
332049;11
332147;0
332148;0
332149;0
332156;0
332179;0
332367;1
332484;0
332644;0
332666;4
332761;41
332871;2
332898;0
333074;0
333076;0
333080;0
333327;0
333332;0
333376;0
333556;0
333604;0
333665;0
333680;0
333724;0
333732;0
333831;0
334051;36
334070;0
334400;0
334637;0
334644;0
334866;0
335048;0
335478;0
335598;0
335816;0
335825;0
335853;0
335886;8
335949;0
335958;0
335961;0
335963;0
336140;34
336145;0
336195;0
336445;0
336502;0
336513;0
336565;0
336643;0
336672;0
336707;0
336731;49
336736;23
336737;26
336752;0
337083;5
337086;0
337088;4
337089;96
337090;0
337097;5
337109;0
337115;0
337146;0
337150;0
337591;0
337601;0
337620;9
337712;0
337864;0
338953;53
338955;0
339130;0
339185;0
339765;0
339775;0
339973;0
340162;0
340166;0
340400;0
340401;0
340485;0
340499;0
340665;0
340667;0
341206;0
341237;0
341509;6
341716;0
342033;454
342450;0
343072;0
343157;0
343707;1
343908;0
343913;0
344004;0
344272;10
344420;110
344504;100
344515;0
344519;635
344524;48
344632;51
344647;60
344650;92
344679;1
344687;0
344691;0
344790;0
344795;0
344822;0
344825;336
344854;0
344865;0
344866;0
344899;48
344901;0
344927;39
344928;0
345512;0
345627;0
345646;0
345729;0
345791;0
345797;281
345798;175
346413;15
346414;2
346419;0
346737;103
346809;5
346815;0
346922;4
347185;0
347249;27
347348;36
347372;0
347512;1
348200;0
348514;0
348547;0
349140;20
349152;0
349160;0
349427;0
349811;0
349981;14
349982;0
349983;0
349987;5
350095;19
350492;0
350586;0
351475;0
351501;10
351542;0
351602;3
351697;1
352153;0
352238;8
352404;0
352406;0
352407;0
352413;0
352482;0
352548;24
352638;12
352639;9
352655;5
352703;0
352706;0
352805;0
352808;0
352809;0
352937;0
353237;20
353301;0
353303;0
353379;0
353411;0
353412;0
353419;0
353605;2500
353631;0
353880;0
354030;0
354032;0
354800;0
354801;0
354815;0
354879;0
354974;0
354985;0
354987;0
355236;0
356273;2
356377;11
356427;0
356466;0
356669;0
356732;0
356756;0
356769;0
356909;0
356977;0
357121;0
357291;0
357341;0
357371;0
357372;0
357591;0
357790;0
358003;0
358187;0
358188;0
358210;0
358285;0
358311;31
358444;0
358541;0
358544;2
358559;50
358561;0
358585;10
358636;0
358701;0
358709;0
358710;0
358743;0
358745;9
358749;0
358769;0
358791;0
358795;0
358798;0
358854;0
358994;82
359014;0
359085;0
359158;1
359359;0
359459;10
359517;0
359520;0
359529;0
359536;0
359619;0
359754;64
360085;0
360203;0
360284;0
360293;0
360376;0
360438;0
360502;0
361006;6
362115;0
362616;0
362679;0
362730;0
362731;1
363049;0
363243;0
363320;20
363445;0
363519;10
363630;0
363645;150
363754;2
364390;0
364432;0
364523;0
364597;2
364910;0
364930;126
365016;0
365548;0
365564;0
365572;0
365729;0
365872;9
366233;27
366292;0
366374;0
366560;0
366722;4
366739;0
366746;0
366750;0
366751;0
366760;4
366762;1
367053;0
367301;0
367306;0
367307;0
367444;0
367582;0
367584;0
367585;0
367586;23
367588;50
367589;0
367594;0
367596;0
367597;0
367599;0
367600;0
367601;0
367602;0
367606;0
367607;0
367608;2
367669;0
367671;0
367673;0
367674;0
367675;23
367676;0
367677;0
367744;13
367749;0
367789;0
367802;117
368005;2
368063;0
368064;10
368476;3
368563;0
368654;0
368778;0
368885;0
368937;0
369020;0
369211;0
369879;2
369958;0
370346;0
370348;0
370542;0
370543;3
370544;0
370545;0
370546;2
370547;0
370553;1
370804;10
371027;104,5
371051;4
371207;0
371294;0
371843;0
372285;0
372307;20
372351;0
372412;0
372539;0
372556;0
372558;0
372561;0
372565;0
372726;0
373014;0
373303;0
373304;0
373308;2
373322;2
373421;0
373429;0
373453;0
373572;10
373736;5
373854;0
373857;0
373858;4
374395;0
374577;9
374578;0
374613;4
374683;2
374794;16
374804;0
375168;0
375436;0
375478;0
375492;2
375556;0
375565;0
375613;0
375744;0
375834;0
375939;0
376133;72
376156;0
376244;15
376248;0
376278;0
376442;0
376489;0
376490;2
376587;0
376801;0
376803;0
376918;0
376937;0
376939;0
376965;50
377032;0
377037;11
377038;6
377047;0
377172;0
377185;40
377224;0
377264;0
377265;0
377317;0
377475;16
377491;0
377578;0
377594;0
377630;0
377695;0
377719;0
377771;0
377790;2
377849;2
377978;0
378038;0
378084;0
378085;32
378139;0
378196;0
378220;6
378333;0
378347;0
378450;50
378462;0
378526;0
378678;30
378685;0
378736;0
378813;27
378887;0
379002;52
379016;0
379017;0
379021;0
379234;0
379237;0
379370;0
379445;0
379451;23
379568;0
379572;0
379577;0
379829;0
380247;5
380251;15
380259;2
380260;0
380265;1
380295;0
380308;13
380311;0
380341;2
380345;1
380368;2
380376;0
380377;0
380416;4
380463;0
380493;0
380573;0
380593;0
380720;0
380937;22
380950;0
380952;0
380953;0
380958;0
380968;0
380969;2
380984;4
381058;0
381094;0
381125;0
381132;0
381269;0
381274;0
381324;0
381391;13
381398;0
381416;0
381417;48
381476;4
381718;0
381858;0
381860;0
382011;0
382138;0
382142;0
382213;48
382318;0
382466;0
382526;0
382596;0
382701;10
382935;3
382946;0
383002;16
383013;0
383033;0
383039;0
383137;0
383174;2
383196;0
383250;0
383255;0
383256;3
383257;0
383310;0
383363;0
383408;0
383918;0
383978;6
384050;4
384052;0
384148;0
384161;0
384235;0
384268;0
384298;0
384375;0
384378;2
384663;0
384757;0
384790;0
384811;0
384814;0
384855;100
385044;0
385046;0
385047;0
385111;0
385518;0
385568;58
385569;0
385666;0
385719;0
385746;0
385763;10
385923;0
385943;11
385958;50
385981;0
386101;50
386158;0
386247;1
386317;929
386384;0
386510;0
386598;0
386618;0
386806;0
386812;27
386892;0
386896;12
386942;20
386943;14
387018;0
387020;0
387131;0
387407;11
387422;0
387456;0
387472;0
387474;0
387628;104
387696;0
387727;0
387778;85
387867;0
387888;0
387890;2
387923;2
387944;0
387950;19
387952;2
387954;0
387968;1
387969;1
388089;0
388108;0
388245;0
388269;0
388412;0
388413;0
388446;0
388448;0
388452;0
388541;33
388591;0
388592;0
388605;0
388630;30
388709;0
388982;4000
388988;0
389009;0
389055;0
389058;0
389059;0
389102;0
389189;0
389198;0
389199;0
389284;5
389311;5
389422;0
389424;0
389451;5
389521;28
389546;140
389562;0
389690;0
389761;10
389798;0
389837;0
389840;0
389928;0
389959;0
390212;0
390294;0
390407;0
390431;0
390490;0
390520;0
390557;0
390641;0
390642;0
390727;0
390728;0
390792;0
390902;0
390952;0
390954;0
391127;15
391129;0
391148;0
391153;0
391201;98
391202;2
391203;2
391205;0
391220;5
391223;0
391248;0
391299;0
391381;0
391481;0
391505;0
391518;0
391660;0
391661;0
391851;0
391878;0
391993;0
391996;0
392003;0
392257;0
392326;0
392469;0
392523;0
392559;0
392566;0
392915;0
393030;0
393137;4
393151;3
393153;0
393182;1
393209;0
393275;12
393590;0
393705;0
393728;0
393769;1490
393785;0
393814;0
393853;0
393882;10
394097;66
394328;0
394337;0
394438;0
394644;0
394652;0
394656;0
394776;1
394891;2
394942;31
395009;60
395035;0
395036;0
395116;0
395209;0
395260;2
395426;0
395469;0
395666;0
395855;0
395903;0
395945;0
395959;2
395976;0
396115;0
396265;65
396382;0
396476;4
396639;0
396640;5
396641;10
396644;0
396657;0
396658;3
396787;0
396789;0
396968;0
396989;0
397009;0
397020;0
397093;0
397267;0
397351;27
397407;0
397700;0
397989;5
398099;0
398258;0
398317;11
398511;0
398517;0
398594;21
398855;0
398968;3
399013;0
399071;39
399177;9
399370;0
399418;0
399422;0
399442;61
399507;0
399531;0
399532;8
399601;0
399688;0
399698;0
399728;0
399782;0
399797;0
399799;0
399800;0
399867;20
399931;0
399959;0
399996;4
400024;0
400027;0
400041;0
400101;0
400124;0
400223;0
400243;8
400274;19
400275;2
400389;0
400762;0
400808;0
400809;0
401166;0
401435;0
401502;0
401611;0
401724;0
401738;16
401804;0
401949;0
402011;0
402261;0
402310;0
402397;0
402429;0
402491;0
402522;0
402705;0
402743;0
402786;0
402891;0
403041;0
403093;0
403099;0
403207;24
403282;0
403429;0
403585;0
403824;0
403903;0
404035;4
404109;0
404399;110
404407;0
404431;50
404587;0
404648;0
404721;6
404723;0
404744;2
404868;1
404880;0
404966;0
404971;0
404972;45
404980;76
404986;31
404998;0
405014;0
405015;0
405030;0
405065;0
405171;0
405438;0
405461;0
405463;0
405541;0
405547;0
405581;0
405583;0
405631;0
405794;0
405804;0
405862;0
406041;0
406044;0
406269;0
406439;0
406481;0
406498;4
406517;15
406717;0
406779;0
406870;0
406873;0
407295;0
407332;0
407512;0
407700;0
407833;0
407881;0
407919;0
407921;0
407928;5
408209;0
408286;0
408307;0
408332;64
408478;0
408604;0
408770;5
408936;0
409538;0
409602;0
409688;6
409721;0
409965;0
410051;0
410265;0
410272;0
410604;0
410890;38
411191;0
411227;0
411511;0
411553;0
411827;0
411828;16
411830;0
411831;17
411856;8
411857;13
412466;20
412483;0
412515;0
412711;0
412767;0
412782;0
412953;0
412984;0
412985;0
413178;0
413341;1
413343;0
413379;0
413598;0
413600;0
414618;40
414619;13
414652;8
414711;21
414817;0
414896;2
415268;0
415289;0
415411;0
415756;0
415825;0
415890;3
416114;0
416147;7
416244;2
416403;0
416894;0
416896;2
417189;2
417272;0
417589;0
417932;0
417971;0
418482;0
418783;0
418865;0
418943;4
418979;1
419048;3
419123;0
419167;0
419272;0
419392;0
419479;0
419494;0
419616;0
419788;0
419854;0
419972;27
420016;0
420465;0
420700;0
420727;0
420760;0
421004;0
421165;0
421308;0
421314;0
421316;0
421355;6
421470;0
421471;0
421508;0
421509;0
421512;0
421518;0
421520;0
421523;0
421524;0
421530;0
421532;0
421960;2
422046;0
422142;0
422147;4
422404;0
422558;0
422752;0
422829;0
422835;0
423092;0
423515;0
423536;1
423632;9
423686;0
423972;0
424129;2
424462;15
424491;0
424504;0
424542;0
424559;2
424631;0
424694;0
424719;0
424760;0
424761;0
424767;0
424768;0
424772;0
424820;0
424834;0
424895;5
424896;111
424899;33
424915;19
425262;32
425359;0
425572;0
425597;0
425601;0
425715;0
425754;1
425882;0
425927;1
425968;0
426121;3
426663;0
426845;0
427190;0
427203;0
427289;0
427633;38
427714;0
428426;0
428965;0
429059;0
429083;0
429247;0
429656;18
429926;0
430017;0
430224;1
430379;17
430482;0
430483;21
430484;0
430485;0
430603;112
430699;0
430798;2
431022;0
431129;0
431203;0
431367;0
431369;0
431372;5
431373;0
431374;0
431375;0
431376;0
431377;0
431385;70
431977;7
431985;14
432030;0
432034;0
432085;0
432188;0
432522;0
432539;3
432649;0
432830;0
432849;40
433166;0
433208;0
433264;0
433310;2
433311;0
433313;0
433428;0
433494;0
433503;0
433762;3
433810;0
433911;10
433967;0
434061;0
434122;0
434180;3
434405;0
434431;0
434466;0
434470;0
434471;0
434472;0
434473;0
434817;0
434859;0
434873;0
434888;0
434889;0
435045;0
435046;24
435075;0
435250;2
435270;8
435273;0
435359;5
435424;0
435431;0
435477;5
435565;0
435666;0
435667;0
435668;0
435669;0
435785;0
435786;0
435787;0
435959;9
435987;0
436047;0
436166;0
436302;0
436306;0
436307;0
436308;0
436309;0
436314;48
436321;0
436408;4
436512;0
436713;3
437024;0
437123;0
437531;0
437659;0
437715;0
437880;0
437881;0
437900;0
437941;0
438166;0
438462;0
438666;0
439014;0
439020;0
439087;0
439153;0
439408;0
439472;1
439580;0
439737;0
439864;16
440096;0
440103;0
440107;0
440133;10
440360;0
440811;1
440891;0
441000;0
441118;0
441124;0
441363;0
441418;0
441513;0
442017;0
442021;0
442094;1
442122;0
442259;0
442431;11
442462;0
442504;0
442551;0
442638;0
442641;6
442642;0
442765;0
442823;0
442888;0
442905;0
443234;0
443467;0
443631;0
443928;0
443998;0
444188;0
444468;0
444682;0
444704;0
444792;2
444858;0
444925;25
445367;0
445472;0
445613;0
445615;2
445862;2
445970;14
446201;0
446348;0
446372;0
446429;0
446441;0
446503;0
446803;0
446804;1
446908;2
447119;0
447640;0
447885;0
447939;0
447946;0
448056;0
448086;0
448212;5
448340;0
448402;0
448449;0
448962;0
448963;0
448971;0
449073;0
449080;0
449084;6
449127;0
449359;0
449480;2
449596;0
449744;0
449794;2
450476;0
450551;0
450648;0
450749;0
451434;0
451534;0
451684;0
451698;0
451758;140
451956;0
451957;0
452021;0
452444;0
452600;0
452955;5
453161;0
453298;0
453318;0
453491;3
453500;3
453544;0
453560;0
453576;0
453792;0
454158;0
454185;0
454352;0
454422;382
454544;1
454826;0
455162;0
455469;0
455539;1
455609;0
455721;0
455761;0
455877;4
456034;0
456056;0
456828;0
457365;2395
457366;0
457367;0
457591;0
458002;0
458005;0
458034;0
458070;33
458144;0
458865;16
459486;0
459560;0
459868;0
459877;0
460046;0
460049;0
460068;0
460143;0
460153;0
460415;0
460416;0
460421;0
460422;0
460425;0
460426;0
461140;0
461271;2
461361;0
461396;0
461665;0
461951;220
461955;1395
462167;0
462168;1
462240;0
462337;0
462814;0
463228;0
463366;0
463476;0
463652;0
463756;0
463757;0
463762;0
463804;0
463867;0
463920;0
464047;0
464587;0
464768;0
464962;0
465056;19
465121;2
465234;4
465293;2
465409;2
465510;0
465561;0
465645;2
466359;0
466533;0
466769;0
466928;0
467335;0
467448;0
468558;0
468745;2
468986;0
469326;0
469400;0
469401;0
469402;0
469582;0
469725;0
469745;0
470040;0
470046;0
470152;20
470356;0
470370;0
470586;6
470587;6
470625;0
470650;0
470710;0
471065;0
471240;0
471308;0
471384;12
471432;0
471509;0
471510;46
471511;0
471514;8
471515;7
471516;0
471520;2
471521;0
471522;0
471523;2
471524;2
471525;9
471527;2
471529;3
471536;0
471547;4
471551;4
471552;2
471553;0
471554;5
471555;10
471556;34
471557;0
471562;10
471563;2
471574;0
471575;0
471584;2
471610;0
471772;0
471897;12
472005;4
472123;0
472136;0
472216;0
472250;0
472251;0
472272;0
472276;0
472293;0
472423;0
472427;0
472429;0
472436;0
472551;0
472591;0
472622;0
472710;0
472716;0
472836;0
472837;0
472838;0
472839;0
472969;0
472984;0
473121;0
473615;2
473758;0
473774;0
473845;0
474001;0
474240;0
474721;0
474830;0
475030;0
475595;0
476455;0
476609;0
476617;0
476899;0
477179;0
477357;0
477707;100
477708;200
477744;0
478407;0
478512;0
479100;0
479117;144
480130;4
480170;0
480181;0
480182;0
480278;98
480293;0
480448;0
480449;0
480457;0
480458;0
481210;0
481229;0
481276;0
481303;2
481325;47
481363;2
481364;0
481475;10
481491;0
481542;4
481547;0
481549;0
481551;0
481552;0
481554;0
481555;0
481562;0
481566;0
481850;0
481868;0
481873;0
481883;0
481921;5
481965;10
482144;0
482861;0
483414;0
484001;0
484211;0
484459;0
484513;0
484843;0
485445;0
485543;0
486279;2
486288;0
486737;233
486738;300
486914;0
486930;0
486949;0
487087;0
487210;40
487635;0
487660;0
487794;0
487896;5
487967;0
488061;75
488328;0
488342;3
488520;0
488705;0
488761;6
488772;0
488844;2
489482;0
489486;0
489488;0
489573;39
489738;0
490400;0
490525;0
490846;0
491144;7
491375;0
492264;0
492388;0
492430;8
492535;0
492536;0
492710;0
493174;1
493283;0
493747;50
493828;0
494113;0
494294;0
494295;0
494504;0
494736;0
494819;0
494930;0
495730;0
495821;0
495965;0
496068;0
496309;0
496310;0
496311;0
496312;0
496313;0
496323;0
496325;0
496354;0
496356;0
496380;0
496423;23
496439;0
496479;0
496481;14
496482;15
496515;0
496525;0
496536;0
496591;0
497083;4000
497087;0
497132;0
497236;3
497429;0
497601;0
497602;0
497648;0
497911;0
498118;0
498223;0
498451;0
498558;0
498651;2
498751;0
498943;0
499631;0
500102;0
500290;0
500409;0
500809;0
502541;0
502763;0
502858;0
502931;0
503446;0
503562;0
503577;0
503810;0
503872;0
505177;0
505373;0
505711;0
506756;0
506762;0
506766;2
507069;4
507165;0
507166;0
507452;0
507649;0
507877;0
508351;0
508491;0
508499;0
508509;0
508634;0
509045;6
509087;0
509193;0
509198;0
509396;0
510390;0
510404;0
510591;0
510641;0
512788;0
512852;46
513415;0
514199;0
514454;12
514504;40
514610;0
514975;0
515004;0
515124;0
515765;0
516279;0
516494;0
516959;0
516962;0
516964;0
518045;0
518049;0
518257;4
518541;3
519019;57
519118;0
519119;0
519260;2
519405;0
520044;0
520101;0
520130;0
520215;26
520345;0
520346;0
520493;0
520536;0
520537;0
520538;0
520540;0
521299;0
521327;4
521372;220
521505;0
521840;12
522068;0
522347;3
522543;0
522548;0
522859;0
524166;0
524190;0
524344;0
524455;1
524570;0
524719;5
524727;1
524735;3
525199;0
525205;0
525312;0
525337;0
525780;0
525790;0
526655;0
527181;0
527440;0
527622;0
527623;0
528882;0
528891;0
529272;0
529408;0
529545;0
529853;0
530726;0
531075;0
531372;0
531768;134
532098;0
533645;0
533964;0
534061;0
534238;0
534353;0
534362;0
534560;0
535452;2
535457;2
535732;0
537705;0
537883;0
538318;0
538410;0
538431;0
538752;0
538996;0
539155;5
539858;0
540070;0
540129;0
540745;0
540747;0
541178;0
542149;0
542195;2
542887;0
542919;0
542925;0
542974;4
543079;4
543082;0
543135;0
543603;0
543619;14
544340;0
545894;0
545950;3
546017;0
546305;4
546319;0
546322;18
546357;0
546442;0
546501;1
546595;0
546629;0
546690;0
546829;0
546857;27
548065;4
548304;0
549170;0
549182;0
549252;0
550638;0
550699;0
551642;0
551648;0
552392;0
552394;0
552396;0
552397;0
552600;0
552830;0
553486;0
553951;20
554083;2
554595;2
554750;0
554760;0
554787;193
554825;3
554876;4
555040;0
555434;3
555799;97
555915;0
556477;1
556689;0
557069;0
557894;0
558923;0
558979;0
558982;0
560054;0
560510;0
560988;0
561482;0
561898;0
562518;0
563294;0
564486;0
564889;0
565912;0
565913;0
566107;0
566273;0
566275;0
566627;0
566657;0
566709;0
567312;5
568201;0
568317;0
568635;0
570320;0
570868;2
571306;0
571308;0
571310;96
571336;12,5
571337;0
571464;0
571465;0
571467;0
571501;16
571502;0
571882;0
572211;0
572212;0
572219;0
572220;0
572604;0
573851;0
574013;0
574339;0
574343;0
574344;0
574602;2
574603;4
574604;16
574605;13
574606;30
574608;939
574774;0
574786;2
574833;0
575183;0
575202;16
575406;0
575415;0
575608;0
575734;0
575735;59
575737;6
575762;45
575767;17
575769;0
575772;11
575774;1151
575775;26
575778;1
575793;0
575966;0
575975;0
576534;6
576583;9
576835;0
577667;3
578065;0
578382;0
578671;4
578707;0
579186;0
579640;0
580852;0
581249;0
581433;0
581928;0
582302;0
582304;6
582331;332
582337;155
582343;15
582346;31
582519;1
582600;0
582608;0
582630;0
582634;263
582637;0
582701;0
582721;0
582732;682
582742;460
582747;0
582805;0
582806;2
582807;4
582809;0
582846;0
582898;0
582916;75
582958;0
582961;0
583043;0
583115;13
583365;91
583369;147
583370;147
583400;0
583593;4
583595;0
583601;0
583605;0
583668;0
583842;0
583949;0
584096;0
584205;0
584361;709
584809;127
585551;0
586006;23
586282;0
586577;9
586591;2
586683;0
587242;0
587308;74
587839;41
588094;0
588254;0
588314;0
588317;0
588525;0
588577;4
588619;0
588635;0
588682;0
588736;5
589334;71
589467;0
589482;0
589948;0
589949;0
589951;0
589952;0
589953;0
589955;0
589956;0
589957;0
589958;0
589959;0
589960;0
589961;0
589962;0
589964;0
589965;0
589966;0
589967;0
591070;21
591091;3
591240;99
591272;14
591554;10
592087;0
592247;52
592337;0
592503;138
592608;743
592872;0
592909;36
593414;19
593507;1000
593568;0
594192;5
594339;1
594706;0
594743;0
595623;0
595765;0
595839;0
595921;0
596330;0
596634;0
597809;0
597822;63
597824;50
597884;0
598263;0
598369;0
598497;2
598705;0
598891;11
598990;0
599049;4
599384;7
599627;0
600393;0
600407;0
601012;0
601423;0
601644;0
601753;16
603696;100
604030;4
604160;4
605123;0
606570;0
606695;0
607738;0
608342;6
610356;0
613464;3
613746;2
614227;0
616010;20
616894;18
617628;16
619083;0
621480;0
621536;0
621633;0
621886;0
622125;0
628905;0
628909;0
631060;0
631820;4
636606;0
639946;75
640234;12
640942;6
641448;244
644838;15
645117;0
646539;0
646849;0
646920;0
647233;3
647772;0
648388;20
648825;0
648850;1000
649015;0
649023;2
649660;955
650625;0
651333;0
651483;0
652733;0
653977;38
655147;0
656461;0
656534;8
656739;643
657099;0
657112;5
658804;0
658927;0
660795;0
661872;29
662020;0
662704;0
662801;0
663565;0
664553;2
664554;0
668370;12
670281;6
670634;25,5
670650;0
670707;1
671385;4
671477;10
671643;2
672258;6
673269;0
673285;52
673331;0
673552;0
673668;0
674044;0
674257;0
674567;5
674591;8
675768;7
675776;1
676853;0
677043;0
678708;0
679429;0
682173;0
682748;0
685958;5
686243;6
688215;0
689020;0
690246;3
694053;0
694797;0
695041;0
695670;0
695755;0
696754;4
697559;1
697869;0
699214;0
700576;2
700657;0
701131;6
701521;19
705349;0
707322;129
707805;0
707996;0
708267;0
709182;0
709972;0
710218;9
718867;0
719088;12
719592;1
723085;16
723283;0
723517;0
723525;0
723622;4
724277;0
724505;0
725335;0
730181;100
730211;100
731064;0
731315;64
732281;0
733288;0
733610;0
735035;779
735043;0
735193;0
736331;4
737275;0
737879;0
738482;0
740349;3
743127;0
746037;0
746916;0
747610;2
747857;5
748712;0
752013;2
752690;0
755516;0
756229;0
756504;0
757130;6
759058;2
760927;0
761575;0
762288;0
762474;8
766942;850
767107;0
767590;2
768863;0
770183;8
770191;0
771382;0
774448;0
774464;0
774510;0
774944;0
774952;10
775436;0
775568;0
776416;0
776798;0
777574;1
778508;318
784359;0
785938;0
786411;0
786691;0
786701;10
786856;0
787841;0
789348;0
791293;0
792363;10
792958;0
795353;400
799726;132
800969;6
801810;0
802048;15
802328;0
802638;0
802670;0
803574;0
803860;1
804791;4
805133;0
805174;0
809870;0
809896;0
810185;0
811807;0
811990;55
815756;0
815772;0
815799;0
815829;0
815900;0
815942;0
816680;0
816833;0
816868;0
816876;0
816930;0
816949;0
817007;0
817066;0
817082;0
819417;0
819603;0
821620;0
822101;0
822886;0
826085;3
828548;0
829146;0
829374;0
829379;5
829943;0
829951;0
829960;0
829986;0
829994;0
830216;0
830224;0
831384;0
832596;166
832740;0
833469;6
833878;0
834893;0
839975;0
840285;2
840661;0
841413;0
844076;1
844904;0
845982;3
846988;0
847798;0
848239;0
850491;9
853404;3
854793;0
855922;0
856967;3
857173;0
857211;0
858588;0
859249;0
859931;0
861146;0
861540;2
862099;0
862171;7
863688;0
863734;5
863742;6
863823;20
864741;0
865605;0
865613;16
865680;0
866242;0
866695;89
866830;0
867640;100
868000;0
868124;0
870250;152
871150;0
871338;0
871664;0
876054;2
876918;0
878936;0
883716;0
884636;3
884995;0
885052;0
885274;29
885576;2
885967;9
889636;0
889784;0
889814;0
889830;0
889865;0
889946;0
890324;0
890405;0
892866;88
896494;0
896594;0
896994;5
897728;0
901377;0
901449;10
907364;0
907367;0
907383;0
909706;0
909754;6
910848;0
912352;38
912387;93
912395;40
912482;2
912930;0
912999;0
913774;0
914053;5
916211;5
917750;3
917869;0
918631;0
918989;10
918997;0
919349;11
926077;4
929195;0
930315;0
932451;3
936154;0
936570;0
937231;0
939190;15
939591;0
940022;10
941631;12
942480;0
942919;6
943868;0
944297;0
945341;8
945623;4
946937;0
947559;0
954753;0
957614;6
958655;6
959670;0
960931;0
960962;1
971600;0
971770;0
971791;0
972703;0
973757;30
975055;0
976449;0
976551;5
981141;0
982669;202
983706;2
985074;0
987727;0
988001;3
992305;0
994271;0
995037;0
996652;0
996874;203
996912;0
997048;0
467;7
6326;0
7434;0
14592;0
14891;0
15508;0
15883;0
16140;0
18175;0
22778;0
22806;0
22824;0
22850;0
22856;0
23016;0
23040;0
23056;0
23075;0
23121;0
23293;13
23432;0
23459;0
23480;0
23481;1
23497;0
23516;0
23640;0
23706;0
23727;0
23730;0
23732;0
23733;0
23823;0
23900;0
23910;82
23912;0
24040;0
24232;0
24234;0
24362;0
24388;0
24389;0
24416;0
24468;0
24483;0
35319;21
59404;2
91558;6
100969;0
101034;0
101035;8
101041;0
103434;0
104325;1
104326;6
106045;0
107159;0
107199;0
107281;0
107282;0
108566;0
108571;0
109295;0
109623;0
110302;0
110404;0
110763;0
112305;2
116700;8
117617;4
118222;0
118273;3
122670;0
132390;0
153141;0
162370;0
166022;3
166057;12
176583;4
177490;6
179116;1
181331;0
190368;0
199345;0
199907;0
210978;0
213373;0
221481;0
221724;0
222666;0
226882;1
226890;0
231460;0
235121;18
235130;0
235148;7
235237;0
235253;6
235288;0
235318;0
235326;0
235865;0
235946;0
235954;5
236420;4
236543;5
236560;0
236586;8
236896;0
236993;8
237051;5
237132;4
237230;6
237248;0
237388;0
237426;0
237442;0
237817;0
237850;0
238287;0
239658;0
240990;0
241202;130
241768;0
241784;0
241954;18
247430;5
247448;2
247456;1
253154;0
253170;0
253340;0
253367;0
254843;7
256544;0
267902;15
270444;47
288039;0
302651;0
302697;0
303015;3
303321;0
304358;0
305724;70
305816;0
305867;0
306510;0
306984;0
307324;0
308209;0
308315;6
308323;6
308447;0
309176;0
309303;10
309371;0
309373;0
309853;0
311211;0
311643;0
312245;0
313984;0
314000;0
316815;0
318050;0
318412;0
318413;2
319283;15
319325;0
320932;2
320934;3
321050;0
322152;0
322745;0
322779;0
322816;2
324709;0
326741;0
327161;5
327162;2
331034;0
331842;17
332460;0
332638;0
332895;0
332898;0
333139;0
333142;1
335478;0
335853;11
338951;4
338953;0
338978;1
338995;0
341716;25
342646;0
343716;8
344311;0
344825;0
345797;0
346943;2
347372;7
348547;0
348908;5
349135;0
350095;0
351664;0
352153;2
356010;0
356028;0
356319;0
356323;6
356560;2
362679;248
368064;0
368223;0
368806;0
370102;0
370118;0
371163;0
372047;6
372556;14
372558;18
372561;29
372565;0
372726;2
373909;98
373941;0
374794;0
375277;0
375298;0
375518;0
376624;2
376799;0
376801;2
376803;0
377224;0
377573;0
378462;7
379016;36
379017;18
379021;10
379202;4
379214;0
379418;3
379427;10
379763;0
379768;0
379769;0
379774;0
379802;0
379860;0
380315;0
380427;0
381858;11
381860;29
381883;200
382189;6
382213;0
382526;0
383363;11
383408;9
383898;3
383978;0
384050;0
384268;0
384790;5
385173;10
385518;0
385763;0
387456;0
387474;0
387944;5
387982;0
388630;0
389521;0
389793;6
389798;10
390036;0
390212;35
390229;4
390407;0
391153;0
391223;6
391412;0
393209;0
393275;0
394438;0
394442;0
394443;0
394446;8
394448;0
395009;0
395152;2
395756;0
395855;0
396265;0
396624;0
396789;0
396968;0
397351;0
397944;0
398687;0
399177;0
399532;0
399800;0
400127;8
400223;10
400762;0
400809;0
401502;0
401659;0
402011;0
402408;0
402491;1
402897;2
402898;0
403362;0
403748;0
403785;33
403826;0
403979;9
404467;10
404469;0
404479;0
404721;0
405463;2
405541;7
405547;2
405565;3
405567;0
405570;3
405573;17
405575;2
405581;6
405583;0
405587;0
405590;0
406044;2
406214;0
406439;2
406517;0
407295;0
407332;0
407702;0
408332;0
410604;0
410623;8
410819;0
410890;0
411857;0
412515;4
413157;0
413558;0
415944;0
417589;5
419392;0
419776;0
419777;0
420016;0
420594;34
420700;21
420727;16
420743;0
420760;12
420778;47
421294;0
421308;0
421316;10
421355;0
423092;0
424694;7
426084;0
426121;0
426845;19
426979;0
429629;0
431977;0
432085;0
432502;0
432782;0
433077;4
434873;2
435359;0
436166;0
438940;0
439429;0
441489;12
442641;0
443631;9
447220;0
447946;19
448048;0
449051;0
450133;0
451867;3
455162;0
455721;0
461617;0
461851;3
462823;2
468957;0
471552;0
471555;0
472276;0
472787;10
472967;4
472984;13
474001;0
474240;0
480293;0
480324;0
480448;0
481868;0
481921;0
486101;0
486279;0
487888;0
488342;0
492654;0
492910;0
494736;0
497236;0
501874;0
502931;0
503577;0
515124;15
516279;115
519019;0
520101;0
524719;0
546629;54
549304;0
553980;0
559911;0
567597;0
571336;0
575737;0
583564;0
586718;4
592247;0
592608;0
598086;1
607720;0
607738;5
621480;3
621536;62
622125;22
628905;6
628913;0
628948;0
636606;178
636790;6
641448;0
644838;0
645966;0
648850;0
649686;0
650625;0
651486;0
652156;1
657606;6
657875;5
658804;2
658867;0
664554;1
669237;0
669792;0
671207;2
671886;0
673285;0
673552;10
673668;0
674044;0
674443;0
682454;0
682470;0
682748;2
695041;93
695904;0
696099;0
708267;0
710571;0
731951;0
731960;0
731978;0
735221;0
736260;0
746991;7
747378;4
749702;0
761486;0
770183;0
770191;0
773863;0
780340;12
799726;0
802899;13
832596;0
855922;0
866695;0
875244;0
910228;0
912387;0
928400;0
962714;0
964586;4
971770;0
981141;0
983706;0
987727;3
996652;0
1107;0
2346;0
2464;0
2477;0
2564;0
2973;0
3924;51
4869;0
4891;0
5542;0
6426;0
8043;0
12714;0
13571;0
14102;0
14119;0
14459;1
14677;2
15325;0
15328;0
15475;0
15479;0
16429;0
16761;12
18885;0
19365;8
19440;0
20283;0
20353;0
20663;0
20744;0
20773;152
22774;3
22788;0
22790;0
22791;0
22793;0
22798;0
22816;0
22822;0
22844;0
22858;0
22887;0
22893;0
22902;0
22923;0
22930;0
22936;0
22960;0
22984;0
23098;1
23125;0
23127;8
23130;0
23135;0
23136;0
23144;0
23147;0
23148;0
23161;0
23164;0
23202;0
23232;0
23294;0
23301;0
23314;0
23315;0
23319;0
23323;0
23429;0
23436;0
23446;0
23465;5
23476;0
23502;0
23503;0
23504;0
23505;0
23535;0
23544;0
23548;0
23555;0
23560;0
23569;0
23570;0
23572;0
23636;0
23650;0
23666;0
23699;0
23702;0
23713;0
23725;0
23745;0
23748;0
23749;2
23761;3
23769;0
23808;0
23858;0
23859;0
23865;0
23877;0
23882;3
23886;0
23894;0
23900;0
23909;0
24221;0
24242;0
24304;0
24377;0
24477;0
24486;0
24494;13
24517;0
24607;0
24608;0
37389;2
54045;0
55671;0
57683;0
62519;0
97902;0
100767;0
100768;0
101534;0
101787;0
101821;0
103892;0
103905;0
104091;0
104096;175
104097;0
104098;0
107043;0
107798;2
108441;0
109805;2
109892;5
110056;0
111666;0
111723;2
113778;0
115019;0
117705;27
120340;0
121347;0
135635;0
140942;10
150150;2
152196;0
152374;0
156710;0
158798;0
164020;9
164720;2
166396;0
170745;1
171257;0
174320;155
181161;0
183547;0
184678;5
185906;22
193380;0
194131;0
198846;0
199345;11
218901;0
226831;9
226890;0
226904;0
227129;100
227137;0
228885;0
229679;0
230006;0
231738;0
232858;25
234303;0
240983;0
254360;18
258849;0
258903;0
260479;101
265889;0
280972;28
295028;0
300029;0
300535;0
302662;120
304235;0
304303;0
306562;1
306566;615
307067;4
307116;0
307151;0
307261;3
308650;0
309894;1
310625;4
311546;0
313214;11
313215;10
314124;0
314639;0
314857;3
315835;6
316825;0
317190;0
317224;0
317898;0
318147;0
319478;0
319495;0
319507;1
320692;0
320785;0
320925;0
321885;0
321897;18
322008;0
322032;1
322088;5
322280;3
322300;2
322598;0
322610;0
322683;0
322684;0
322689;0
322898;14
323241;0
323420;2
323830;2
324146;20
324147;4
324154;0
324190;18
325028;0
326078;0
327051;2
329370;0
329394;0
329881;0
330210;0
330802;0
330948;0
331241;0
331488;0
332322;0
332410;7
332484;0
333831;1
333877;0
334118;2
334549;0
335402;0
336094;2
336368;0
336493;0
336928;0
336968;0
340166;0
341237;1
342544;0
343593;0
343908;0
343913;0
344233;0
344307;0
344792;0
344987;0
346788;0
347359;9
348949;7
349160;0
349999;0
350527;0
351639;0
355232;0
355967;20
356674;0
356676;0
356757;0
357121;7
357371;13
357372;0
357961;0
358114;0
359941;3
359942;2
361284;0
361500;7
362146;0
362372;3
363048;0
363851;0
363868;0
365797;6
367003;0
367750;25
367776;0
368162;0
368302;0
368937;500
369020;34
369051;5
369133;7
369211;3
369956;2
369974;0
370139;0
370504;0
371109;0
371377;0
371600;0
371860;4
372073;0
372219;2
373300;0
373440;0
375168;0
376083;0
376250;0
376356;0
376681;0
376729;0
376999;0
377336;0
379500;13
379645;0
379847;0
380248;0
380276;0
380363;2
380463;0
382233;2
382492;0
382891;0
385290;2
386210;2
386506;0
386678;0
386968;3
388250;2
388251;0
388269;0
388640;2
388705;0
388731;2
388814;10
389301;2
389317;0
389466;0
389840;6
390612;0
391040;0
391046;180
391214;11
391370;0
391381;27
392278;0
392285;0
393193;0
393466;0
394069;0
394777;0
395163;0
395188;0
396150;0
396184;0
396214;0
396338;8
396387;0
396579;0
396664;6
396966;0
397130;0
397210;0
397321;0
397620;0
397920;0
397997;0
398998;0
400136;100
403874;0
403875;0
404721;0
405467;10
405473;6
405727;0
406584;0
408279;0
408976;0
409166;0
409388;0
411040;0
412832;0
414170;0
414760;1
414867;4
415441;0
417589;0
417872;0
417930;0
417932;62
418672;0
418766;0
418783;2
419082;0
419123;1
419494;18
420276;3
420279;3
421060;0
421290;0
421409;17
421429;2
421432;0
421821;0
421937;0
422050;3
422126;0
422622;4
424021;2
424328;0
424380;3
424389;1
424460;0
424761;0
424767;0
424768;0
424862;0
425601;0
426530;2
426813;1
427778;0
428134;0
428187;5
428600;0
428812;0
429185;0
429362;0
429603;0
430486;0
432030;0
432452;0
432457;0
432516;2
432518;0
432649;24
433158;0
433197;0
433313;0
433498;0
433579;10
433827;0
434672;0
435069;125
435075;14
436420;0
436768;0
436830;2
437024;2
437025;0
437424;0
437436;2
438580;0
440096;0
440360;0
440532;2
441281;4
441946;0
442023;0
442122;4
442246;0
442551;2
442783;0
443246;0
443279;0
444704;0
445046;0
445752;9
446226;1
446348;0
447386;0
447640;23
447658;0
447940;0
448086;53
448340;0
448396;0
449127;6
449743;24
449744;9
449793;0
451394;0
451434;42
453580;0
454321;2
455469;2
456163;4
456828;0
457367;0
458034;0
458544;0
460343;0
460735;0
461169;0
461373;0
462237;0
463228;15
463363;0
463406;0
463407;0
463519;0
463827;0
464822;0
464824;0
465183;0
465655;3
465767;0
466051;3
466533;4
466764;2
466981;0
467675;0
467678;0
467679;0
469262;0
469392;0
469590;0
469756;3
469766;0
469779;4
469820;0
469822;0
469824;0
470355;0
470833;4
471029;0
471093;0
471240;0
471414;8
471425;29
471427;7
471430;0
471432;0
471440;0
471441;0
472423;0
473158;0
473330;0
473845;4
476455;5
478272;0
478407;8
478512;27
478822;0
479367;2
481261;2
481525;0
481648;3
481850;0
481870;1
481871;5
481937;4
481996;11
482000;0
482390;0
483405;2
484039;3
484313;2
484314;3
484384;4
484538;0
484820;0
484829;1
485553;0
486234;2
486288;0
486827;0
487007;9
488224;0
488705;0
490893;8
492073;0
492461;0
493188;0
493276;0
493710;0
494460;0
494785;0
495965;2
497948;0
498286;0
498558;8
502184;0
503446;2
503562;0
505709;26
505711;16
507527;0
508511;0
510134;0
510404;0
510557;0
511190;0
511769;0
511771;0
512001;0
512558;0
512834;0
512893;0
512931;0
513202;5
514004;20
514110;90
515765;0
515846;0
518948;300
519405;50
519413;0
520039;0
520353;2
522068;0
522274;8
524166;50
524190;130
524561;0
525580;0
527492;0
527688;0
528882;0
530366;0
530390;2
530674;0
532400;1
533204;0
533560;0
533563;0
533615;0
533787;2
533788;0
534076;0
534156;0
534160;0
534163;0
534164;0
535642;3
535959;1
537084;2
537535;0
537705;0
538996;3
539806;2,5
544602;0
545847;0
545894;290
545939;2
545962;7
546173;0
546211;0
546442;0
547363;0
552392;10
552394;8
552397;0
553187;0
553377;2
555160;0
555856;0
555915;0
556474;4
556689;0
557899;10
560666;0
566273;0
566275;1
570066;0
572817;11
572850;1
573177;1
573545;0
574834;0
578065;0
578076;0
578707;2
581364;1
582519;0
582600;2
582801;8
582835;0
583338;0
584205;0
585408;0
585424;0
586704;0
587647;0
590627;0
590660;4
591064;2
591823;0
592169;0
595032;2
598925;4
599607;0
599627;3
599630;5
600091;0
600393;0
600407;15
601012;0
602132;0
602140;0
605123;0
606570;187
606901;0
613002;1
614351;0
614416;0
614475;0
616990;0
618241;3
619302;0
629905;0
630578;0
631345;0
639908;0
640077;0
640564;0
641987;0
649061;2
656941;0
660300;0
661570;0
665487;2
669733;0
671991;0
672017;5
674257;0
677043;4
678660;0
681830;1
684012;2
694053;1
698016;0
705292;6
719592;0
719956;2
723409;7
726988;0
733288;0
733393;2
736124;0
737275;13
738425;5
738433;0
742201;0
743127;0
756202;25
772143;0
773719;10
780331;9
780731;1
801810;30
802328;0
802900;31
813990;0
815617;0
817039;0
831468;0
831573;0
833229;0
847798;2
858223;0
859184;0
859230;0
859249;6
859931;0
866849;6
867209;0
867454;0
868680;0
871648;0
873012;0
876261;3
885223;0
886543;4
905597;0
910813;0
912506;0
912721;0
912730;0
923149;0
941116;0
946508;2
950106;0
954804;6
974488;4
985252;5
988588;2
989940;0
3791;0
20289;0
22931;0
23185;0
24193;0
24229;0
24505;0
106430;0
356249;0
366044;0
419661;0
424761;0
424767;0
424768;0
424772;0
434471;0
437715;0
437881;0
441257;0
442017;0
442023;0
456542;0
457366;0
459868;0
460415;0
475028;0
475030;0
481400;0
482861;0
493828;0
497601;0
497602;0
498558;0
509198;0
549519;0
614227;0
646920;0
865613;0
890162;0
890170;0
3214;0
21715;0
22958;0
24216;0
24593;0
53126;11920
62188;0
67978;0
71163;0
71191;15
80425;0
85372;24
106094;0
243370;0
286389;0
323653;0
326665;0
329612;0
344419;1140
350303;0
350798;31185
351671;0
352467;0
352983;0
353011;3750
368012;70
369443;0
369600;0
373374;0
377594;0
378838;19
379096;0
386248;165
386634;13770
390920;9670
395811;0
401321;50
402735;5495,577
403042;0
404853;0
404896;750
405666;0
412658;17160
416995;0
416996;0
421706;84
426198;0
430296;1
431851;750
434163;0
434164;0
437088;0
437091;850
437096;0
437099;0
440575;0
440578;29
440580;0
440593;0
440597;0
440600;1900
440611;500
441583;0
448165;0
453795;0
455216;25
455220;0
455256;1
455257;1
455265;3
455267;0
455268;45
455884;0
458429;220
459714;0
468541;4890
469589;1000
469941;0
477923;0
484849;0
499702;0
507239;0
509796;0
512404;550
516244;3140
522004;6180
522032;0
526701;0
530744;0
537145;7300
556632;50
558904;0
560991;540
564184;0
574047;0
582063;0
592283;0
602278;10000
626988;3125
670820;0
670847;0
676870;0
680033;0
748577;0
798541;0
799792;0
807744;0
815164;770
838632;0
840645;0
903899;0
916708;950
920812;0
936660;0
952280;3
986946;0
8155;7
13957;0
14251;25
15774;0
16494;0
16806;0
22958;0
23286;0
23628;0
24222;0
24538;0
123758;0
133875;0
220314;0
226246;0
241743;0
243884;3
291560;0
308458;0
317977;0
320464;19
321466;0
329880;0
330841;3
336643;1
337247;19
343517;0
344973;0
354776;0
357662;0
357962;0
361140;9
367011;0
367480;10
367573;0
369295;0
371810;0
380222;2
388666;1
401244;0
402050;0
402917;4
406471;1
407066;1
407140;0
408883;1
411079;7
416250;0
417188;0
419419;0
420011;0
426695;1
441933;0
445030;0
446595;4
466433;1800,4383
469001;5
469572;0
478920;0
485303;0
492582;0
497625;40
498104;0
499214;0
511773;0
525243;0
527388;1
529877;0
538960;20
538968;20
552988;0
586350;0
596560;2
599090;460
664987;40
665029;0
688745;0
710415;0
722576;40
724190;12
781543;1
799572;0
814783;1
864930;40
900397;0
921123;0
957513;40
962664;0
4262;0
4263;0
5022;0
14011;0
14693;0
14735;0
15403;0
15406;0
15446;0
15447;0
17688;0
24604;0
47672;0
48176;0
48198;0
56261;0
58531;0
62552;0
77965;0
79523;17
81589;609
81591;0
82429;136
82431;136
83504;0
83913;0
83914;0
83923;0
83929;0
83931;0
83932;0
83934;0
83936;0
83938;0
83940;25
83943;5
83949;0
83951;0
83952;0
83960;0
85315;0
85323;0
85326;0
85328;0
85330;0
85333;0
85334;0
85335;0
85337;0
85339;0
85343;0
85371;0
85372;10
86019;105
86021;59
86022;37
86023;50
86028;76
86034;68
86035;78
86036;53
86041;99
86042;52
86055;0
86056;6
90213;0
100581;0
102988;2
103188;0
113467;0
121603;0
122766;0
125694;0
140813;0
140821;0
140899;0
144282;1
145327;0
146625;0
146856;0
151947;0
155934;0
156427;0
158938;0
161047;0
163833;0
168993;0
169863;5
171557;0
171581;0
171590;0
171603;0
172424;0
173243;0
176858;0
178288;0
179129;0
185183;0
187080;0
187407;0
189722;0
190534;0
190810;0
190829;0
190845;25
190853;0
193530;0
195247;0
205571;0
211507;0
219998;0
220230;0
222196;0
222542;1095
226971;0
228940;49
232620;0
232784;0
243733;0
244910;0
248304;0
249131;0
251818;0
254222;0
254845;1296
258201;0
258648;0
261166;3
265134;0
267493;0
268094;0
270918;0
277790;0
280877;0
289395;0
293213;0
297691;0
301340;0
301347;25
302538;0
302666;0
302668;0
302669;0
302744;0
306168;0
306376;6
307069;0
307224;58
307479;0
309287;0
310882;0
311118;0
311467;0
320603;0
320881;0
320917;0
324415;0
329466;0
333739;0
334808;0
335166;0
335168;0
335170;0
340149;0
340171;0
341274;0
343293;90
344878;0
351834;0
351839;0
352290;0
353111;0
354077;2
354312;0
354403;0
354727;0
355047;3
355481;0
355482;0
355483;0
355484;0
355485;0
355486;9
355487;0
355489;0
355844;0
356158;4
359069;0
359962;0
359972;0
360731;0
360733;8
362884;1049
362932;1211
363270;0
363689;0
363691;0
363770;0
363771;0
363820;0
363948;0
363949;0
364657;0
364745;0
366119;0
366133;32
366141;0
372927;0
374667;0
374946;0
375444;0
376856;0
377283;300
377419;200
377420;81
377421;36
377423;60
377424;221
377425;0
377427;0
377455;0
377456;0
377458;0
377459;2600
377460;0
377461;49900
378942;0
380198;0
380336;0
380337;0
380401;1
380648;0
380650;0
380651;0
382525;0
382565;0
382567;0
382568;2
382569;4
382576;0
382578;0
382579;6
382746;0
383289;0
383297;0
383387;0
383612;0
383620;0
383622;0
383833;0
385198;1
386148;38
387000;0
387007;2
387026;0
387027;0
387028;0
387079;0
387082;0
387095;0
387101;0
387102;0
387475;14
387483;0
387791;0
387792;0
387793;0
387818;0
388051;0
389306;0
389330;0
391264;0
391404;0
392072;0
392366;0
392373;0
392641;3
392647;0
392648;0
392649;3
392653;10
392655;0
392657;10
392680;3
392683;4
392686;7
392687;4
392689;0
392710;3
392713;2
392714;0
392716;0
392719;0
392720;0
392725;0
392749;0
392752;0
392754;0
393387;0
393400;0
393402;0
393533;0
395603;0
395673;3
395904;0
395905;5
396018;0
396019;2
396681;0
397357;0
399735;0
400669;0
401297;0
401625;0
401901;0
402756;0
402758;0
402759;0
402760;0
402763;0
402764;0
402780;96
402939;0
403022;0
403100;0
403106;0
403200;0
403204;0
403212;0
403287;0
403293;0
403338;0
403340;0
403347;0
403383;0
403384;0
403386;0
403387;0
403396;0
403398;0
403402;0
403403;0
403844;0
408846;0
409121;0
410210;0
415371;0
415409;0
415412;0
415454;0
415823;0
415824;0
415826;0
415832;0
415833;0
415834;0
415835;0
415838;0
415840;0
415841;0
415843;0
415845;0
415846;0
415848;0
415849;0
415851;0
415852;0
415853;0
415854;0
415858;0
415859;0
415861;2
415862;0
415865;0
415962;0
416024;0
416025;0
416026;0
416027;0
417500;0
419287;0
420268;0
420907;0
421768;0
422891;0
423945;0
427694;0
427856;0
427857;0
427858;0
427859;0
427863;0
427864;0
427869;0
427872;0
427873;0
427874;0
427879;0
427881;0
427883;0
427885;0
427886;0
427887;0
427897;0
427901;4
427903;5
427904;0
427905;0
427907;0
427909;0
427911;25
427912;26
427914;17
427915;0
427917;0
427921;0
427923;0
427954;0
427955;0
428001;0
428002;0
428003;0
428008;18
428009;48
428010;0
428011;27
428012;60
428013;13
428014;0
428015;0
428016;36
428017;44
428022;0
428044;17
428045;39
428046;0
428047;10
428048;0
428049;0
428050;0
428052;0
428053;0
428055;2
428056;0
428057;0
428058;0
428059;0
428063;0
428064;0
428065;0
428066;0
428071;0
428077;0
428079;0
428082;0
428084;0
428085;0
428089;0
428090;0
428091;0
428092;0
428093;0
428105;0
428106;0
428107;0
428110;0
428166;0
428168;0
428169;2
428170;0
428174;0
428179;0
428206;0
428207;0
428208;0
428209;0
428211;6
428212;0
428214;0
428215;0
428216;0
428217;0
428218;0
428219;0
428223;0
428224;0
428225;0
428226;0
428227;0
428228;0
428229;0
428252;0
428254;0
428259;0
428260;0
428261;0
428262;0
428263;0
428265;0
428266;0
428267;0
428268;0
433160;0
433187;0
439063;0
443255;0
443263;0
444154;0
444464;0
444529;0
448505;0
448511;0
448512;0
449023;0
449026;0
450009;0
450016;0
450017;0
450461;0
450462;0
451570;0
451573;0
451616;0
453601;0
454355;0
454358;0
457920;0
458869;0
458870;0
458871;0
458875;8
458876;17
458877;0
458878;28
458882;0
458883;10
458924;1
458925;0
458926;0
458927;0
458928;0
458930;0
458931;0
459023;0
460762;0
463268;0
466275;0
466277;0
466282;0
466283;0
466284;288
466288;0
466292;0
466299;0
466304;0
468849;0
469870;0
469879;6
471543;0
471775;0
471776;0
473486;0
473527;0
474796;0
475687;96
479488;0
480623;0
481650;0
481651;0
485238;4
485246;0
485320;0
485397;10335
485413;0
485428;0
486209;0
487292;0
487849;0
488550;0
488809;0
491386;6
492169;0
492209;0
492520;0
492525;0
492527;1
492528;2
492530;0
493269;0
501937;0
506178;0
507834;0
507837;0
507839;0
507858;0
509808;0
510374;0
515271;0
515443;5
516788;0
519533;0
519569;0
523656;0
523659;0
523661;0
523662;0
523663;0
523691;0
523722;0
523799;0
523800;0
523802;0
523803;0
523804;0
525432;5
525435;5
527594;0
527595;0
527596;0
527597;0
527601;10
527606;5
527607;0
527608;5
527609;1
527627;0
527655;3
527656;4
527657;0
534861;8
534863;25
534864;13
534865;45
534866;20
534867;23
534868;5
534869;19
534910;20
534913;9
534922;12
539095;0
542995;0
545013;0
545063;0
547370;0
547380;0
553033;0
553037;0
555475;0
556397;0
556411;0
556417;0
557352;0
563768;0
563774;0
563775;0
563776;0
563777;0
564157;0
566676;0
567660;0
568654;0
569373;0
569374;0
571006;0
571009;0
571021;0
580246;0
585913;0
592517;0
593213;72
593215;0
593376;0
606975;0
610544;0
614513;0
615085;0
616777;0
618148;10
618926;100
625396;0
625738;0
629740;90
630112;0
633695;0
641210;0
641266;13934
653014;0
653497;0
655391;0
656067;0
656370;0
659832;0
663252;0
668348;0
669674;0
674692;0
685808;0
686328;1728
686379;0
686395;0
700299;0
701942;0
703333;0
703741;0
706523;1046
708329;0
708721;0
709007;0
709326;0
716678;0
718940;0
721268;0
730355;15072
741999;0
744046;0
745987;3
747626;29200
748114;0
750083;0
750520;0
753396;0
754634;0
754897;0
757292;0
760285;0
760379;0
762318;0
763706;0
765180;0
765813;0
766351;0
769868;0
770670;0
771026;0
778826;0
778834;0
785520;777
785539;0
785547;718
785571;0
785580;0
785636;0
785709;0
785717;0
785725;0
786500;0
787093;0
789360;0
789932;3456
794539;0
797468;0
797791;0
799296;0
800334;0
804012;0
806733;0
807389;0
809500;0
810654;0
810878;0
810916;0
810924;0
811193;0
817018;0
817077;0
824210;0
830402;0
834300;0
834343;0
834424;6
834984;0
838142;0
839132;0
843037;0
845183;9
846163;0
852862;89000
854999;0
862002;0
865214;0
867920;0
867970;0
873407;0
873490;0
874539;0
874748;0
875973;0
879359;0
883114;0
884391;700
886460;0
886829;0
888222;2
889191;0
892639;0
895638;0
899267;0
901005;0
902556;0
905125;0
909111;0
912875;0
914003;0
914088;0
925421;0
927397;0
931088;1728
936480;0
936499;0
936510;7
940437;0
945484;0
946001;0
946986;0
948772;0
953934;0
956756;0
956853;220
969080;0
971545;0
971867;0
979722;0
990221;0
4181;0
7508;0
13472;2
16516;0
22935;16
57268;0
58116;0
58121;0
58207;0
58937;0
60931;0
61245;0
62080;1
80425;0
81819;0
88887;0
101916;864
103766;0
103774;0
103776;0
123441;0
132989;0
143120;0
145965;0
154052;0
209026;0
220280;0
225286;0
227685;0
233670;0
237202;0
246182;0
246476;0
246514;0
246603;2
246794;0
246832;0
255030;0
256900;0
268674;0
290432;0
290513;0
290530;0
290556;275
301151;0
302350;0
306297;25
309103;0
311994;0
311997;0
317639;0
319863;0
323653;0
326004;0
326266;0
329995;0
333748;0
334673;0
342303;0
350798;0
353859;0
361178;0
364624;10
365215;0
365602;0
368085;0
370032;0
370177;0
371497;0
371713;0
371942;1
371943;0
371945;34
372136;0
372140;0
375458;0
378002;47
378195;41
380384;0
381537;0
382858;0
386240;0
388066;7
388164;0
389126;0
389379;0
389381;0
390868;0
394402;0
394406;54
395850;0
396205;6
402978;0
410962;0
414808;0
416394;1160
419287;978
426056;0
426078;611
426096;0
426098;0
426099;0
428399;0
428400;0
437218;0
438940;0
439011;0
439012;2
439013;0
440576;0
440578;0
440580;0
440593;0
440597;0
440598;0
440600;0
440611;0
444251;0
444965;21
447189;0
450500;0
450533;0
453795;0
453801;0
455216;0
455220;0
455255;0
455256;0
455257;0
455265;0
455267;0
455268;0
455766;0
455767;0
463497;0
465247;24
469589;0
472620;0
474190;0
474994;0
475938;0
481178;0
482269;0
482773;0
483743;0
483763;0
496289;0
507239;0
522863;0
524284;0
524285;0
530592;0
540142;14
550034;0
553518;0
558897;0
558904;0
562742;3
564184;11
566106;0
569691;0
577366;0
577864;0
578881;0
595045;0
598112;0
598117;0
601193;0
601504;0
601516;0
601523;0
601602;0
601605;0
601813;0
613924;0
614300;0
676358;0
680033;6
712896;0
736260;0
739386;0
747770;0
762962;0
769061;1
799792;0
803216;0
807744;0
815164;0
816337;0
830275;0
830518;0
830526;0
839213;0
840645;0
881368;1
890447;8
903899;0
914673;0
916708;0
916749;20
920812;0
925735;0
941476;0
946502;0
952280;0
959763;0
4999;0
5003;0
5004;0
5006;0
6302;23
23026;0
23028;0
23107;0
23109;0
23112;0
23113;0
23114;0
23115;11
23117;0
23118;0
23386;0
24385;0
34410;13
39586;0
58640;0
61776;0
75968;22
75992;57
110626;0
111688;0
199969;0
228800;29
240567;53
249114;1620
287156;32
287210;0
287229;0
287423;0
300234;10
309346;0
310087;0
311668;0
311670;0
311674;5
312392;0
313946;0
318503;0
318504;0
318508;0
318509;0
320035;0
320047;22
320050;0
326671;9
326730;15
328773;1300
328781;900
331090;0
332777;0
339280;0
339568;25
340008;0
344208;0
349408;8
351214;0
352458;0
353605;0
368831;804
377138;32
378068;0
380455;0
382051;0
382373;0
382933;0
386642;0
389347;0
389348;0
394494;0
394495;0
397020;0
404725;14
404726;32
404727;42
404728;12
404729;4
404731;20
404732;10
404733;46
404737;35
404738;38
407919;0
408650;1000
418143;0
418227;33
426458;0
431508;0
443035;2
444130;0
444799;0
450696;0
453862;23
456426;2500
456427;6000
459991;0
464316;0
464587;0
464962;0
468924;0
476619;0
478163;126000
478285;0
480280;0
483464;0
492580;32
492955;9
506001;0
528485;0
528486;0
548123;0
571313;214
576299;202
588602;0
608548;8
646970;0
665598;0
728771;0
770299;0
770329;0
782106;31
782114;14
782157;30
782165;0
782173;0
782670;4
782688;0
786056;0
808180;0
808342;1100
839140;794
844904;3
907812;0
907820;12
934470;0
952998;0
970520;0
12538;0
13890;0
14713;0
15856;0
19009;0
20947;0
22348;0
23231;0
23696;0
23917;0
47715;0
68317;0
101980;0
111700;41
125324;0
131011;0
171158;0
186473;0
191179;0
197441;11
208395;0
221260;14
238500;0
243312;0
244430;22
246476;0
252140;0
253496;0
276479;0
286038;0
300428;0
304735;0
306464;0
312513;0
316657;0
321052;0
321917;0
322389;0
324861;0
324919;0
325082;0
325210;5
327092;27
327101;0
327144;4
327209;0
327786;3
328316;16
328448;5
329264;7
329995;0
330656;2
334673;0
336278;0
336867;7
337226;0
339619;15
339626;47
339643;90
341450;0
353649;0
353752;0
355738;0
358054;9
364878;0
366154;10
367300;0
368927;2
368933;2
368999;2
369540;2
369818;5
369953;10
369960;0
370330;0
370813;0
371767;0
373836;0
374186;0
374726;0
374727;0
374788;0
375944;0
378353;1423
379940;130
380530;16
385163;74
388152;0
388524;0
389962;0
392351;0
398522;70
398647;10
398934;0
404109;0
404268;1
405313;0
406355;0
408424;0
408426;5
408669;0
409856;0
410359;0
410768;0
412483;12
412662;0
416394;0
426078;0
437804;0
441015;0
441650;0
446071;400
460049;0
464340;0
465247;0
468769;0
478795;0
481360;0
492581;0
494094;18
510011;0
510851;9
512275;0
515111;0
520010;0
537734;0
541917;0
549835;1
564555;0
564556;1
580787;0
604272;0
606046;0
608955;0
609331;4
609471;0
609528;535
609560;0
609617;0
609730;0
609749;0
609757;0
609811;97
611220;0
614300;0
619116;87
619132;0
620025;0
625787;0
635896;0
641367;0
655388;0
754897;0
768346;0
769916;0
785709;0
792466;0
802670;0
802689;0
818178;6
820059;0
820121;0
820202;0
820229;0
820245;5
820458;0
820563;5
820849;0
821004;0
821101;2
822833;0
830038;0
830488;0
830542;0
831689;0
835756;0
870250;0
895431;0
924752;0
930016;300
941476;0
949645;1
975986;0
989967;0
63451;14
63629;0
67591;0
186202;0
186203;37,03
186230;1475,69
186235;0
186304;0
360302;0
371688;0
443415;0
553614;0
12134;22
56512;0
60931;0
60940;0
63596;576,2
64330;0
64336;24
64363;70
64364;0
64369;0
66909;0
67020;0
67966;0
68597;0
80097;0
80147;672
80291;0
80425;0
83357;0
93300;0
95290;0
95362;0
95478;135
220280;0
306100;0
306105;68
306106;0
306142;18
306177;20
329612;0
353271;0
368677;135
377460;0
377461;0
378907;0
385705;0
387000;20
396681;0
401293;0
420087;0
422086;0
422758;0
429183;0
429787;0
435426;0
455038;0
455167;0
460410;235,2
461103;0
461193;0
461888;0
461889;0
461891;0
462020;0
465406;0
475938;0
475983;0
482269;0
501846;0
506420;0
509796;20
526133;0
530744;858
549021;14,4
549125;0
552970;0
554700;0
554706;0
556632;0
556823;0
558897;196
558904;0
558937;0
559293;38
560377;0
560575;0
560655;336
586462;0
589595;0
595685;118
595687;0
596223;0
596241;208
785717;0
785725;500
786500;30000,012
819263;853
890529;0
896365;0
45719;0
56317;0
57268;0
58121;9
58622;0
62040;0
68317;569
76705;0
78787;0
92952;0
97603;0
103766;0
103971;0
104607;0
116333;0
119919;290
132989;3
135300;0
143120;0
145785;0
145965;2
147149;0
151466;50
164228;0
166551;0
175456;0
179161;0
191163;0
195893;0
204525;5
205430;0
206195;0
214067;5
217932;70
225286;0
227685;8
229901;0
243476;0
246794;0
252793;0
263019;8
269915;0
286544;0
302350;0
304352;0
305324;800
305413;0
313922;0
322808;0
342500;0
352631;0
353001;1000
356095;0
358234;0
358236;0
358237;0
358239;0
358254;0
358255;0
358263;0
358265;180
358268;0
358277;0
358296;0
358329;50
358330;0
358332;0
364485;720
365602;0
372948;0
374163;0
374165;100
374166;0
374167;0
374171;0
374175;43
374176;600
374177;0
374179;0
374181;0
374183;0
374185;0
374186;239
374188;1560
374193;480
374194;800
374197;27
374200;0
374201;0
374203;58
374205;0
374208;84
374209;80
374211;0
374212;0
374214;71
374218;190
374219;300
374222;90
374223;0
374227;0
374228;350
374230;0
374231;600
374232;0
374234;0
374238;0
374242;0
374243;0
374248;0
374249;0
374250;20
374251;90
374260;50
374268;350
374269;370
374271;300
374272;140
374273;180
374274;199
374277;0
374279;0
374280;15
374281;117
374282;0
374291;190
374292;190
374293;200
374294;250
374295;400
374297;350
374298;200
374299;200
374302;170
374310;34
374314;130
375944;0
378312;25
378353;0
381766;0
383837;0
388164;0
389016;0
389019;0
389023;0
395517;0
396213;0
396218;0
396234;0
396271;0
396274;390
396287;0
396288;0
396291;0
396294;0
396295;0
396296;0
396300;0
396301;0
396302;0
396304;0
396307;0
396308;0
396309;0
396312;0
396313;0
396315;0
396316;0
396317;0
396319;0
396321;0
396323;0
396324;0
396328;0
396329;0
396332;0
396337;0
396339;0
396340;0
396342;0
396343;0
396344;0
396349;0
396350;0
396351;0
396352;0
396353;0
396355;0
396356;0
396357;0
396358;0
396359;0
396360;0
396361;0
396364;0
396365;0
396366;0
396367;0
396372;0
396373;0
396374;0
396377;0
396383;0
398312;0
409085;0
409134;33
409169;0
409199;0
409258;0
409268;0
409281;0
409292;0
409296;40
409299;0
409301;0
409302;0
409310;0
409320;0
409339;0
409345;0
409357;0
409377;0
409402;0
409517;0
409675;30
409733;0
409736;0
409744;0
409750;140
409751;0
409767;0
409856;0
410072;0
410074;14
410180;0
410183;0
410200;0
410334;0
410335;37
410336;20
411253;0
411254;0
411255;150
411258;400
411259;300
413874;0
414200;0
414208;0
414221;0
414222;0
414769;0
414772;0
414773;0
414775;0
414804;0
414805;0
414811;0
416870;0
417313;0
421188;60
421220;20
423110;0
423112;0
423336;0
423427;0
423428;0
423436;0
423438;0
423443;0
423446;0
423529;0
423531;0
423571;274
423689;60
423738;34
424371;0
424378;0
424660;0
425523;0
425526;0
426056;0
428141;0
428445;0
428446;300
428695;0
429425;0
430709;0
431072;0
432738;0
436092;0
437781;0
444790;0
448937;0
451320;0
453819;0
462956;0
471001;0
471002;17
482241;300
490616;0
495536;0
495537;0
509194;65
513841;0
516504;0
521160;0
521232;0
523343;0
523643;0
533369;0
536812;0
536817;0
536818;0
544631;0
549487;0
561384;0
562639;0
565347;0
565348;0
565352;170
571399;40
571402;0
571409;0
580787;0
585748;0
595663;60
595911;0
596735;0
599090;900
601382;0
601384;0
601385;0
601516;0
601602;0
601605;0
601813;0
602851;0
610666;0
613379;0
619534;9
638258;0
643650;0
653357;0
674412;0
684986;80
698347;0
700485;70
703965;0
707351;0
733086;0
747770;2
753349;0
770653;0
795786;1
797664;0
797707;0
801900;0
809340;600
816288;0
825091;0
830062;0
831646;450
831697;0
832960;0
852046;0
869266;0
876977;0
898847;0
901844;0
913577;0
918982;1042
919457;120
931242;0
931755;0
937490;0
943850;0
946502;0
952968;0
957511;45
971086;0
972584;6
972592;9
974125;0
992801;0
115266;0
171972;0
385518;0
464873;0
567588;0
592643;0
592885;0
49592;0
58444;0
59080;0
60944;0
62511;0
76231;0
76625;12
82672;0
90121;0
94216;0
96104;1
113729;18
120026;0
122017;2
122033;1
124690;0
133264;0
135123;1
141188;0
141418;0
144376;0
148576;3
149225;0
149241;0
151238;0
152574;0
166237;0
166935;0
171575;0
179059;1
180330;0
182650;0
183831;0
193592;11
195037;13
197339;0
237786;5
243918;7
244168;0
247588;0
247758;5
249767;0
258756;0
261719;0
271712;0
283198;3
286058;0
301622;0
304444;0
304629;0
304630;0
306142;0
306832;0
307334;0
307339;2
307632;0
307633;0
307634;0
308997;0
309211;0
309213;0
309723;1
309776;2250
310170;1
311468;3
311469;0
314179;0
314229;8
320305;150
327452;2
328016;0
330695;0
333560;0
335310;0
340505;8
343561;21
344259;0
344325;6
349907;0
350558;0
350560;0
350609;1
351005;1
352785;0
353235;60
354087;320
354503;0
355456;29
355459;0
355621;49
356767;0
357802;0
358023;0
358064;0
359226;3
360854;0
361048;0
361337;0
362990;0
362992;1
363020;5
363026;1
363505;0
365664;0
366312;0
366432;0
366461;0
368864;0
370875;0
370876;0
371848;0
372624;4
375003;0
375280;0
375283;0
375515;0
375749;5
376646;0
377680;0
378081;0
378880;0
378978;5
379096;2500
379195;1
379198;0
380032;0
380472;0
381264;0
381532;1
381825;0
382496;0
383326;9
383592;4
383750;81
384008;1620
384012;0
384013;20
384061;2200
384417;5
384418;10
384421;5
384457;1
384932;0
387433;1
387637;0
387644;0
387647;0
387740;3
388066;10
388587;0
389944;0
389973;4
390159;0
390450;0
390973;0
391508;0
392562;4
392933;0
394668;4
394691;1
395990;0
395991;1
397594;4
398992;24
400687;0
401873;0
401894;0
402463;2
402471;0
402653;1
403578;0
406702;3
407158;0
407181;0
407323;0
407710;0
407970;0
407971;0
410062;0
410064;0
410065;0
410068;0
410069;0
410077;0
410078;0
410079;0
410081;0
410086;0
410087;0
410088;0
410089;0
410090;0
410091;0
410092;0
411232;2
411282;0
412576;0
413903;0
413931;0
414100;0
416073;0
418600;1
419005;8
419145;0
419383;3
424010;0
424180;0
424233;1
424306;0
426176;4
426187;300
426286;0
428504;0
428966;0
429793;2
430020;200
430069;10
431340;32
431388;3
431392;0
432129;0
435576;0
438530;4
439165;0
439170;0
439171;0
440553;0
440707;1
440708;1
440709;1
440974;0
441359;0
441514;43
441659;0
442656;1
444193;0
444363;13
446470;1
447418;0
448554;3
448557;5
448703;0
450703;0
453495;12
454216;1
455451;0
456723;0
456740;0
460439;1
463162;0
468381;6
468382;9
468383;7
468467;3
468468;3
470059;0
470528;0
471549;2
471736;1
472132;0
474580;0
474603;0
474661;1
474884;0
477585;6
477586;0
477652;4
477725;0
477726;3
477727;0
477763;0
479373;160
479403;0
479626;6
480063;0
480065;0
481545;3
481790;6
481799;2
481814;0
481825;0
482814;5
482939;0
484127;0
484812;0
484991;0
487170;17
488850;1
489651;0
489706;14
492952;0
493545;2
493599;0
493736;0
495591;0
495592;3
496031;4
496612;7
497874;1
498077;2
498078;0
498099;0
498100;1
498101;2
498168;0
499623;0
500669;2
500826;2
503080;0
503411;0
503793;0
503836;100
504917;0
505160;0
505521;5
505835;0
506412;1
506637;0
507509;0
509332;1
509739;0
509796;0
511624;0
512272;0
512299;0
512623;0
513233;5
521780;0
525631;4
525665;0
526375;0
526376;0
526378;0
526396;0
526661;0
527754;2
527931;4
528620;1
528643;0
529163;0
535018;1
536831;1
537894;0
539208;2
539209;2
539545;0
539550;0
539978;0
540438;0
540713;0
540718;20
541076;0
541077;2
541086;1
541089;2
541091;0
541096;1
541097;1
541396;0
541822;0
544222;5
547261;8
549912;0
559166;1
560737;250
561361;0
561518;8
566168;0
566178;0
566180;0
566232;0
566409;0
566410;0
568190;0
569950;1
570656;0
574993;0
576137;0
576394;2
583356;0
586092;1
586445;0
591687;0
597647;0
598251;0
600152;0
600811;0
602127;0
611894;0
618476;0
620273;10
624632;2
630301;14
632877;1
637203;0
638566;6
638612;0
638676;0
645796;9
646467;20
648787;0
653293;2
658392;0
663518;1
665598;80
670043;0
678291;10
696128;0
696226;20
698017;0
700228;19
710309;0
711385;0
711626;2
713146;6
719743;0
721727;11
729918;2
732419;0
739572;67
749741;3
766321;0
768598;0
778452;0
779440;2
779458;0
779466;3
779482;2
782860;1
784997;2
788116;0
799203;0
799270;0
799335;3
799360;1
799394;0
799475;1
799505;0
799513;13
799807;0
799882;2
800046;0
802603;1
802921;0
802964;0
802999;7
803049;3
803146;0
803286;9
803308;0
803405;2
803430;2
803448;4
805335;2
806765;0
809950;0
815020;0
815039;5
815055;6
815101;1
815128;1
815152;0
817562;0
817651;82
818909;0
824321;0
827329;0
838772;0
838993;2000
846306;0
847747;11
848784;7
851159;0
852252;0
852260;600
853321;0
854554;0
860890;2
861315;32
870838;0
872563;1
874507;0
883849;0
890358;0
900807;0
901729;0
904485;0
908802;0
911196;0
928756;0
934683;5
935278;0
954118;0
962161;6
965735;0
966937;0
979881;3
984712;0
984837;1
985147;5
991365;2
6981;0
8282;0,0036
8299;0
9152;0
10229;0
10554;2604,267
11913;0
15715;1651,5925
19808;61
19821;0
20143;0
21782;0
21821;0
21889;0
22038;0
22156;0
22157;0
22158;0
22159;0
22161;0
22177;0
22282;0
22287;0
22289;0
22290;46,1682
22291;0
22293;0
22294;0
22297;0
22298;0
22299;0
22304;1000
22307;22225
22318;0
22320;0
22321;0
22323;0
22324;0
22348;0
22353;0
22380;0
22382;0
22386;0
22387;0
22404;0
22406;0
22414;358,41
22427;0
22449;0
22471;0
22472;0
22502;0
22503;0
22515;0
22517;8906
22522;0
22541;0
22542;0
22545;0
22547;0
22548;0
22552;0
22556;0
22558;0
22563;0
22566;0
22569;0
22571;0
22577;0
22580;0
22581;0
22582;0
22583;0
22584;0
22585;0
22587;0
22589;0
22590;0
22591;0
22592;0
22593;0
22595;0
22596;0
22603;0
22606;0
22609;0
22613;0
22614;0
22617;0
22628;0
22750;0
22755;0
22763;0
22766;214,2546
24131;0
24584;0
24587;0
24947;0
25821;0,8026
26643;558
26682;0
44960;30,7673
55122;8874,46
55161;0
55566;0
56815;0
59166;0
59882;0
61105;0
62900;0
63116;0
63143;9,2398
63157;0
63171;0
63262;1391,074
63464;0
63467;0
63469;0
63470;0
63472;0
63485;0
63639;0
64079;0
64080;0
64081;0
64082;0
64083;0
64085;0
64086;0
64087;0
64088;0
64160;0
64197;0
64624;0
64674;92,4275
65194;0
65195;0
65286;0
65402;0
65426;0
65464;0
65931;0
65981;1382
66174;0
66563;0
66712;0
66774;0
67044;0
67045;0
67106;0
67107;0
67131;0
67143;0
67279;0
67362;0
67382;0
67383;0
67464;4369
67551;0
67747;0
67748;0
67751;0
67752;0
67753;0
67859;21,3678
67867;1424
67923;0
67929;31
67942;701,13
67947;17,1315
67948;47,7376
68238;26,5856
68239;0
68282;0
68283;0
68287;0
68354;0
68355;0
68502;0
68717;0
68727;0
68728;0
68729;0
68731;0
68732;0
68847;0
69012;0
69037;0
69050;33,2743
69064;5360
69065;98
69066;5534
69067;8400
69068;7424
69069;7800
69070;5672
69071;9406
69073;7056
69074;4233,24
69220;70,4624
69222;9,5763
69231;3848
69233;640
69240;5876
69352;0
69356;0
69357;0
69381;10,265
69383;0,1048
69384;4,9206
69385;0
69386;11,4404
69387;17,6834
69403;0,1951
69404;38,1805
69468;0
69572;11
69577;2065
69613;34,404
69614;27,1432
69820;18,3572
69822;1,4638
69823;29,793
69826;30,9524
69827;18,3977
69829;15,1379
69830;17,99
69831;0
69832;6,9481
69967;18,801
69993;0
70021;0
70118;119,7737
70128;1074
70164;0
70168;0
70169;874
70373;0
70896;0
70902;0
70903;58,2196
70924;7,7916
70926;0
70928;0
70929;12,149
70967;0
71156;0
71158;0
71160;0
71178;0
71180;0
71183;6789
71184;8789
71577;9681
71827;0
71836;0
71988;0
72011;0
72020;0
72156;0
72278;0
72349;0
72512;0
72545;0
72548;0
72565;0
72566;0
72626;305,5639
72692;0
72718;0
72721;0
72780;40327,2656
72830;120,6509
72839;0
72841;40,4558
72873;20,35
72883;22172
72896;58,1464
72898;4
73004;97,7224
73055;0
73072;35,4976
73133;0
73135;5652
73158;0
73160;0
73161;0
73167;0
73168;2223
73208;0
73209;0
73239;0
73259;0
73364;0
73456;0
73459;0
73749;0
73791;17,5777
73794;0
73960;0
74170;0
74201;0
74202;0
74203;0
74210;0
75328;0
75348;0
75462;0
75552;0
75553;0
76119;0,2127
76281;6,6092
76346;0
76347;0
76445;176
76447;2
76486;0
76711;2
76967;0
77272;3300
77668;2665
77794;0
77834;1792
77982;10000
78008;5105
78009;5130
78019;4579
78035;12726
78040;71,097
78041;602
78052;12000
78098;2496
78418;0
78474;0
79488;0
79827;180,0427
79893;1231
79897;150,5012
80102;7156
80289;0,1232
80469;5
80485;17513
80486;16976
80513;789
80580;179,9344
80738;9,7789
80972;3082
81101;99,0073
81117;0
81119;1279
81614;90
81972;97,4263
82000;115
82002;0
82383;24
82826;60,0001
83078;306
83700;531
83740;0
83742;11,39
83980;1677,38
84094;54
84407;9393
85038;0
85578;5821
200050;22,865
200506;296,5651
200514;0
200794;0
204609;0
314961;4804
315025;0
315426;0
315663;69,247
318691;0
325119;0
326095;0
326102;0
326103;0
326104;0
326105;0
326106;0
326107;0
326108;0
326109;0
326110;0
326111;0
326113;0
326114;0
326115;0
326117;0
326118;0
326120;0
326121;0
326408;0
326752;0
327456;0
327765;7,719
328490;0
329071;0
332896;5,614
337102;0
338282;0
344105;102,6495
344186;25,9531
354083;17,292
354332;0
356298;1199,287
362628;0
362702;0
362745;0
362746;0
362747;0
362954;0
362957;0
364730;866
368170;0
374018;0
375403;7,865
375560;8000
377533;1116,3764
378969;0
380693;0,7873
380744;14,9816
380745;114,9816
380826;0,123
382627;0
382631;0
384431;0
392936;0
402872;0
403674;0
407064;0
407362;0
407363;0
408790;0
410386;22,6194
418299;0
421600;11873
424266;0
425552;0
425556;0
425557;0
426773;23729
428324;0
428327;0
428332;0
429094;0,16
429353;0
429355;0
431502;506,64
432087;0
433698;0
437249;0
437700;0
437875;0
438294;8093
438898;0
438910;6000
438928;9500
438944;0
438979;0
441170;0
451970;53280,4528
454453;0
454489;0
455052;4132
455056;0
456123;2896
456152;0
456591;0
458040;4734,8315
458171;0,0078
458782;0
459728;0
459729;0
459730;0
459731;0
459732;0
459733;0
460338;0
462665;0
462666;0
462760;0
463022;0
463038;22
463200;0
463201;0
463202;0
463203;0
463204;0
463206;0
463207;0
463208;0
463209;0
463280;0
463906;0
464069;0
466459;0
466461;0
466489;0,0323
468226;0
469746;0
470714;0
471161;5
471658;1162,0544
471672;0
471832;0
471998;0
472499;0
472500;0
472501;0
472502;0
472574;0
473254;0
473339;0
473366;1189
474252;0
475346;0
475520;0
476430;0
477175;0
477197;0
477198;0
477199;0
477377;0
478661;0
478663;0
478818;0
479033;0
480399;0
480400;0
480817;0
482178;0
482179;0
482180;0
482181;0
482182;0
482183;0
482184;0
482185;0
482186;0
482187;0
482189;0
482190;0
482191;0
482192;0
482193;0
482194;0
482195;0
482204;0
482469;0
483218;5500
483219;0
483364;0
484010;0
484214;0
484867;0
484868;0
484869;0
484871;0
484872;0
484874;0
484875;0
484876;0
484877;0
484878;0
485213;0
487828;0
491863;0
491866;0
491867;0
491869;0
491871;4592
491872;0
491880;0
491891;0
491898;0
493003;0
493386;0
493387;0
493388;0
493389;0
493390;0
493395;0
493396;0
493398;0
493534;0
494749;0
495875;0
496855;0
496880;0
497304;0
498254;0
498440;0
500330;0
500585;0
500941;0
502804;28,4564
502966;0
503095;0
503156;0
506361;1,6297
507164;0
507218;0,0205
507890;0
508879;0
509085;0
509324;0
509501;0
509502;0
509503;0
509504;0
509533;0
510792;0
510794;0
510941;0
512562;0
513240;0
513242;0
513280;0
513284;0
513395;0
513495;0
513507;0
518169;0
519399;7,0423
520326;0
520327;0
520328;0
520329;0
520331;0
520332;0
522100;0
522516;0
524021;0
524862;0
524863;0
525128;0
525696;0
525838;0
526222;0
526225;0
526593;0
527275;0
529316;0
529380;0
529804;0
533096;0
533582;0
534278;0
537701;0
538315;250
538484;0
538492;0
539264;1082
539296;0
539442;7
539656;0
540088;0
540776;0
541700;0
541701;0
541704;0
543406;0
543488;0
543904;0
548425;0
551643;0
553246;0
553870;12214
564081;0
567093;0
569243;0
573948;0
575284;0
576139;0
576469;0
578700;0
581925;0
584476;0
584493;0
584593;0
584596;0
585166;19,4573
585279;0
585739;92,686
588529;0
588530;0
588531;0
589832;248
591537;0
593969;0
593973;0
593979;0
594012;0
594013;0
594018;0
594019;0
594054;0
594055;0
594056;0
594058;0
594060;0
594063;0
594068;0
594081;0
594085;0
595065;0
595221;0
595227;0
595228;0
595413;0
596065;0
596340;0
599109;0
599111;0
599113;0
599116;0
599117;0
599118;0
599121;0
599125;0
599126;0
599448;0
599451;0
599507;0
599679;436
600120;0
600241;0
600242;0
896160;12,292
896250;0
959006;0
965383;0
967963;0
981435;106,428
1832;0
8282;0
8299;5,133
9125;0
11574;5768,9
11579;215,8
11581;11,76
11585;0
11595;8,28
11598;0
11633;2233,18
22038;0
22290;0
22307;7000
22309;0
22414;0
22415;0
22421;0
22434;0
22448;0
22452;0
22475;0
22488;0
22494;0
22498;0
22501;0
22508;0
22515;0
22517;0
22524;0
22525;0
22526;0
22553;0
22556;0
22561;0
22562;0
22565;0
22599;0
22602;0
22607;0
22609;0
22637;0
22732;0
22733;0
22766;0
22770;0
24131;0
25367;69,33
40269;0
55628;0
55629;0
55630;0
56886;0,01
63241;0
63899;0
63903;151
63904;0
64655;620764,25
64821;9420,59
65425;4,97
65432;0
65451;8873,48
65989;0
66304;0
66321;0
66344;0
66564;0
66566;0
66568;0
67182;0
67185;0
67196;0
67197;2095,1
67370;12,97
67371;37,35
67631;0
67632;0
67639;0
67778;0
67797;0,03
67826;0
67901;0
67902;0
67930;294,72
67986;642,55
68264;0
68266;0
68267;0
68422;0
68424;0
68434;0
68466;0
68467;0
68498;106,8
68502;1
68503;0
68504;0
68545;0
68916;0
68917;0
68919;0
68920;17969,843
68922;78550
68923;0
68924;0
68931;0
68935;49841
68973;0
69480;23088,5
70032;0
70105;0
70118;0
70126;0
70184;0
70387;0
71127;0
71133;0
72481;0
72482;0
72568;0
72584;8100
72587;300
72773;0
72774;0
72786;0
72789;0
72892;0
73092;31252,61
73095;290,19
73128;39813,8
73129;964,94
73131;47054
73149;0
73150;0
73153;20
73207;331769
73323;67332,807
73740;0
73742;0
73755;0
73756;0
73760;1063
73761;0
73762;0
73773;0
74075;0
74088;92164,449
74089;0
74142;0
74143;0
74145;0
74285;60,03
74363;13960,006
74364;12618,2893
74386;3006
74450;0
74451;0
74509;0
74511;0
74512;1355,22
75064;55,36
75133;0
75267;0
75398;15300
75399;56355
75405;0
75406;1150
75490;0
75491;0
75532;0
75676;0
76046;103406
76353;0
76383;0
76404;63,1144
76712;7355
76797;141,16
76967;0
77098;0
77121;28600
77784;0
78110;0
79864;0
80034;299
80035;1296
80374;305
80524;4000
80525;120
80660;25364,7
80924;34186,0447
80928;136010
80930;99,6
80932;414,813
80952;107,549
80953;10
81025;0
81032;1823
81033;1300
81036;34167
81239;6624,069
81577;735,68
81580;169
81581;0
81584;96,005
81585;0
81586;218,73
81587;70,745
81588;0
81600;237,72
81603;9617,6
81606;14991
81607;569,82
81772;226
81774;172
81830;84,185
81954;893,69
81998;366,918
82046;388,645
82047;67,599
82048;46,73
82073;20,93
82075;0
82178;22,6
82730;5771
83319;80
83539;98,9
83646;0
84242;26,97
84308;172
84532;0
85092;103,74
85140;14223,824
85423;211,5
85516;1169
85735;12024
130605;262,9
200034;1728,5
200050;3725,25
200077;0
200263;796,49
200328;0
200450;844,56
200484;153,79
200506;10341
200670;0,62
200778;35,23
200913;0
202711;0
248819;0
249467;100,5
256757;0
258091;441,97
289450;410,51
308758;995,57
315897;0
316527;0
318691;25
325119;1329,342
327447;0
328490;1122
335131;0
335254;0
335262;0
336700;0
336726;642,92
336777;150
338419;73,9
344105;0
344186;157,97
344447;0
348226;0
348286;1891,99
348401;25,88
348409;0
348410;721,38
352359;0
352875;0
354426;0
355331;0
359308;315,01
363209;0
373320;0
374018;0
375403;604,2
377533;2714,89
378558;0
378815;0
378829;790,62
378832;509,56
378969;122,56
379430;0
380052;0
380693;0
380744;0
380745;0
380826;0
382204;117,26
382539;0
384431;0
385020;0
386451;26,45
394019;10
394023;0
394024;0
394027;0
399505;0
408410;0
416258;0
417969;0
417970;0
423971;1838,48
424266;0
426773;0
430571;0
430907;0
431502;7050
437939;0
439676;0
441170;0
449458;0
450267;14,16
450862;15,42
451450;302,42
451970;59962,35
460338;0
460789;10,8
463038;0
466520;4592,73
467863;860,99
468688;0
468790;0
468791;0
468792;0
470236;14000
470244;16000
470252;0
471658;318,82
471832;0
472658;0
473291;0
473339;333,5
476026;0
476685;0
478661;0
478818;0
480872;0
481758;0
482951;42,18
491858;0
493534;0
493837;0
495520;0
505283;6,49
506259;500218,13
506361;39,2
507119;0
507122;0
507123;0
507629;0
507749;0
511447;0
511566;0
511866;302,11
512559;280,43
517311;0
518009;0
520876;0
520877;0
523897;0
525139;1844,03
525593;297,1
527354;0
528026;0
530539;0
531176;16,8
531682;10364,8
535127;8,96
541254;0
544662;7,68
548022;0
554318;881,84
562707;0
562909;0
562926;65,1
563003;0,08
563004;0
573625;3,39
576168;0
578700;0
582358;9721,28
583361;0
584455;408865,72
585279;0
587521;0
590391;82,09
593977;0
595738;0
658219;1297,76
710555;0
752819;0,8
822892;110,87
838543;569
896160;330,95
963194;0
965383;0
967807;1200
981435;110,68
981460;135,7
1318;0
2373;0
3835;0
12276;0
12277;0
13199;0
15125;0
16847;0
17642;0
18499;0
18500;0
18614;0
18846;0
20143;0
20624;0
20831;0
22157;0
22158;0
22286;0
22287;0
22289;0
22297;0
22298;0
22318;0
22319;0
22320;0
22321;0
22323;0
22324;0
22353;0
22356;0
22358;0
22359;0
22380;0
22382;0
22386;0
22387;0
22402;0
22404;0
22406;0
22427;0
22449;0
22450;0
22466;0
22469;0
22471;0
22472;0
22517;0
22522;0
22541;0
22547;0
22548;0
22552;0
22558;0
22563;0
22566;0
22567;0
22569;0
22577;0
22581;0
22582;0
22583;0
22584;0
22585;0
22587;0
22589;0
22590;0
22591;0
22592;0
22595;0
22596;0
22606;0
22613;0
22614;0
22628;0
22750;0
22755;0
22763;0
22777;0
22843;0
22844;0
22857;0
22871;0
22873;0
22929;0
22930;0
22948;0
22966;0
22994;0
23064;0
23065;0
23084;0
23099;0
23142;0
23182;0
23228;0
23232;0
23233;0
23253;0
23254;0
23255;0
23314;0
23317;0
23343;0
23391;0
23404;0
23405;0
23406;0
23408;0
23446;0
23460;0
23470;0
23495;0
23527;0
23543;0
23544;0
23556;0
23562;0
23565;0
23584;0
23621;0
23631;0
23658;0
23678;0
23704;0
23715;0
23718;0
23727;0
23731;0
23733;0
23735;0
23780;0
23786;0
23788;0
23789;0
23796;0
23818;0
23870;0
23881;0
23887;0
23888;0
24187;0
24212;0
24213;0
24215;0
24238;0
24243;0
24272;0
24273;0
24312;0
24342;0
24355;0
24366;0
24375;0
24377;0
24389;0
24395;0
24419;0
24474;0
24479;0
24495;0
24584;0
24587;0
24606;0
24782;0
24807;0
24835;0
24838;0
24839;0
24843;0
24898;0
24947;0
59166;0
63116;0
65931;2000
66563;0
67045;0
67106;0
67107;0
67279;0
67362;0
67382;0
67383;0
67551;0
67747;0
67748;0
67749;0
67751;0
67752;0
67753;0
68283;0
68286;0
68287;0
68503;0
69352;0
69356;0
69357;0
70164;0
70896;0
70926;0
70928;0
70967;0
71156;0
71158;0
71160;0
72011;0
72278;0
72349;0
72565;0
72566;0
72718;0
72830;0
73150;0
78110;0
81588;0
100341;0
100375;0
101603;0
102607;0
102648;0
102657;0
103033;0
103048;0
103053;0
103399;0
103753;0
103784;0
108055;0
109076;0
110056;0
110404;0
111688;0
113778;0
149845;0
153800;0
207110;0
209350;0
217468;0
224677;0
235946;0
262480;0
268364;0
269506;0
280640;0
280712;0
280801;0
282308;0
283460;0
283860;0
296856;0
297925;0
306510;0
309853;0
310786;0
318412;0
319435;0
321161;0
321736;0
322243;0
322683;0
322684;0
322689;0
323241;0
323419;0
323481;0
323990;0
326741;0
328490;0
332015;0
332016;0
333080;0
335048;0
335949;0
335958;0
335963;0
336752;0
336928;0
337102;0
337601;0
337712;0
339765;0
339775;0
340400;0
340401;0
344901;0
347185;0
350798;0
355232;0
356010;0
356028;0
357591;0
360085;0
360760;0
360761;0
362957;0
363448;0
363456;0
363464;0
367594;0
367599;0
367601;0
367607;0
367749;0
367776;0
368170;0
371600;0
373440;0
377573;0
377719;0
378333;0
378631;0
378640;0
378658;0
380968;0
381125;0
381132;0
382627;0
382631;0
382946;0
383033;0
383257;0
385666;0
385719;0
386678;0
388605;0
389959;0
393153;0
395163;0
399698;0
399799;0
399800;0
402758;0
402872;0
402891;0
402898;0
403521;0
403826;0
403903;0
405014;0
405461;0
405583;0
405666;0
407362;0
407363;0
407833;0
409538;0
410265;0
411227;0
419479;0
419776;0
419788;0
424542;0
425552;0
425556;0
425557;0
426773;0
426979;0
427190;0
428324;0
428327;0
428332;0
428426;0
428965;0
429094;0
429353;0
431369;0
431373;0
431374;0
431375;0
431376;0
432729;0
433498;0
433697;0
435424;0
435666;0
435667;0
435785;0
435787;0
435987;0
437249;0
439087;0
441513;0
441965;0
443234;0
444858;0
448056;0
450648;0
452165;0
455052;0
456043;0
456123;0
456152;0
459728;0
459729;0
459730;0
459733;0
459991;0
462814;0
463200;0
463201;0
463202;0
463203;0
463204;0
463206;0
463207;0
463208;0
463209;0
464069;0
464768;0
466459;0
466461;0
468226;0
469392;0
469746;0
472027;0
472551;0
474221;0
475346;0
475520;0
477198;0
478292;0
480182;0
480457;0
481229;0
481276;0
481364;0
481554;0
481868;0
481873;0
481883;0
484214;0
484692;0
484843;0
484867;0
484869;0
484871;0
484874;0
484876;0
485213;0
487828;0
491880;47000
492388;0
493387;0
493390;0
493398;0
494749;0
495875;0
496068;0
496855;0
496880;0
497304;0
497911;0
502981;0
503095;0
503541;0
505943;0
513280;0
513395;0
513495;0
513507;0
518169;0
520326;0
520327;0
522100;0
524021;0
524862;0
524863;0
525128;0
525696;0
525790;0
526222;0
527688;0
535732;0
537701;0
538315;0
543488;0
543904;0
546690;0
548425;0
551518;0
566107;0
573948;0
575284;0
576139;0
584596;0
586350;0
588529;0
588530;0
588531;0
588619;0
592337;0
593568;0
595228;0
596065;0
596340;0
599448;0
601012;0
612336;1
628913;0
678660;0
679429;0
731712;0
737879;0
774448;0
805396;1
832740;0
855922;0
871338;0
873012;0
910813;0
913774;0
959006;0
962015;0
965324;0
971770;0
975097;0
994063;0
9158;0
22283;0
22285;0
22308;0
22309;0
22430;0
22448;0
22452;0
22484;0
22490;0
22492;0
22494;0
22495;0
22501;0
22508;0
22524;0
22525;0
22553;0
22556;0
22562;0
22565;0
22599;0
22609;0
22611;0
22732;0
200670;0
202711;0
335131;0
335225;0
379429;0
468688;0
480872;0
486655;0
493837;0
528026;0
818550;0
896160;0
5131;3
6195;0
6196;0
19359;0
19376;0
56851;0
58179;0
59958;0
61829;0
61834;0
61849;0
61942;0
61953;0
61995;0
62033;0
62059;0
62592;0
62593;0
62633;0
62803;0
72629;0
72870;0
77289;0
81470;0
83996;0
85269;0
86199;0
89554;0
91593;0
92812;0
94040;0
96301;0
103691;0
108924;0
111791;0
111902;0
113964;0
113972;0
114235;0
115266;0
119123;0
125123;0
126314;0
130763;0
133024;1
134687;0
135232;0
135836;0
135852;0
136049;0
136278;0
137449;0
137645;0
138019;0
141152;0
141889;0
143719;0
148242;0
149491;0
149845;0
151904;0
152872;0
153162;0
153383;0
154238;0
154418;425
156067;0
157137;0
157228;0
157279;0
157309;0
159184;0
159603;0
166348;0
169095;0
169276;0
170860;0
170879;0
170887;0
171257;0
171384;0
171972;0
172316;0
172324;0
172340;0
172359;0
173241;0
174739;0
174963;0
175603;0
177807;0
180915;0
181017;0
182228;0
183547;0
185344;2900
188140;0
188827;0
190101;0
191037;4
192004;0
192600;0
192619;0
192627;0
192635;0
192643;0
195557;0
200005;0
202714;0
203052;0
203280;0
203302;0
205100;4
205830;0
206896;0
207724;0
208311;0
216247;0
219985;0
221285;16
221706;3
223037;0
224153;0
229396;0
231433;0
231450;0
231624;0
231757;0
232024;1
235826;0
236666;4800
237642;0
247730;0
248963;0
250725;0
250983;0
251437;0
252496;0
253658;0
254443;0
259996;0
263081;0
263202;0
264705;2
266796;0
267740;0
268633;0
269448;0
269728;4
270008;0
270972;0
272461;0
275449;0
276889;2
278196;0
280648;0
281936;0
282071;0
282595;0
282884;0
289108;0
292812;0
295028;0
296348;4
299710;0
299721;0
301734;0
301735;0
301739;0
302013;0
302018;0
304212;0
304485;0
304518;0
304548;0
304821;0
304852;0
305555;0
305556;0
306100;0
306158;0
306177;0
306718;0
306920;0
307354;0
307355;0
307356;0
307550;0
308361;0
308650;0
313537;0
313538;0
313725;0
313729;0
313979;0
314124;0
314677;0
314678;0
317086;0
322212;0
330530;0
330536;0
331241;0
332456;0
335013;0
337913;0
338955;0
339738;0
340662;0
341699;0
342937;0
343157;0
344316;0
344317;0
344632;0
344681;0
344687;0
344691;0
344731;0
344784;0
344804;0
344820;0
344822;0
344825;0
344827;0
344828;0
344831;0
344838;0
344840;0
344841;0
344843;0
344844;0
344845;0
344854;0
344855;0
344856;0
344861;0
344865;0
344866;0
344910;0
344911;0
344918;0
344926;0
344927;0
344928;0
344932;0
344987;0
345451;0
348207;0
348500;0
349398;0
351131;0
351501;0
351542;0
351639;0
352642;0
352936;0
352937;0
353301;0
353303;0
353379;0
353411;0
353412;0
353555;0
353631;0
353633;0
353880;0
354030;0
354113;0
354316;0
354319;0
354513;0
354572;0
354578;0
354800;0
354801;0
354815;0
354974;0
355158;0
355584;0
356044;0
356124;0
356653;0
356738;0
356759;0
356977;0
357341;0
357675;0
358210;0
358311;0
358559;0
358561;0
358585;0
358701;0
358704;0
358705;0
358706;0
358708;0
358709;0
358710;0
358712;0
358713;0
358717;0
358719;0
358721;0
358722;0
358727;0
358740;0
358743;0
358744;0
358745;0
358747;0
358748;0
358749;0
358750;0
358757;0
358761;0
358763;0
358765;0
358766;0
358767;0
358768;0
358769;0
358771;0
358793;0
358794;0
358795;0
358796;0
358798;0
359158;0
359169;0
359200;0
359465;0
359814;0
360458;0
361144;0
361352;0
361353;0
361354;0
361355;0
361373;0
361374;0
361375;0
361376;0
361377;0
361378;0
361379;0
361533;0
361685;0
362146;0
363331;0
363645;0
363771;0
363852;0
363870;0
363904;0
364161;0
364597;0
366041;0
366555;0
366746;0
367584;0
367585;0
367588;0
367594;0
367597;0
367600;0
367604;0
367902;0
367903;0
368061;0
368063;0
368064;0
368292;0
368293;0
368294;0
368295;0
368301;0
368309;0
368706;0
368928;0
369893;0
369895;0
369897;0
369898;0
369899;0
369911;0
370331;0
370526;0
370596;0
371040;0
371223;0
371224;0
371225;0
371228;0
371230;0
371231;0
372885;0
373764;0
373854;0
374063;0
374352;0
374388;0
374390;0
374395;0
374397;0
374398;0
374749;0
375104;0
375105;0
375168;0
375492;0
375562;0
375563;0
375565;0
375566;0
375569;0
375571;0
376109;0
376156;0
376158;0
376163;0
376611;0
377264;0
378038;0
378068;0
378327;0
378333;0
378340;0
378346;0
378347;0
378355;0
378755;0
378915;0
379408;0
379437;0
379445;0
380948;0
380949;0
380952;0
380953;0
380957;0
380964;0
380966;0
381058;0
381124;0
381129;0
381513;0
382011;0
382055;0
382192;0
382397;0
382462;0
382465;0
382466;0
383755;0
383951;0
383954;8
384416;0
385114;0
385745;0
386479;0
387325;0
387326;0
387400;0
387407;0
387450;0
387579;0
387864;0
387897;0
388171;0
388708;0
388755;0
388799;0
388811;0
388812;0
388813;0
388864;0
388881;0
389157;0
389554;0
389558;0
389562;0
390520;0
390556;0
390557;0
390808;0
390902;0
391406;0
391408;0
391838;0
391996;0
391997;0
391998;0
392000;0
392002;0
392005;0
392007;0
392009;0
392010;0
392012;0
392013;0
392015;0
392019;0
392023;0
392024;0
392028;0
392029;0
392032;0
392035;0
392036;0
392037;0
392109;0
392257;0
392557;0
393237;0
393814;0
394649;0
394650;0
394652;0
394656;0
394659;0
395666;0
396193;0
396196;0
397320;0
398517;0
398745;0
398746;0
398971;0
399764;0
399765;0
399766;0
399767;0
399768;0
399770;0
399772;0
399773;0
399774;0
399775;0
399777;0
399778;0
399780;0
399782;0
399974;0
400022;0
400024;0
400247;0
400625;0
400906;0
401166;0
402134;0
402330;0
402705;0
402764;0
402852;0
402854;1
403586;0
403882;0
403883;0
403884;0
403893;0
405110;0
405138;0
405265;0
405342;0
405343;0
405344;0
405346;0
405458;0
405459;0
405631;0
405632;0
405862;0
405955;0
405956;0
405961;0
405967;0
406133;0
406134;0
408171;0
409602;0
410046;0
410097;0
411136;0
411195;0
411556;0
412845;0
413162;0
413163;0
413164;0
413165;0
413166;0
413307;0
413420;0
413904;0
414010;0
414013;0
414619;0
415122;0
415424;0
417214;0
417368;0
417370;0
417708;0
417779;0
418011;0
418945;10
418979;0
419428;0
419995;0
420803;0
420941;0
421471;0
421496;0
421508;0
421509;0
421512;0
421517;0
421518;0
421519;0
421520;0
421523;0
421524;0
421525;0
421530;0
421531;0
421532;0
421547;0
421552;0
421560;0
421562;0
421565;0
421955;0
422019;0
422132;0
422188;0
422415;0
422417;0
422418;0
422473;0
422643;0
422645;0
422678;0
422680;0
422688;0
422693;0
423791;0
424097;0
424743;0
424905;0
424906;0
424908;0
424969;0
425009;0
425013;0
425014;0
425045;0
425394;0
425518;0
425975;0
426794;0
427203;0
427320;0
428611;0
429177;0
429178;0
430084;0
430484;0
431022;0
431497;0
432211;0
432306;0
432524;0
432597;0
433057;0
433090;0
433094;0
433208;0
434560;0
434768;0
434806;0
435539;0
435540;0
435577;0
436298;0
436511;0
436512;0
436514;0
436589;0
436647;0
436768;0
437056;0
437123;0
437232;0
437893;0
437894;0
437941;0
438609;0
438917;0
439014;0
439153;0
440178;0
441242;0
441717;0
441946;0
442145;0
442150;0
442581;0
442716;0
442717;0
442718;0
442765;0
443203;0
443935;0
445434;0
445755;0
445993;0
446003;0
446348;0
447677;4
447783;0
448306;0
448969;0
448971;0
449010;0
449073;0
449183;0
449184;0
449399;0
449551;0
450244;0
450245;0
450246;0
450512;0
450513;0
450514;0
450515;0
450516;0
450518;0
450711;0
450712;0
450728;0
450730;0
450764;0
450770;0
451109;0
451227;0
451684;0
451689;0
451732;0
451750;0
451752;0
451755;0
451956;0
452139;0
452236;0
452595;0
452597;0
452600;0
452872;0
452891;0
453318;0
453573;0
453576;0
454043;0
454065;0
454067;0
454069;0
454070;0
454071;0
454072;0
454271;0
454383;32
454652;0
454772;0
455003;0
455605;0
455606;0
455614;0
455621;0
455624;0
455646;0
455651;0
455829;0
455837;0
457475;0
457478;0
457487;0
457488;0
457730;0
457978;0
457979;0
457989;0
457991;0
457995;0
459091;0
459797;0
460068;0
460421;0
461895;0
462274;0
462702;0
462706;0
462755;0
462757;0
462758;0
462807;0
462894;0
462901;0
462903;0
463067;0
463259;0
463637;0
464202;0
464223;0
464593;0
465897;0
467182;0
467187;0
467190;0
467193;0
467223;0
467224;0
467228;0
467313;0
468013;0
469183;0
469326;0
469721;0
469727;0
469729;0
470470;0
470595;0
470596;0
471325;2
471465;0
471466;0
471467;0
473269;0
473704;0
473725;0
474915;0
474977;0
476084;0
476092;0
476123;0
476168;0
476843;0
476899;0
477024;0
477118;0
477124;0
477417;0
477431;0
477475;0
477932;0
478030;0
478155;0
478160;3
478562;0
478564;0
478565;0
478833;0
479367;0
479440;0
479441;0
479846;0
479957;0
480187;0
480189;0
481400;0
481447;0
481928;0
482517;0
484457;0
485437;0
485441;0
486156;0
486642;0
486717;0
486881;0
487073;0
487194;0
488260;0
488316;0
488324;0
489089;0
489142;0
489322;0
489428;0
489430;0
489434;0
489642;0
489738;0
489843;0
490208;0
490400;0
490614;0
490976;0
491087;0
491165;0
491511;0
491512;0
491513;0
491989;0
492162;0
492351;0
493209;0
493276;0
493628;0
493747;0
493781;0
493786;0
494193;0
494462;0
494467;0
494504;0
495017;0
495977;0
496056;0
496067;0
496070;0
496116;0
496306;0
496309;0
496310;0
496311;0
496312;0
496313;0
496318;0
496323;0
496325;0
496326;0
496354;0
496355;0
496356;0
496357;0
496363;0
496364;0
496373;0
496374;0
496376;0
496378;0
496379;0
496380;0
496423;0
496424;0
496435;0
496439;0
496478;0
496479;0
496481;0
496482;0
496483;0
496500;0
496505;0
496511;0
496514;0
496515;0
496536;0
496538;0
496539;0
496591;0
496695;0
496718;0
496737;0
497103;0
497132;0
497582;0
497588;0
497802;0
497803;0
497813;0
497818;0
498129;0
498201;0
498204;0
498207;0
498208;0
498218;0
498225;0
498227;0
498242;0
498243;0
498244;0
498248;0
498320;0
498737;0
498901;0
498984;0
499142;0
499143;0
499192;0
500894;0
500915;0
501126;0
501251;0
501307;0
502541;0
503077;0
503233;0
505761;0
505972;0
506600;0
506724;0
506734;0
506736;0
506755;0
506756;0
506760;0
506765;0
506766;0
506876;0
507165;0
507166;0
507204;0
507205;0
507789;0
507877;0
508351;0
508499;0
508509;0
508655;0
508656;0
508657;0
510210;0
510213;0
510788;0
511190;0
511423;0
511707;0
511852;0
512465;0
512472;0
512933;0
512942;0
512969;0
514179;0
514623;0
516518;0
516946;0
516947;0
516956;0
517253;0
519011;0
519033;0
519034;0
519068;2
519113;0
519114;0
519115;0
519116;0
519118;0
519119;0
520238;16
521372;0
522076;16
522148;0
522246;0
522390;0
522395;0
522532;0
522533;0
522541;0
522542;0
522543;0
522544;0
522545;0
522547;0
522548;0
522571;0
522581;0
523599;0
524416;0
524571;0
524572;0
524574;0
524584;0
525023;0
525028;0
526204;0
527107;0
527492;0
527597;0
527604;0
527622;0
529408;0
529571;0
529735;0
529877;0
530726;0
530937;0
531123;0
531718;0
532098;0
532238;0
532392;0
533543;0
533964;0
534962;0
535050;32
535051;16
535053;6
535056;6
535224;0
535326;0
537883;0
538318;0
538410;0
538921;0
539855;0
539858;0
539958;0
540416;0
540635;0
540636;0
540637;0
541100;0
542149;0
542925;0
542930;0
544086;0
544408;0
544739;0
544740;0
544742;0
544800;0
544813;0
544849;0
547920;150
547998;0
548504;0
548757;0
548946;0
549170;0
549252;0
549519;0
550638;0
550699;0
550770;0
550822;0
551055;0
551085;0
551550;6
551642;0
551727;0
551729;32
551743;32
552027;0
553138;0
553656;0
553951;0
554760;0
555051;0
555640;0
556447;0
557241;0
557894;0
558161;0
558958;0
559402;0
559404;2
559740;0
560613;0
561470;0
561898;0
562822;0
563716;0
563731;0
563737;0
563743;0
564403;0
565424;0
565445;0
566141;0
566569;0
566570;0
566571;0
566572;0
566573;0
566574;0
567491;0
567920;0
568095;0
568118;0
568317;0
568333;0
569946;0
570267;0
570952;0
570953;0
571464;0
571465;0
571467;0
571882;0
572604;0
574339;0
574340;0
574342;0
574343;0
574344;0
574549;0
575026;0
575029;0
575406;0
575749;0
575774;0
575793;0
576456;0
577355;16
578236;0
578793;0
579788;0
580608;0
580852;0
581159;0
581249;0
581433;0
582701;0
582898;0
583490;0
583694;0
584015;0
586135;0
588094;0
589372;0
590545;0
592094;0
592608;0
592643;0
592833;0
592848;0
592852;0
592885;0
593357;0
593998;0
594135;0
594260;0
595633;0
595638;0
595641;0
596107;0
596649;0
596738;0
596898;0
596899;0
596900;0
596939;0
596941;0
598672;0
599214;0
599378;0
600509;0
600756;0
601323;0
601363;0
601364;0
601366;0
606450;0
612176;0
614435;0
615329;0
619083;0
619407;0
620483;0
625607;0
626817;0
627981;0
628116;0
628909;0
630347;2
631060;0
631987;0
633445;0
634169;0
634329;0
637023;0
639232;0
639411;0
641987;0
645959;0
646849;0
647330;0
649986;0
652693;0
653415;0
654655;0
656858;0
658927;0
660300;0
661440;0
661872;0
662682;0
662704;0
662720;0
662747;0
662763;0
662771;0
662801;0
662810;0
663621;0
664510;0
671195;0
671455;0
672957;8
674725;0
675242;0
678081;0
678492;0
681009;0
681499;0
684462;0
686338;12
687825;0
689825;0
692011;0
694592;0
694780;0
694797;0
694860;0
700723;0
708472;0
708776;0
710426;0
713756;0
713934;0
715996;8
716384;0
716744;0
722456;0
723517;0
723525;0
724520;0
726096;1
726813;1
730552;0
731680;1
731792;0
733030;0
734402;0
738970;0
742205;0
745275;0
746751;0
747237;0
747689;0
751469;4
755299;0
756229;0
758579;0
760377;0
763141;0
766292;0
768847;0
768863;0
769742;0
771692;0
772800;0
773017;0
773291;1
773562;0
774913;28
780084;0
780402;0
782547;0
784070;0
789061;0
790909;0
792591;0
793815;0
797188;0
805833;0
805891;0
809464;0
809861;0
809870;0
809896;0
810185;0
810207;0
811682;0
811990;0
814643;0
815545;2
815756;0
815799;0
815829;0
815900;0
815926;0
815942;0
815969;0
815977;0
815993;0
816680;0
816833;0
816868;0
816876;0
816930;0
816949;0
816981;0
817066;0
817082;0
819459;0
824643;0
829149;0
829943;0
829951;0
829960;0
829978;3
829994;0
830216;0
830224;0
831298;0
831367;0
831379;0
831387;0
831409;0
834796;0
834999;1
838459;0
840059;0
840476;2
845195;32
846988;0
847360;0
848384;0
849170;0
849683;5
850491;0
853537;0
854766;0
854863;0
856453;0
856836;0
857122;0
857173;0
857211;0
857828;1
859213;0
860546;0
863530;0
863564;0
863572;0
863599;0
863688;0
863726;0
863734;0
863742;0
863750;0
863823;0
865605;0
865613;0
865648;0
865656;0
865664;0
865680;0
865710;0
876918;0
877410;1
877926;0
880614;0
881226;0
883245;0
885649;0
886748;0
889486;0
889636;0
889784;0
889792;0
889814;0
889830;0
889865;0
889946;0
890286;0
890324;0
890405;0
894940;0
896494;0
899115;0
900675;0
901979;0
902632;0
902667;0
902683;0
903383;0
905055;0
905357;2
906143;0
910856;0
910899;0
914976;0
917967;0
920118;0
921712;0
922862;0
922889;0
923807;0
923837;0
925027;1
925188;0
929461;0
929673;0
929675;0
929790;0
935522;0
935530;0
935557;0
935670;0
935735;0
935751;0
936154;0
936427;32
936839;0
936898;0
936925;0
937037;0
937053;0
937061;0
937096;0
937142;0
937193;0
938145;0
938384;0
940266;0
940663;0
942570;0
942596;0
942600;0
942669;0
942693;0
944632;0
949825;0
951611;0
954753;0
955081;1096
956141;0
958691;0
959231;0
959670;0
962156;0
965400;0
966728;0
968518;0
971600;0
973440;0
974229;0
974796;0
980790;1
983304;0
983649;7
984101;0
985539;0
986391;0
989455;0
993672;0
994271;0
996912;0
997048;0
997056;0
22307;0
421768;0
460338;0
1318;0
2373;0
3835;0
12276;0
12277;0
13199;0
15125;0
16847;0
17642;0
18499;0
18500;0
18501;0
18614;0
18846;0
20624;0
20831;0
22777;0
22843;0
22844;0
22857;0
22871;0
22873;0
22929;0
22930;0
22948;0
22966;0
22994;0
23064;0
23065;0
23084;0
23099;0
23142;0
23182;0
23228;0
23232;0
23233;0
23253;0
23254;0
23255;0
23314;0
23317;0
23343;0
23391;0
23404;0
23405;0
23406;0
23408;0
23427;0
23446;0
23460;0
23470;0
23495;0
23519;0
23527;0
23543;0
23544;0
23556;0
23562;0
23565;0
23584;0
23621;0
23631;0
23658;0
23678;0
23704;0
23715;0
23718;0
23727;0
23731;0
23733;0
23735;0
23780;0
23786;0
23788;0
23789;0
23796;0
23818;0
23870;0
23881;0
23887;0
23888;0
24187;0
24212;0
24213;0
24215;0
24238;0
24243;0
24250;1090
24272;0
24273;0
24312;0
24342;0
24355;0
24366;0
24375;0
24377;0
24389;0
24395;0
24419;0
24474;0
24479;0
24495;0
24606;0
24782;0
24807;0
24835;0
24838;0
24839;0
24843;0
61995;0
100341;0
100375;0
101603;0
102607;0
102648;0
102657;0
103033;0
103048;0
103053;0
103399;0
103753;0
103784;0
108055;0
109076;0
110056;0
110404;0
111688;0
113778;0
149845;0
153800;0
207110;0
209350;0
217468;0
224677;0
235946;0
262480;0
269506;0
280640;0
280712;0
280801;0
282308;0
283460;0
283860;0
296856;0
297925;0
306510;0
309853;0
310786;0
318412;0
319435;0
321161;0
321736;0
322243;0
322683;0
322684;0
322689;0
323241;0
323419;0
323481;0
323990;0
325028;3
326741;0
332015;0
332016;0
333080;0
335048;0
335478;0
335816;10
335949;0
335958;0
335963;0
336752;0
336928;0
337601;0
337712;0
339765;0
339775;0
340400;0
340401;0
343072;0
344901;0
347185;0
355232;0
356010;0
356028;0
357591;0
360085;0
367594;0
367599;0
367601;0
367607;0
367749;0
367776;0
371600;0
373440;0
377573;0
377719;0
378333;0
380968;0
381125;0
381132;0
382946;0
383033;0
383257;0
385666;0
385719;0
386678;0
388605;0
389959;0
393153;0
395163;0
399698;0
399799;0
399800;0
402758;0
402780;0
402891;0
402898;0
403826;0
403903;0
405014;0
405461;0
405583;0
405666;0
407833;0
409538;0
410265;0
411227;0
415122;0
419392;0
419479;0
419776;0
419788;0
424542;0
426979;0
427190;0
427885;0
428220;0
428226;0
428426;0
428965;0
431369;0
431373;0
431374;0
431375;0
431376;0
433498;0
435424;0
435666;0
435667;0
435785;0
435787;0
435987;0
439087;0
441513;0
443234;0
444858;0
448056;0
448340;0
450648;0
459991;0
462814;0
464768;0
466928;35
469392;0
471543;0
472551;0
480182;0
480457;0
481229;0
481276;0
481364;0
481554;0
481868;0
481873;0
481883;0
484843;0
492388;0
496068;0
497911;0
498104;2
525243;0
525790;0
527688;0
535732;0
546690;0
551518;0
566107;0
586350;0
588619;0
592337;0
593568;0
601012;0
628913;0
678660;0
679429;0
731712;0
737879;0
774448;0
774464;18
832740;0
855922;0
871338;0
873012;0
910813;0
913774;0
971770;0
975097;0
994063;0
474;2
2464;2
3642;0
3876;0
5093;0
5131;0
5510;0
5581;0
5726;0
5956;0
6195;0
6196;0
6326;0
7971;2
8155;0
12446;1
12546;2
12608;0
12817;2
13168;1
13257;0
13325;9
13409;7
14080;0
14619;0
14677;0
14868;1
15322;0
16727;0
16761;0
17224;9
17327;0
17448;0
17676;3
17905;11,75
19359;80
19376;0
20218;0
20289;1
20321;0
20326;0
20327;0
20375;6
20377;0
20384;0
20510;0
20512;0
20514;0
20518;0
20549;0
20566;0
20634;0
20691;0
20735;2
21690;0
22785;0
22796;3
22827;0
22836;0
22851;0
22887;0
22904;2
22914;0
22915;0
22923;1
22927;1
22931;1
22976;3
22991;1
23003;0
23016;0
23018;0
23061;1
23062;0
23063;2
23064;0
23074;1
23087;1
23089;1
23097;4
23130;1
23155;2
23169;0
23204;2
23209;0
23218;0
23238;4
23242;0
23243;4
23294;15
23384;0
23386;0
23451;1
23459;7
23468;8
23480;5
23490;1
23492;0
23532;3
23552;16
23555;5
23557;2
23585;1
23594;2
23623;5
23684;1
23726;1
23739;4
23741;1
23742;5
23750;0
23781;0
23835;1
23836;7
23851;1
23865;0
23878;2
23928;0
24208;12
24229;0
24235;0
24246;2
24250;0
24264;8
24274;8
24292;5
24314;0
24347;1
24357;62
24360;9
24361;10
24380;33
24404;0
24407;2
24476;10
24505;7
24780;1
24793;2
24794;68
24796;0
24798;2
24803;2
24837;5
24844;0
25064;0
25133;2
26129;8
48425;3,048
49349;0
52445;2
53995;3
54045;82
55278;0
56823;0
56851;0
56975;1
57542;0
57543;0
57808;3
57867;2
57930;0
57931;0
57934;0
57935;0
57936;0
58244;2
58531;0
58938;2
58954;0
58957;0
59958;2
60150;3
60246;0
60254;1
60308;1
60354;1
60386;13
60517;50
60621;16
60693;1
60695;4
60697;4
60698;4
60700;6
60705;2
60708;1
60710;4
60927;2
60969;0
61321;2
61785;3
61793;0
61802;0
61844;2
61885;0
61886;0
61887;0
61995;0
62125;0
62512;1
62552;0
62575;2
62576;2
62578;0
62580;3
62581;2
62583;0
62633;2
62712;0
62739;50
62926;0
65418;0
67057;0
68785;2
70054;2
70594;8
70691;0
71135;25
71415;1
72102;0
72351;1
72431;2
72629;1
72646;18
72870;5
73744;0
74114;16
74158;14
74467;5
74971;1
75177;1
75538;1
75903;0
76092;2
76229;1
77005;8
77289;0
77404;10
77614;1
78281;4
78675;1
79298;1
79377;12
80086;1
80628;1
80791;1
81719;1
81961;6
82024;2
82339;4
82586;2
82719;1
83256;4
83452;1
83789;2
83883;3,048
84540;0
84627;1
84817;2
85109;14
85400;24
85649;1
86301;1
86510;0
86536;0
86814;4
87215;0
87239;1
87317;2
87623;2
87705;1
87975;1
88458;2
88685;2
88904;21
89147;1
89202;10
89291;0
89383;2
89811;0
89955;1
90109;2
90258;2
90627;2
91121;8
91276;0
91554;2
92040;2
92373;0
92796;6
92935;0
93989;1
94040;36
94208;2
94717;1
95651;2
96179;0
96189;1
97175;2
97245;1
97259;9
97326;5
97781;10
97808;2
97967;2
98081;2
98104;4
98705;1
99137;2
99623;0
99931;5
100906;1
101676;0
103449;0
103691;0
103710;0
103905;0
105179;0
105628;15
105662;1
105930;2
106430;0
106464;0
107251;6
107281;0
107521;2
107973;1
108247;2
108344;2
109331;0
109598;0
109774;0
109836;0
109962;2
110386;2,743
110460;18,66
110626;3
110662;8
110925;8
111791;0
111902;1
111933;1
112354;1
112370;15
113628;3
113741;1
113964;0
113972;0
113982;2
114016;0
114089;10
114147;0
114235;23
114318;9
114434;9
114524;2
114638;1
114762;1
115266;0
115291;0
115375;6
115605;3
115879;1
115888;1
115963;5
116651;0
117157;0
117196;0
117585;2
117684;1
118250;0
118447;0
118529;4
118726;2
119107;4
119123;0
119160;7
119263;0
119325;1
119359;4
119374;5
119616;3
120159;5
120581;2
120614;1
120724;3
120792;8
120954;1
121042;2
121071;1
121186;5
121523;1
121569;1
121693;33
122197;1
122216;1
122615;14
122809;2
122867;1
123167;1
123242;0
123975;1
124602;0
124846;0
125123;0
126253;1
126416;25
126610;6
127311;0
127366;3
128083;0
128288;1
128583;1
128649;6
129052;2
129284;2
129726;2
130237;1
130763;4
131196;1
131796;0
132243;2
132310;2
132335;1
132392;0
132478;1
132592;3
132658;89
133024;0
133121;1
133142;1
133517;1
134259;2
134684;1
134693;40
134745;5
134868;1
135103;2
135232;0
135296;1
135562;4
135740;2
135836;0
135852;0
135887;0
136108;2
136207;1
136326;0
136368;2
136559;1
136702;0
136712;2
136748;1
136804;2
137594;0
137645;0
137878;1
138019;0
138113;19
138465;6
138474;10
138723;2
138970;1
139169;6
139224;0
139954;0
139998;0
139999;2
140015;1
140047;2
140297;7
140353;1
140507;1
140618;1
140726;0
141152;0
141215;1
141246;10
141420;0
141578;2
141766;0
142489;1
142807;6
142917;1
142989;5
143063;1
143235;1
143661;6
143711;1
143901;0
144286;8
144432;1
144829;2
145327;0
145940;8
145963;2
146185;2
146616;1
146805;2
146811;2
147036;0
147150;1
147184;1
147538;1
147592;0
147633;0
148182;0
148209;0
148242;0
148388;1
148480;7
148522;16
148525;1
148851;1
148978;2
149105;2
149193;8
149345;1
149517;1
149674;0
149845;0
149886;1
150173;2
151132;0
151198;1
151529;1
151808;4
151904;0
152501;0
152808;15
152872;0
153383;0
153636;4
153909;2
153913;2
153997;1
154046;6
154238;12
154288;1
154404;0
154418;0
154496;0
154679;15
154687;18
154697;2
154709;50
154717;73
154725;80
154976;8
154977;2
155556;1
155934;0
156004;1
156067;0
156120;2
156202;0
156295;4
156337;5
156411;1
156864;1
156935;2
157228;0
157279;0
157287;0
157309;2
157792;1
157823;2
158014;0
158433;2
158761;0
158934;2
159603;0
159739;2
159879;7
159995;0
160005;0
160118;11
160293;0
160307;2
160433;1
160642;3
160765;0
160904;0
161232;0
161430;13
161532;1
161817;2
162445;1
162685;11
162774;4
162824;1
163188;2
163337;0
163730;2
164307;1
164475;10
164944;2
165198;2
165210;2
165271;1
165431;0
165879;7
165945;0
165968;0
166057;0
166707;0
166736;2
167685;2
167739;1
167881;4
168145;0
168268;1
168484;3
168816;3
169095;0
169174;1
169276;0
169354;6
170177;1
170421;2
170833;8
170844;3
170860;0
170879;0
170887;0
171226;2
171246;0
171257;1
171384;0
171972;7
171974;2
172316;0
172324;2
172340;34
172359;0
172637;0
173136;2
173168;120
173241;0
173453;0
173459;2
173755;1
174111;38
174488;2
174739;0
174963;0
175159;10
175340;0
175346;1
175608;0
175764;2
175858;2
176164;0
176360;1
176620;8
176703;1
177203;2
177643;0
177721;0
178020;0
178371;1
178420;0
178498;4
178566;2
178823;0
178879;1
179302;0
179379;19
179813;1
179863;2
179867;2
180121;1
180226;2
180438;2
180857;2
180915;0
180973;2
181007;2
181017;1
181152;0
181973;0
182477;1
182948;2
183471;7
183670;2
183788;6
183889;1
184120;2
184244;2
184366;0
184409;0
184461;1
184584;7
184782;1
184863;0
184980;1
185042;1
185074;0
185183;0
185344;0
185477;0
185614;1
185676;2
185906;0
186019;0
186508;4
186510;36
186772;10
186871;2
186896;2
187192;10
187450;11
187732;10
187944;0
188048;3
188140;0
188213;1
188843;4
188924;1
189076;1
189250;1
189341;1
189351;2
189547;0
189552;0
190134;4
190704;2
190739;4
191037;0
191044;0
191547;1
191799;1
192004;0
192135;0
192235;4
192276;2
192392;1
192600;0
192619;0
192627;0
192635;0
192643;0
193583;1
193732;2
194153;1
194258;0
194689;0
194730;0
195070;4
195144;1
195228;1
195449;2
195532;18
195544;2
195757;2
195848;2
196023;2
196047;20
196293;2
196459;3
196845;1
197266;1
197404;1
197411;1
197485;2
197717;1
197753;0
198507;0
198631;0
198804;2
198860;1
199024;3
199084;2
199359;1
199607;1
199734;2
199777;0
200005;6
200605;0
201347;1
201587;0
201890;1
202190;1
202375;2
202440;1
202714;3
202752;2
203280;0
203302;0
203361;0
203524;0
204093;2
204371;1
204392;2
204537;0
204616;2
204630;0
204785;2
204881;1
204883;0
205037;1
205100;0
205105;18
205357;1
205634;1
205635;1
205830;2
206103;0
206385;60
206500;2
206610;0
206636;0
207477;0
207647;2
207724;6
207850;4
207995;15
208003;5
208005;0
208162;4
208453;0
208872;0
209823;1
210195;4
210428;0
210713;1
211457;1
211911;5
211925;1
212084;3
212337;1
212455;0
212494;396
212495;2
213142;1
213366;0
213380;7
213412;0
214293;8
214350;2
214645;1
214901;5
215046;1
215233;4
215486;18
216585;300
216756;0
217041;4
217280;2
217672;2
217713;4
217745;0
218318;2
218682;0
218736;2
219918;8
219985;0
220193;1
220466;10
220902;1
221285;0
221706;0
221747;0
222706;5
223007;22
223252;4
223453;0
223470;1
223622;2
224153;0
224363;2
224586;0
224837;0
224928;2
225061;0
225300;4
225407;1
225436;8
225837;1
226055;0
226451;2
226691;0
227338;1
227982;3
228170;1
228474;2
228590;1
228984;1
229150;0
229346;4
229396;1
229428;2
229684;6
230373;1
230604;2
230745;2
230811;0
231293;0
231341;0
231433;0
231445;1
231447;7
231460;0
231578;1
231757;13
232024;0
232196;1
232444;0
232488;18
232614;24
232668;1
232874;0
233087;2
233772;30
234138;2
234503;2
234643;5
234836;0
234972;1
234997;1
235018;0
235298;1
235826;0
236112;1
236257;1
236283;5
236367;1
236386;0
236413;2
236420;0
236444;2
236445;20
236525;0
236614;1
236666;0
236903;1
236956;1
237538;10
237937;0
237961;0
238304;2
239797;0
239806;1
240080;1
240143;2
240262;1
240860;2
240901;1
240983;2
241185;0
241390;2
241784;0
241832;4
241977;2
242340;2
242397;0
242694;2
242698;1
243110;1
243120;0
243364;1
243368;0
243770;1
244555;0
246215;2
246330;1
246965;4
247062;0
247242;0
247499;0
247700;0
248536;0
249936;75
250100;1
250137;1
250438;0
250938;0
250983;0
251136;1
251229;0
251237;15
251432;0
251969;1
252031;8
252461;1
252770;2
252927;1
253121;0
253472;0
253772;1
253997;0
254443;0
254656;1
255161;1
255329;1
255426;5
255551;0
255659;12
255751;0
257070;1
257715;2
257717;1
257905;0
258117;3
258255;1
258510;1
259000;1
259325;1
259334;1
259379;8
259441;0
259894;1
259904;1
260076;1
260565;1
260838;3
261024;0
261250;15
261344;0
261407;0
261852;0
262164;1
262281;2
262571;10
262971;2
263216;0
263344;0
263359;0
263526;0
263549;0
263879;2
264009;1
264176;3
264391;2
264518;2
264705;0
264718;0
265149;1
265257;4
265491;0
265531;2
265889;1
266378;2
266405;2
266796;0
267432;4
267451;2
267508;4
267713;2
267740;0
268305;0
268633;2
268771;0
268805;0
269327;1
269696;1
269728;0
269789;0
269879;10
270179;1
270332;1
270841;2
270931;50
270972;0
270987;2
271065;10
271524;1
271592;0
271925;1
272054;4
272217;1
272246;12
273493;5
273641;1
273687;0
273913;3
274262;0
275099;2
275234;1
275373;2
275437;3
275449;0
275524;2
276092;1
276115;2
276267;5
276627;2
276746;4
276889;0
276893;1
276964;1
277172;2
277948;1
278056;1
278196;0
278449;4
278520;1
278533;0
278855;8
279251;1
280005;1
280553;1
280648;0
280729;0
280746;0
281232;2
281513;1
281733;2
282027;2
282219;0
282454;2
282595;2
283402;4
283577;1
283825;1
283969;1
284377;1
284733;1
284937;2
284976;2
284982;1
285160;1
285300;0
285519;1
286405;1
286446;1
286483;1
286707;8
286840;1
287355;0
287667;6
287691;2
288060;1
288155;10
288195;5
288204;2
288254;4
288419;0
288775;2
288788;2
288816;29
288919;1
289046;1
289084;2
289108;1
289164;1
289364;1
290060;6
290301;2
290406;1
290545;0
290605;1
290608;0
290790;3
290973;2
291075;9
291197;0
291216;20
291618;0
292381;2
292547;80
292840;2
293261;1
293293;2
293772;1
294396;1
295028;0
295397;8
296160;2
296348;0
296975;2
297004;0
297759;1
298120;5
298363;0
298461;3
299097;0
299549;2
299803;1
300016;0
300196;0
301734;0
301735;0
301739;0
301957;0
302012;0
302013;0
302018;0
302553;0
302686;0
303096;5
303098;4
303104;1
303107;5
303117;8
303233;4
303498;4
304212;5
304307;0
304485;2
304518;1
304548;0
304555;0
304556;0
304821;0
304852;10
304913;0
305194;2
305555;0
305556;64
306158;1
306562;0
306566;0
307224;0
307354;0
307355;0
307356;0
307419;0
307550;0
307590;20
307604;0
307699;1
307784;100
307811;1
308119;0
308215;6
308361;0
308650;1
310005;0
310184;1
310241;3
310882;0
311040;1
311334;2
311387;2
311467;0
311674;0
311770;3
312700;0
313367;1
313499;2
313537;0
313538;0
313630;0
313725;0
313729;2
313842;4
313979;0
314083;23
314088;21
314089;25
314091;6
314124;0
314566;78
314567;19
314639;5
314677;0
314678;5
314679;1
314756;2
314808;0
314812;0
315835;0
316677;0
316678;0
317086;6
317114;30
317898;5
318898;1
319495;2
319644;0
320010;0
320881;0
320983;2
322212;4
322898;0
323428;0
323830;0
324009;0
324919;0
325211;2
325284;0
325534;3
325779;10
325965;1
326078;4
326450;1
326990;0
327321;6
327545;10
327554;0
327558;1
327561;1
330315;2
330530;0
330536;0
331241;1
331488;1
331970;3
332148;6
332161;2
332456;0
332484;5
332860;4
332879;3
333102;0
333108;2
334285;11
334314;4
334350;2
334429;0
334874;4
335013;0
335402;1
335408;0
335825;1
335961;2
336643;0
337253;0
337521;14
337913;5
338955;0
339192;0
339765;0
339781;0
339965;1
339977;0
340166;2
340168;2
340341;3
340399;2
340485;3
340662;0
341274;0
341541;0
342544;3
343157;0
343185;1
343905;4
343908;4
343913;2
344233;0
344307;2
344312;0
344317;2
344504;0
344519;0
344654;4
344655;5
344669;5
344681;0
344687;0
344691;0
344784;0
344790;2
344804;0
344820;0
344821;0
344822;0
344825;0
344827;0
344828;0
344831;0
344838;0
344840;0
344841;0
344843;0
344844;3
344845;0
344854;0
344855;0
344856;0
344861;0
344865;0
344866;0
344887;2
344910;0
344911;0
344918;0
344926;0
344927;0
344928;0
344932;37
344987;1
345451;0
345502;0
345635;0
345646;2
345745;1
346413;0
346642;1
346771;2
346809;0
347573;2
347854;1
347905;2
348207;0
348514;0
348938;0
348947;1
349398;0
349466;6
349977;1
349981;0
349999;1
350029;0
350070;1
350467;186
350585;0
350654;2
351003;0
351116;1
351131;0
351475;3
351501;0
351542;0
351595;2
351639;8
351697;0
351834;0
352078;0
352642;5
352855;1
352885;1
352936;3
352937;13
353301;0
353303;0
353304;0
353379;0
353411;0
353412;0
353605;0
353631;2
353633;0
353758;1
353767;0
353880;0
353975;4
354030;0
354032;6
354113;4
354203;0
354233;1
354239;2
354241;2
354318;0
354319;0
354425;1
354578;0
354580;0
354585;3
354776;18
354800;0
354801;16
354815;32
354855;0
354871;0
354974;0
354977;0
355016;0
355076;3
355158;0
355582;0
355584;0
355714;0
355715;0
355728;0
355967;0
356044;0
356048;0
356124;0
356273;0
356364;2
356391;1
356412;6
356653;52
356676;1
356738;1
356759;0
356769;0
356948;0
356977;0
357253;0
357341;0
357591;0
357675;0
357683;2
357684;0
357961;2
358004;0
358188;12
358210;60
358248;14
358311;0
358523;2
358559;0
358561;0
358565;2
358585;0
358648;1
358654;1
358665;0
358669;1
358701;0
358702;0
358704;0
358705;0
358706;2
358707;0
358708;0
358709;1
358710;3
358712;0
358713;0
358716;0
358717;0
358719;4
358721;0
358722;0
358727;0
358740;0
358741;0
358742;0
358743;0
358744;0
358745;0
358747;0
358748;0
358749;0
358750;0
358757;0
358758;0
358761;0
358763;0
358765;0
358766;1
358767;1
358768;0
358769;20
358771;154
358775;0
358793;0
358794;0
358795;40
358796;0
358798;0
359028;3
359039;0
359158;0
359169;0
359200;0
359288;1
359527;2
359536;1
359594;1
359617;0
359754;0
359814;0
359923;0
359942;0
360003;0
360284;0
360306;2
360438;0
360458;0
360551;11
360552;18
361004;7
361352;2
361353;0
361354;0
361355;0
361373;0
361374;0
361375;0
361376;0
361377;0
361378;0
361379;0
361533;2
361557;3
361685;3
362146;0
362730;9
363048;2
363320;0
363321;0
363331;0
363454;1
363645;0
363770;0
363771;0
363844;3
363846;0
363848;0
363849;0
363852;0
363904;0
364103;0
364161;0
364203;0
364217;0
364523;3
364597;0
364636;3
364704;2
364747;3
364908;0
364910;0
364930;0
365725;2
365728;0
365729;1
366041;4
366044;3
366555;0
366738;1
366739;3
366742;1
366746;4
366747;2
366748;1
366750;1
366751;2
366752;2
366777;3
367018;1
367019;1
367116;0
367584;0
367585;0
367586;0
367594;0
367597;2
367600;13
367602;12
367604;14
367606;0
367669;0
367671;0
367674;9
367902;5
367903;0
368061;0
368064;0
368088;2
368292;0
368293;0
368294;0
368295;0
368301;0
368307;2
368309;5
368417;1
368706;40
368708;0
368711;0
368778;2
368885;1
368928;72
368937;0
369020;0
369668;1
369672;1
369674;3
369708;0
369719;0
369893;0
369894;0
369895;0
369897;0
369898;0
369899;0
369901;0
369902;0
369903;0
369911;9
369912;0
369917;0
370106;1
370140;1
370180;5
370181;5
370345;0
370351;0
370392;3
370393;2
370526;0
370540;2
370596;9
370616;2
371222;0
371223;0
371224;0
371225;0
371228;0
371230;0
371231;0
371623;0
372051;0
372073;2
372306;0
372351;1
372441;4
372572;4
372573;1
372574;3
372611;2
372885;5
372941;2
373012;3
373132;0
373198;0
373421;1
373746;6
373991;1
374015;1
374020;4
374022;2
374023;12
374063;0
374352;0
374388;0
374390;1
374395;2
374397;2
374398;1
374558;2
374699;1
374747;3
374749;0
374754;3
374804;0
375104;10
375105;0
375138;1
375140;11
375168;1
375221;11
375223;2
375492;0
375562;0
375563;0
375565;0
375566;1
375569;0
375571;0
375708;1
375819;2
375834;0
375863;1
375864;1
376109;0
376118;1
376156;0
376158;4
376162;0
376163;0
376176;0
376611;1
376786;0
376888;3
377220;0
377455;0
377456;0
377458;0
378010;0
378038;0
378068;0
378215;3
378327;8
378328;0
378340;1
378342;0
378346;0
378347;0
378355;0
378377;10
378412;3
378736;2
378755;0
378849;50
378911;5
378915;0
379408;0
379437;0
379445;0
379563;0
379567;0
379568;0
379569;0
379570;0
379571;0
379829;0
379847;2
379848;1
380198;0
380324;2
380376;12
380427;0
380434;0
380593;1
380657;1
380658;1
380720;0
380727;1
380870;1
380948;0
380949;0
380951;0
380952;0
380953;0
380957;0
380958;2
380960;0
380961;0
380964;0
380966;0
381058;0
381124;0
381129;0
381131;1
381133;0
381148;1
381280;1
381513;0
381568;2
382055;0
382056;0
382192;0
382397;0
382462;0
382465;0
382466;0
383017;30
383196;0
383470;0
383482;0
383755;0
383802;0
383833;0
383904;0
383908;0
383951;2
383954;0
385094;5
385114;0
385502;0
385746;30
385748;1
385947;1
385981;0
386011;0
386012;0
386013;0
386158;3
386277;0
386479;0
386506;0
386806;1
386892;0
387171;0
387325;0
387326;0
387400;6
387407;0
387450;3
387472;1
387474;0
387579;0
387864;10
387897;40
387953;3
387954;1
388044;4
388066;0
388251;1
388493;1
388708;11
388755;0
388779;7
388799;0
388811;0
388812;0
388813;0
388864;9
389157;0
389189;0
389306;0
389424;0
389464;1
389558;2
389562;0
389645;2
389840;0
389850;0
389998;5
390058;0
390060;0
390061;0
390063;0
390064;0
390076;0
390077;0
390078;0
390081;0
390082;0
390083;0
390084;0
390091;0
390092;0
390094;0
390095;0
390099;0
390102;0
390103;0
390105;0
390110;0
390116;0
390117;0
390129;0
390132;0
390133;0
390140;0
390150;0
390162;0
390520;1
390556;0
390557;0
390727;2
390808;0
390883;1
390884;1
390902;0
391098;0
391127;0
391214;0
391340;0
391342;0
391406;0
391408;24
391582;0
391583;0
391838;2
391844;0
391993;13
391996;0
391997;0
391998;0
392005;0
392007;0
392009;0
392010;0
392012;0
392013;0
392019;0
392023;0
392024;0
392025;0
392026;0
392028;0
392029;0
392032;0
392035;0
392036;0
392037;0
392109;0
392257;0
392488;4
392946;1
393180;0
393234;2
393237;0
393377;1
393379;1
393533;0
393611;13
393785;1
393814;0
394036;0
394337;3
394649;0
394650;6
394652;0
394656;2
394659;0
395150;0
395211;10
395666;10
395696;5
395745;0
395750;0
395758;0
395759;0
395959;0
396193;0
396196;1
396387;0
396550;0
396657;2
396789;0
396879;0
397020;11
397119;0
397130;0
397320;1
397321;0
397840;3
398016;4
398021;0
398143;1
398151;0
398230;0
398258;84
398260;7
398305;2
398517;0
398571;3
398631;0
398636;0
398662;2
398670;2
398698;3
398834;3
398835;2
398838;1
398858;1
398859;1
398893;1
398971;0
398998;4
399203;0
399204;0
399218;3
399465;0
399658;1
399735;0
399755;0
399762;0
399763;0
399764;0
399765;0
399766;0
399767;0
399768;0
399770;0
399771;0
399772;0
399773;0
399774;0
399775;0
399777;0
399778;32
399780;0
399782;0
399789;0
399797;5
399925;0
399974;0
399997;0
400021;0
400022;0
400024;0
400027;0
400140;0
400247;0
400458;0
400466;0
400468;0
400469;0
400474;0
400478;0
400535;0
400539;0
400549;0
400551;0
400568;0
400625;0
400669;0
400720;64
401166;20
401176;0
401177;0
401180;0
401181;0
401187;0
401189;0
401190;0
401192;0
401502;0
402089;0
402134;0
402136;0
402139;0
402235;0
402263;4
402330;0
402331;0
402363;4
402429;1
402470;16
402472;1
402475;8
402705;0
402763;0
402854;0
402879;0
402939;0
402971;6
403106;0
403398;0
403399;0
403400;0
403402;0
403449;0
403452;1
403586;0
403686;37
403882;0
403883;0
403884;0
403893;0
404148;2
404150;1
404159;0
404203;1
404636;0
404648;0
404649;12
404851;1
404880;3
404960;3
405110;0
405138;20
405139;0
405265;5
405342;0
405343;0
405344;0
405346;0
405386;4
405458;0
405459;0
405471;0
405631;0
405632;0
405727;0
405862;2
405879;0
405882;6
405955;0
405956;0
405961;0
405962;0
405967;0
406047;0
406133;0
406134;0
406584;0
406604;4
406676;1
406755;0
406882;2
406926;0
407919;0
408171;2
408183;0
408308;0
408478;0
408604;1
408650;0
408756;2
408846;0
409602;0
409621;0
409622;0
409721;0
410046;0
410054;1
410210;0
410224;7
410300;0
410761;0
411136;0
411195;0
411227;0
411384;1
411556;0
411721;2
411824;2
411829;2
411840;6
412174;0
412448;0
412450;0
412484;2
412711;34
412896;7
413031;1
413044;1
413047;1
413063;0
413162;0
413163;0
413164;0
413165;0
413166;0
413285;4
413307;7
413349;1
413420;5
413545;6
413734;0
413904;0
414013;0
414597;0
414618;0
414619;0
414812;0
414972;0
415122;10
415225;8
415228;2
415240;0
415424;0
415441;0
415825;2
415959;0
416114;18
416227;0
416373;4
416945;3
417214;3
417258;2
417272;97
417312;27
417368;0
417370;0
417708;8
417779;0
417818;2
417878;2
417930;32
417979;0
418011;0
418043;0
418350;2
418505;78
418907;0
418945;0
418947;1
418979;0
419123;0
419421;0
419428;0
419564;1
419660;0
419873;1
419892;0
419995;0
420016;1
420095;2
420489;0
420567;4
420568;7
420569;1
420591;1
420655;2
420709;2
420803;0
420847;3
420938;0
420941;3
420979;0
421215;2
421228;0
421239;6
421314;0
421437;6
421481;0
421495;0
421496;0
421508;0
421509;0
421512;0
421517;0
421518;0
421519;0
421520;0
421522;0
421523;0
421524;0
421525;0
421530;0
421531;0
421532;0
421547;0
421560;0
421562;0
421565;0
421881;0
421937;3
421955;2
421960;0
422019;0
422032;6
422046;0
422161;0
422188;0
422198;8
422202;4
422204;1
422269;0
422327;1
422415;1
422417;0
422418;3
422473;0
422643;0
422645;9
422671;6
422688;4
422693;0
423092;10
423104;0
423585;16
423587;8
424152;0
424380;0
424491;4
424503;1
424504;1
424743;0
424748;0
424760;0
424761;25
424767;7
424768;23
424769;0
424772;0
424905;2
424906;1
424908;1
424964;0
424969;0
424998;0
425000;0
425009;1
425011;0
425012;0
425013;1
425014;0
425018;0
425019;0
425045;0
425055;2
425360;2
425361;8
425394;5
425518;10
425734;0
425782;2
425783;4
425882;20
425900;3
425927;0
425961;0
425969;0
425973;0
425975;0
426089;0
426136;0
426218;0
426425;0
426426;0
426513;0
426794;0
426973;2
426981;2
427046;0
427107;0
427319;0
427778;4
427857;0
427858;0
427997;0
428134;5
428611;0
428637;1
428878;2
428879;2
428956;2
429177;5
429214;6
429517;3
429902;1
429926;4
429988;2
430084;0
430140;0
430194;4
430484;0
430637;3
431129;2
431241;1
431314;3
431366;0
431508;0
431674;0
431675;0
431963;3
431977;0
431985;0
431997;1
432053;1
432099;0
432211;1
432306;0
432405;2
432524;0
432597;0
432667;4
432871;1
433057;0
433090;0
433094;0
433106;1
433187;0
433208;8
433301;4
433313;0
433448;18
433494;4
433526;4
433652;1
433762;0
433967;4
434049;2
434471;7
434472;14
434473;0
434560;2
434648;0
434679;0
434764;0
434766;4
434768;0
434806;0
434817;15
434862;1
434888;4
434889;26
435045;10
435046;0
435105;0
435536;0
435537;0
435539;1
435540;0
435577;1
435959;0
435994;2
436149;2
436163;0
436306;0
436307;0
436308;0
436309;0
436411;3
436511;0
436512;0
436514;0
436589;0
437025;2
437056;0
437123;0
437131;0
437139;0
437232;1
437424;1
437443;0
437447;8
437531;0
437686;1
437715;7
437880;0
437881;13
438164;0
438609;0
438616;0
438711;0
438751;0
438760;0
438761;0
438762;0
438772;2
439014;0
439318;1
439323;1
439325;1
439408;1
439415;1
439475;0
439859;0
439863;0
439898;9
439909;3
440178;0
440378;0
440424;0
440479;1
440522;3
441000;2
441028;0
441044;12
441104;0
441118;2
441167;8
441206;50
441225;1
441377;16
441378;1
441513;0
441580;3
441717;0
441934;1
441986;0
442017;0
442021;0
442023;1
442094;0
442122;0
442139;0
442145;0
442146;0
442150;0
442251;0
442581;0
442636;1
442637;3
442638;0
442643;0
442681;0
442715;0
442716;0
442717;2
442718;0
442765;0
442804;5
442822;0
442823;11
442888;3
443035;0
443203;0
443241;2
443716;1
443928;1
444064;1
444734;3
444798;0
444853;1
444892;5
445434;9
445472;0
445755;0
445862;0
445902;0
445970;0
445986;0
445992;0
445993;0
446003;0
446004;0
446080;2
446095;38
446101;0
446284;0
446348;3
446441;3
446559;2
446560;1
446595;0
446719;1
446907;2
447055;1
447086;0
447130;1
447131;1
447132;1
447133;1
447134;1
447135;1
447138;1
447140;1
447251;1
447314;4
447386;2
447431;1
447483;0
447612;0
447642;1
447677;0
447696;2
447746;4
447885;5
447928;0
447939;0
447967;0
447974;0
448100;2
448104;2
448111;2
448123;2
448124;1
448126;1
448130;1
448277;1
448396;3
448479;0
448480;0
448481;0
448752;2
448776;0
448969;0
449073;0
449183;0
449184;0
449360;26
449398;0
449399;0
449551;9
449638;1
449794;0
449900;1
449901;1
449914;1
449943;4
450238;0
450239;2
450244;0
450245;0
450246;0
450321;0
450476;0
450477;0
450478;0
450484;0
450512;0
450513;0
450514;0
450515;0
450516;0
450518;0
450551;1
450709;3
450711;0
450712;0
450730;0
450749;3
450764;1
450770;0
450911;0
450994;0
451212;0
451227;0
451376;0
451395;1
451433;0
451532;0
451588;0
451631;0
451635;0
451637;0
451642;0
451684;2
451689;0
451697;0
451698;0
451699;0
451701;0
451714;0
451732;0
451735;0
451750;0
451752;0
451753;0
451755;2
451758;0
451759;24
451776;0
451778;0
451867;0
451914;0
451931;6
451956;0
451957;2
452021;0
452139;6
452236;2
452323;0
452325;4
452326;0
452328;0
452329;0
452330;4
452561;0
452595;0
452597;0
452600;0
452855;0
452860;0
452862;0
452870;0
452871;0
452872;0
452889;0
452891;0
453107;0
453192;8
453219;0
453318;0
453573;0
453576;2
453580;2
453584;1
453679;1
453728;0
453792;0
454065;0
454066;0
454280;24
454383;0
454527;1
454528;3
454529;1
454544;0
454545;0
454652;0
454772;4
455003;1
455006;2
455009;2
455011;0
455012;1
455013;3
455155;4
455162;1
455349;0
455593;0
455594;0
455597;0
455600;23
455603;0
455604;0
455606;0
455607;0
455608;0
455609;0
455611;0
455612;0
455613;0
455614;0
455616;0
455617;0
455618;0
455619;2
455621;0
455622;10
455624;0
455626;28
455627;20
455629;0
455630;0
455632;3
455634;0
455635;0
455637;0
455639;4
455640;0
455641;0
455643;0
455645;0
455646;12
455647;0
455649;0
455650;0
455654;0
455655;0
455656;0
455661;0
455777;1
455829;0
455837;0
455877;0
455972;0
456056;2
456057;1
456399;0
456400;0
456426;0
456427;0
456450;10
456618;0
456733;1
456792;0
456828;5
456972;0
457217;14
457229;3
457365;0
457366;2
457367;0
457475;0
457478;0
457487;0
457488;0
457591;6
457635;1
457730;0
457974;0
457978;68
457979;0
457980;0
457984;0
457986;4
457989;0
457995;0
458002;4
458670;0
458865;0
458892;3
459076;0
459091;0
459164;2
459166;0
459174;0
459180;0
459539;6
459560;3
459561;10
459570;1
459606;1
459778;0
459783;0
459868;14
459877;51
459991;0
460046;32
460049;3
460068;0
460415;13
460735;1
460999;2
461258;0
461287;6
461312;3
461374;2
461396;30
461665;3
461835;0
461895;0
461935;4
461951;0
461955;0
462167;0
462168;0
462229;1
462237;2
462238;0
462239;0
462274;0
462317;4
462702;0
462706;0
462755;0
462757;0
462758;0
462807;0
462834;2
462839;2
462894;0
462901;1
462903;1
463067;0
463088;10
463259;0
463276;0
463286;0
463340;4
463363;0
463406;2
463407;2
463425;1
463481;2
463508;0
463519;1
463635;0
463637;0
463756;6
463835;0
464039;1
464047;1
464202;0
464223;0
464261;0
464592;1
464766;1
465510;0
465536;0
465541;0
465554;0
465556;0
465561;4
465694;0
465695;0
465698;0
465765;1
465767;7
465814;4
465815;0
465897;2
465904;3
466051;0
466228;0
466433;0
466533;0
466667;0
466769;2
467190;1
467194;0
467213;1
467224;10
467228;1
467675;2
468013;0
468035;0
468044;0
468046;0
468047;0
468498;0
468544;2
468986;4
469183;0
469326;2
469337;0
469582;0
469590;0
469721;0
469725;0
469727;1
469729;0
469741;1
469766;0
469820;8
469822;1
469824;3
470098;0
470099;3
470102;3
470219;1
470370;2
470389;1
470470;8
470595;0
470596;0
470599;0
470633;3
470835;0
471029;3
471180;2
471325;0
471463;0
471465;2
471466;0
471467;0
471509;5
471543;0
471574;0
471772;4
472216;1
472233;0
472248;2
472250;2
472251;6
472311;1
472321;0
472427;0
472429;0
472436;0
472483;0
472591;1
472703;16
472710;4
472836;5
472837;6
472838;6
472839;6
472979;0
473462;0
473781;0
473802;2
473840;0
473841;0
473889;1
473929;2
473978;0
473998;1
474284;2
474285;2
474286;3
474458;2
474503;2
474768;0
474821;0
474915;10
474977;0
474980;0
474981;0
475028;5
475030;4
475036;4
475172;1
475595;1
475638;0
475730;1
475787;1
475851;5
476053;2
476092;2
476123;0
476127;0
476168;4
476231;0
476385;1
476512;0
476899;0
476909;2
476988;0
477024;0
477108;2
477118;1
477119;0
477124;0
477179;2
477279;0
477357;0
477410;0
477414;1
477417;0
477431;3
477475;1
477572;0
477581;0
477739;0
477754;1
478030;0
478155;0
478160;0
478369;0
478542;0
478562;1
478564;0
478565;0
478567;0
479100;4
479368;1
479436;0
479440;0
479567;2
479654;2
479957;20
480278;0
480279;0
480623;0
480653;2
481210;3
481400;17
481552;11
481937;0
481958;1
482020;1
482310;1
482517;12
482774;2
482861;8
483170;2
483777;4
483865;1
484001;6
484088;10
484211;2
484457;6
484466;0
484491;1
484538;0
484967;0
485141;0
485142;0
485146;0
485148;0
485320;0
485437;0
485441;6
485447;0
485962;0
486063;1
486209;0
486611;2
486642;0
486717;0
486786;0
486827;2
486919;0
487073;1
487098;1
487193;0
487194;0
487223;1
487258;6
487261;4
487635;1
487717;0
487734;4
487797;0
487849;0
488212;0
488257;0
488260;0
488290;0
488316;0
488324;1
488418;0
488761;0
488772;1
488809;0
489089;1
489142;0
489254;0
489331;0
489332;0
489333;0
489428;4
489429;0
489430;0
489431;0
489434;1
489482;2
489486;0
489488;0
489607;0
489642;0
489666;0
489676;0
489843;0
489845;0
490208;14
490491;0
490611;0
490614;0
490618;0
490976;4
491060;1
491175;0
491235;0
491337;2
491464;0
491511;0
491512;0
491796;0
491992;0
491997;0
492135;3
492136;3
492245;0
492246;0
492459;0
492910;0
493174;0
493188;0
493256;0
493276;1
493373;0
493628;0
493747;0
493828;2
493835;1
493873;0
494193;0
494242;1
494295;4
494296;12
494467;0
494502;0
494504;450
494648;0
494785;0
495017;0
495101;2
495343;4
495457;0
495721;19
495730;19
495758;0
495977;11
496056;8
496068;0
496110;0
496306;0
496309;1
496310;1
496311;0
496312;8
496313;0
496318;0
496323;0
496325;4
496326;0
496354;0
496355;0
496356;0
496357;0
496363;0
496364;0
496370;0
496373;0
496374;0
496376;0
496378;0
496379;0
496380;0
496382;0
496384;0
496401;0
496423;0
496424;410
496428;0
496434;0
496435;0
496436;0
496437;0
496439;16
496471;0
496473;0
496478;0
496479;0
496481;0
496482;0
496483;0
496500;0
496501;0
496505;0
496511;0
496514;0
496515;0
496525;0
496536;0
496538;0
496539;0
496591;0
496689;0
496695;0
496718;0
496737;0
496999;4
497065;5
497083;0
497087;8
497132;0
497270;0
497285;0
497429;0
497467;0
497582;0
497588;0
497601;4
497602;7
497684;0
497802;0
497803;0
497809;0
497810;0
497813;0
497818;0
497911;0
497912;1
497922;1
498104;0
498118;0
498129;0
498152;3
498201;0
498202;0
498204;0
498207;0
498208;0
498218;0
498223;8
498225;0
498227;0
498242;0
498243;0
498244;0
498248;0
498249;0
498250;0
498320;0
498373;0
498412;0
498474;1
498531;0
498687;0
498737;4
498892;0
498930;0
499088;0
499142;0
499143;0
499144;0
499192;0
499266;0
499465;0
499571;0
499572;0
499721;0
499782;0
500052;0
500409;0
500576;0
500907;0
501104;0
501105;0
501108;0
501160;2
501251;0
501262;0
501293;0
501307;0
501361;0
501440;2
501459;0
501486;1
501551;0
501552;0
501629;1
501649;3
501789;2
501829;2
502114;1
502133;0
502245;2
502522;0
502541;0
502605;1
502699;0
502718;0
502763;4
502838;2
502858;4
502929;0
503077;1
503221;1
503233;0
503243;2
503291;0
503403;2
503562;2
503974;0
505321;3
505328;2
505443;0
505454;1
505469;0
505470;0
505531;0
505553;0
505589;26,76
505644;0
505645;0
505691;4
505880;2
505972;0
506001;0
506422;0
506430;0
506431;0
506565;1
506573;0
506600;1
506615;0
506724;0
506725;0
506726;0
506734;4
506736;4
506755;0
506756;8
506760;7
506762;9
506765;4
506766;0
506876;0
506911;4
507055;0
507069;0
507165;50
507166;0
507191;0
507192;0
507193;0
507194;0
507195;0
507203;0
507221;0
507292;1
507378;0
507527;1
507693;0
507877;0
508021;0
508024;0
508351;6
508516;2
508655;8
508656;9
508657;12
509081;0
509082;0
509087;0
509170;0
509198;26
509265;54
509425;16
509461;0
509567;1
509709;0
510006;0
510134;0
510209;0
510210;2
510213;0
510342;6
510449;0
510557;1
510788;6
511190;0
511312;0
511329;0
511417;1
511423;4
511640;0
511643;0
511707;6
511740;0
511744;0
511753;0
511754;0
511769;3
511771;1
511852;2
511886;0
512491;0
512628;0
512733;0
512852;0
513007;1
513471;0
513595;2
513667;0
513836;1
513872;3
513986;1
514386;0
514387;0
514526;1
514572;1
514612;2
514652;0
514688;2
515539;2
515625;0
515640;0
515641;5
515642;0
515643;5
515765;4
515858;0
516494;0
516687;0
516690;0
516760;1
516946;0
516947;0
516948;0
516956;1
516959;0
516960;0
516962;0
516964;0
516986;7
517122;0
517253;1
518257;0
518376;1
519019;0
519033;2
519034;2
519068;0
519113;3
519114;2
519115;2
519116;1
519118;1
519119;2
519617;0
519680;0
519827;0
519934;0
519990;0
519997;0
520003;0
520035;0
520039;0
520131;0
520134;0
520215;0
520238;0
520265;0
520321;0
520323;0
520335;2
520344;0
520350;0
520351;0
520354;0
520441;2
520444;1
520536;0
520537;0
520538;0
520540;0
521170;5
521241;0
521258;0
521351;4
521372;0
521539;0
521601;2
521767;0
521835;2
521840;0
522019;20
522076;0
522135;0
522136;0
522138;0
522140;0
522141;0
522142;0
522246;0
522347;0
522356;0
522372;0
522375;0
522379;0
522385;0
522386;9
522387;0
522390;0
522493;1
522532;1
522533;1
522541;2
522542;0
522543;2
522544;2
522545;2
522547;2
522548;0
522659;0
522664;3
522666;3
522942;2
522949;2
523048;0
523050;0
524190;0
524300;0
524416;0
524455;0
524532;0
524533;0
524561;2
524570;1
524571;0
524574;0
524584;0
524587;0
524970;0
524971;0
524973;0
525028;0
525169;0
525199;3
525205;2
525291;2
525292;2
525312;1
525328;3
525337;4
525586;0
525661;2
525763;20
525764;3
525959;1
525989;0
526204;0
526655;0
526850;0
526868;36
526944;1
527107;16
527465;0
527472;1
527492;2
527622;0
527623;4
527806;0
528338;0
528485;0
528561;0
528729;0
528731;0
528733;0
528736;0
528742;1
528826;1
528856;0
528882;1
528898;1
528981;1
529135;2
529333;0
529408;40
529571;0
529669;0
529735;8
529830;0
530265;1
530366;0
530420;0
530682;0
530726;0
530937;0
530943;0
530950;0
531123;2
531124;0
531125;0
531126;0
531127;0
531134;0
531191;0
531192;0
531193;0
531288;2
531548;1
531718;0
531743;1
532098;0
532269;0
532392;100
532510;0
533206;1
533236;1
533449;2
533543;0
533560;1
533563;1
533620;0
533633;0
533964;0
534069;1
534076;1
534077;1
534163;1
534164;1
534314;1
534362;19
534962;1
535050;0
535051;0
535053;0
535056;0
535143;2
535224;1
535457;0
535959;1
536459;1
536647;25
536707;0
536899;7
536986;1
537114;2
537134;0
537402;0
537883;0
538026;6
538030;10
538052;2
538150;0
538318;0
538363;0
538409;0
538691;0
538694;0
538790;0
538881;0
538921;0
538996;0
539630;0
539659;1
539667;2
539719;0
539855;0
539858;24
539886;4
539908;0
539958;0
540200;12
540416;1
540506;0
540626;0
540635;0
540636;0
540637;0
540705;0
540789;1
540893;0
541100;4
541154;6
541167;2
541466;5
541835;0
542022;0
542058;2
542144;2
542149;0
542227;1
542370;0
542578;0
542854;0
542887;1
542925;29
542974;0
542977;4
542978;7
543079;0
543081;2
543082;8
543135;0
543234;1
543495;4
543503;4
543599;0
543603;0
543609;0
543622;1
543678;1
543690;4
543727;1
543749;0
544086;0
544124;12
544378;16
544593;0
544739;0
544740;0
544742;0
544747;0
544908;0
546167;0
547149;1
547260;5
547262;1
547380;0
547494;0
547610;2
547734;0
547801;0
547838;1
547893;0
547920;0
547998;0
548000;0
548002;0
548003;0
548213;0
548504;1
548754;1
548757;0
548759;0
548760;1
548770;0
548771;0
548776;0
548808;0
548815;0
548850;0
548852;0
548854;0
548861;0
548876;0
548877;0
548881;0
548902;0
548903;0
548907;1
548908;6
548909;0
548911;0
548912;4
548913;0
548946;0
548949;0
548950;0
549170;0
549182;0
549206;1
549252;0
549253;0
549519;7
549520;0
549523;0
549527;0
549979;0
550465;0
550480;0
550638;0
550640;0
550699;0
550709;2
550770;0
550859;0
551009;0
551028;0
551063;396
551550;0
551603;0
551621;3
551642;105
551648;1
551727;0
551729;0
551743;0
552346;0
552396;0
553052;8
553138;2
553161;6
553207;0
553267;0
553277;0
553331;33
553363;0
553632;0
553651;2
554105;1
554160;0
554361;0
554640;1
554750;15
554760;0
554825;0
554876;0
555035;4
555051;0
555434;0
555447;0
555640;0
555676;3
555795;4
555875;2
555891;2
555915;0
555998;1
556374;2
556411;0
556417;0
556477;2
556478;0
556864;0
556909;0
557069;8
557290;4
557441;0
557733;0
557963;2
557970;1
557974;2
558161;2
558663;8
558979;6
559397;0
559402;0
559403;3
559404;0
559451;4
559661;52
559740;0
559911;0
560183;0
560201;0
560613;4
560666;0
560670;0
560779;85
560902;6
560988;1
561183;0
561209;0
561378;0
561381;0
561403;0
561437;2
561468;87
561505;2
561601;1
561846;1
561862;1
561863;1
561898;2
562148;1
562288;0
562471;2
562518;0
562552;0
562822;1
562956;0
563292;0
563294;2
563458;2
563596;1
563716;0
563731;0
563737;0
563743;0
564071;0
564188;0
564389;2
564682;0
564889;2
564981;2
565424;5
565435;5
565445;0
565817;1
565981;0
566141;0
566526;0
566569;0
566570;3
566571;0
566572;0
566574;0
566627;1
566642;0
566653;0
566657;1
566680;1
566850;0
566894;0
567470;0
567491;0
567546;1
567553;2
567554;5
567557;2
567568;3
567587;0
567637;2
567676;2
567678;2
567762;2
567781;10
567799;22
568009;2
568118;0
568163;0
568228;0
568244;0
568272;0
568307;0
568317;0
568333;2
568348;4
568578;0
569238;0
569239;0
569667;1
569751;0
569946;0
570066;0
570132;1
570268;0
570367;1
570426;1
570690;0
570747;0
570888;0
570918;0
571183;0
571264;1
571336;0
571337;2
571417;25
571420;2
571464;0
571465;4
571467;2
571502;1
571542;0
571550;0
571604;6
571763;2
571774;0
571882;4
571971;1
572005;0
572121;0
572172;0
572211;0
572212;0
572219;0
572220;0
572486;3
572604;0
572998;3
573004;0
573008;2
573010;0
573069;1
573082;1
573282;2
573284;0
573545;1
573573;0
574019;0
574292;0
574324;0
574339;2
574340;2
574342;2
574343;6
574344;0
574363;0
574395;0
574429;1
574549;0
574668;39
574906;0
575047;0
575318;2
575406;1
575415;2
575749;0
575793;5
576443;0
576456;0
576769;0
576806;1
576835;1
576870;0
576901;6
576962;1
577129;1
577355;0
577385;0
577402;0
578063;0
578076;1
578228;2
578382;8
578492;0
578551;0
578554;0
578557;0
578560;0
578707;0
578782;0
578788;0
578791;0
578988;0
579032;0
579116;3
579340;2
579788;1
579899;2
580153;80
580156;190
580229;1
580230;0
580528;58
580606;6
580608;0
580852;0
581158;0
581159;8
581249;298
581433;4
581713;1
581796;0
581809;10
581838;0
581928;105
581929;75
582214;1
582302;5
582701;150
582721;1
582747;2
582800;0
582895;0
582898;200
583042;0
583043;1
583047;0
583078;0
583484;1
583595;2
583686;0
583801;0
584015;0
584205;0
584513;0
584671;0
585408;0
585554;3
585581;8
585907;5
586135;0
586314;0
586549;2
586912;0
586966;0
587186;1
587865;3
588094;0
588532;0
588748;0
588786;0
589129;0
589371;2
589372;0
589848;2
589948;2
589956;0
589957;0
590545;0
590627;0
590774;0
590778;0
590785;0
590802;16
590845;0
590847;0
590854;16
590855;4
590861;4
591060;1
591528;2
592087;5
592094;0
592131;0
592643;0
592645;0
592675;0
592832;0
592833;10
592848;10
592852;39
592856;0
592885;4
592947;1
593215;0
593357;0
593477;2
593507;0
593574;0
593968;0
593998;0
594134;1
594135;2
594242;0
594299;0
594909;1
594975;0
594996;3
595032;0
595206;0
595214;1
595234;2
595236;2
595623;0
595644;6
595921;0
596080;0
596107;0
596110;0
596226;0
596385;1
596634;0
596898;1
596899;2
596900;1
596939;1
596941;1
597516;1
597556;0
597735;1
597932;1
598103;4
598156;0
598523;4
598649;2
598651;0
598672;0
598705;448
598706;0
598840;3
598858;3
598923;2
598924;3
599214;0
599259;0
599378;0
599576;0
599773;0
599774;0
600469;0
600484;0
600508;0
600509;0
600756;0
600889;0
601323;0
601353;0
601355;1
601358;0
601360;0
601363;0
601364;0
601366;0
602773;2
603402;0
603432;2
603511;0
603707;0
604069;2
604743;1
604777;0
605075;0
605452;3
605516;3
605752;1
605781;2
606450;1
606695;0
606807;0
606808;2
606814;1
607829;2
608422;2
608457;1
608693;34
608959;0
609505;1
610295;1
610456;5
610711;2
610748;2
611645;1
612176;12
612303;10
612328;1
613067;13
613763;2
613887;1
613920;12
614057;2
614227;9
614396;1
614633;5
614829;2
615262;1
616113;2
616250;1
616539;5
616963;4
617624;3
618241;0
618316;1
618646;1
618708;1
618717;1
618787;1
618827;1
618926;0
619083;3
619095;2
619239;2
620146;60
620518;2
621442;1
621510;0
621594;1
621840;0
621886;2
621959;0
622074;2
623158;1
623265;0
623294;4
623785;0
623800;2
624296;0
624325;0
624475;6
624522;4
624569;2
624668;16
625063;1
625241;6
625311;1
625368;4
625499;0
625538;1
625654;0
625761;2
625767;1
625966;2
625985;1
626327;0
626434;1
626817;20
626819;0
627637;1
627955;2
628116;0
628909;1
629195;0
629300;1
629669;2
629725;1
629905;1
630116;1
630347;0
630557;0
631054;3
631060;1
631169;1
631265;1
631497;2
631740;1
632115;0
632192;1
632334;0
632743;6
632768;4
632924;6
633118;1
633257;1
633445;0
633788;2
634064;2
634467;1
634546;6
634694;20
634861;2
635373;5
635870;2
635886;2
636097;1
636202;0
636223;2
636274;4
636430;2
636594;7
636615;0
637275;2
637281;2
638297;2
638647;1
639390;1
639451;0
639712;4
639738;1
640021;4
640101;1
640988;0
641093;2
641744;2
641987;1
642047;0
642468;2
642892;1
643212;2
643519;6
643522;1
643723;2
643741;0
643891;1
644003;2
644126;2
644137;0
644140;1
644272;1
644353;2
644513;1
644983;1
645117;0
646849;0
646911;4
646920;7
646938;0
646963;1
647263;2
647279;1
647330;0
647559;2
647699;3
647772;0
648012;2
648224;1
648527;8
648833;0
648951;1
649321;1
649922;2
649980;1
650043;4
650054;1
650317;1
650336;1
650421;1
650726;9
650793;8
650968;2
651226;4
651333;8
651634;0
652181;5
652713;0
652914;1
653415;8
653611;10
653781;1
653996;2
654030;1
654130;2
654346;3
654579;2
654603;5
655110;0
655130;1
655208;0
655311;2
655737;1
656001;2
656030;1
656298;8
656714;8
656981;1
658204;0
658617;0
658927;0
659109;2
659233;10
659422;3
659811;0
659920;2
660064;1
660300;7
660394;1
661084;2
661128;0
661427;4
661672;1
661787;2
661833;13
661872;0
661953;0
662025;20
662406;8
662682;0
662704;0
662720;0
662747;4
662763;0
662771;0
662801;0
662864;1
663101;3
663307;0
664140;0
664510;0
664576;2
665000;2
665051;6
665220;50
665377;2
665824;3
666269;1
666943;4
667177;1
667355;2
667534;0
667721;1
668315;0
668546;3
668661;12
668838;0
668891;1
669082;2
669505;1
669723;1
670427;5
670584;5
670630;2
670651;8
671006;1
671195;0
671324;1
671529;10
671755;1
672124;8
672258;0
672453;1
672478;1
672720;0
672847;1
672957;0
673278;3
674178;2
674411;1
674698;1
674725;0
674906;1
675230;1
675496;1
676359;4
676990;2
677113;0
677349;2
677691;5
678081;2
678104;0
678672;4
678680;5
679144;2
679158;1
679656;2
679927;1
680916;8
681135;2
681216;1
681289;0
681387;1
681657;2
681777;2
682297;1
683601;0
683608;4
683911;2
684012;0
684156;1
684415;1
684419;4
684462;1
684540;45
684564;1
684733;1
685831;2
686034;2
686042;3
686058;2
686298;0
686338;0
686469;1
686526;0
686821;6
686903;2
687334;2
687341;1
687627;3
687686;2
687755;1
687862;2
687974;0
688610;19
688724;4
689020;2
689224;1
689294;2
689553;2
689841;1
689915;2
690246;0
690787;3
690845;4
691027;2
691179;2
691476;1
691548;0
691689;1
691831;4
691962;1
692513;2
693406;1
693527;2
693534;4
693687;4
694532;0
694592;0
694675;2
694744;2
694797;0
694860;0
695104;1
695558;1
695755;7
695801;30
695892;2
696290;0
696694;4
697228;0
697254;2
697794;1
698016;0
698272;6
698763;4
698868;0
699015;2
699026;0
699371;6
699434;1
699525;1
699984;1
700054;1
700256;2
700820;3
701225;2
701301;4
701863;1
702144;1
702512;0
702590;1
703490;1
703678;2
704733;1
705219;4
705334;1
705482;2
705720;0
706125;10
706265;1
706358;3
706635;0
707022;1
707154;1
707452;2
707496;10
707521;6
707604;1
707656;0
707832;1
708220;2
708503;1
708551;1
708818;6
709183;1
709651;10
709724;2
710739;1
710799;2
710964;2
711374;2
711407;2
712050;1
712069;1
712207;6
712928;0
713209;2
713365;2
713489;1
713978;0
714435;4
714567;2
714588;2
714790;1
714862;2
714958;0
714960;0
715008;0
715230;1
715423;2
715614;2
715981;1
715996;0
716114;1
716822;2
717049;5
717271;1
717464;24
718008;1
718325;20
718708;1
718751;1
718851;3
718856;2
719052;0
719215;4
719344;1
719487;1
719608;3
719615;0
719631;4
719937;1
720590;8
721026;0
721029;2
721161;1
721439;2
721566;2
722201;1
722282;2
722456;0
722514;2
722582;2
722628;0
722682;1
722919;2
723283;2
723378;1
723517;0
723525;0
724277;1
724520;0
724539;2
724740;20
725335;2
725883;8
726096;0
726159;0
726813;0
726988;1
727206;1
727503;1
727697;20
728156;1
728699;1
729439;3
729453;31
729699;0
730139;4
730202;0
730279;0
730553;1
730881;1
731503;0
731629;0
731680;0
731796;8
731949;4
731959;0
732145;2
732266;7
732331;1
732536;2
733030;1
733104;2
733531;1
733584;1
733839;5
734402;0
734690;1
734739;2
734755;2
735092;4
735193;4
735289;0
735737;1
735978;2
735987;1
736753;0
736773;2
737098;1
738130;1
738173;1
738237;32
738482;2
738636;0
738757;2
739127;2
739342;1
739460;2
739675;2
739854;0
740056;10
740194;2
740256;1
740580;0
740814;1
741749;2
742201;4
742536;0
742959;2
742967;1
743127;2
743224;0
744175;2
744240;1
744926;12
745169;1
745275;10
745399;0
745558;1
745580;1
745694;1
745814;0
746333;4
746479;0
746516;2
746879;2
747000;1
747237;0
747278;2
747689;0
748465;0
748582;0
748656;1
748686;0
748708;1
748712;2
748806;1
748976;1
749287;5
749474;1
749728;8
750064;1
750217;1
750455;0
750511;0
750791;4
750979;4
751340;2
751361;2
751408;3
751469;0
752013;0
752332;0
752996;0
753745;3
754345;1
754568;1
755004;1
755163;2
755299;1
755543;2
755583;0
755696;0
756100;1
756202;0
756229;0
756324;2
756458;0
756597;0
756759;1
757066;1
758020;0
758976;2
759146;1
759437;1
760278;0
760377;0
760636;2
760767;0
760882;3
761638;5
762075;0
762142;2
762288;2
763017;2
763225;0
763325;3
763371;5
763434;0
763509;1
763648;8
764208;4
764667;0
764712;2
764767;2
765092;4
765504;2
765799;2
766088;4
766292;0
766800;2
766832;1
767049;1
767069;1
767319;2
767367;3
767392;2
767467;1
767478;2
767925;2
768046;1
768403;0
768842;1
768847;32
768863;0
769016;2
769143;2
769570;6
769742;0
769889;0
771001;3
771073;20
771102;1
771204;0
772134;2
772547;1
772758;2
773100;12
773276;0
773291;0
773359;0
773471;2
773532;0
773852;0
774136;2
774464;0
774510;1
774701;3
774874;2
774913;0
775075;10
775301;1
775920;8
776232;0
776778;2
776937;4
777171;1
777273;1
777350;4
777972;2
778033;2
778658;2
778895;10
779063;10
779095;0
779175;1
779251;1
779318;2
779765;1
780084;12
780371;1
780778;2
781144;1
781638;2
782471;1
782594;0
782878;2
782929;2
783243;1
783407;0
784070;1
784072;1
784359;0
784382;0
784487;8
784986;2
785293;1
785580;0
785636;0
785661;0
785709;0
785839;2
785867;0
785996;3
786346;50
786626;4
786644;1
786691;0
786856;1
787246;0
787684;1
787894;2
788002;2
788229;2
788305;2
788649;2
788921;2
789339;0
789492;0
789722;1
789919;2
790015;0
790228;8,22
790365;1
790394;1
790909;0
791096;0
791218;1
791293;1
791333;2
791544;2
792432;1
792958;2
793788;5
794028;0
794105;4
794523;2
795353;0
795475;1
795769;4
796016;1
796245;4
797377;14
797444;2
797509;0
798050;1
798300;2
798306;4
798455;1
798469;0
798904;2
798989;0
799005;0
799256;2
799380;3
799404;9
799935;2
800099;1
800121;0
800533;2
800921;2
800971;0
801030;10
801042;1
801206;3
802067;1
802436;0
802641;7
802760;0
802949;6
803172;0
803258;1
803318;8
803487;8
803574;0
803686;6
804030;5
804032;1
805681;0
805833;2
805891;2
806054;2
806109;1
806134;0
807070;6
807392;1
807525;2
807599;1
807692;2
807780;1
808280;4
808381;4
808746;1
808801;0
808977;1
809317;2
809354;4
809461;0
809464;4
809603;0
809749;4
809861;4
809870;0
809896;0
810140;1
810185;0
810207;0
810869;2
811507;3
811573;2
811575;1
811582;1
811682;0
811807;2
812094;0
812139;8
812309;2
812396;0
812427;2
812474;4
812538;2
812670;1
812716;1
812969;1
813202;1
813211;6
813424;1
813730;1
813923;1
814080;2
814128;1
814643;0
814771;0
815164;0
815537;3
815545;0
815756;7
815772;0
815799;0
815829;0
815900;0
815926;0
815942;0
815969;4
815977;20
815993;0
816163;2
816384;2
816680;2
816833;4
816868;0
816876;0
816884;1
816930;0
816949;0
816957;0
817007;0
817066;0
817082;0
817419;4
817616;0
818359;0
818370;2
818843;1
819080;1
819470;0
819745;1
819852;1
819855;8
820183;1
820201;2
820497;0
820690;0
820790;2
820829;0
820876;2
821587;3
821620;0
821635;10
821740;2
822802;2
822998;1
823043;1
823101;4
823984;1
824308;2
824553;1
824713;1
824896;1
824958;2
825180;2
825216;1
825408;17
825478;2
826263;4
826575;1
826667;2
827004;1
827260;1
827732;2
827971;5
828182;4
828545;1
828548;0
828720;1
829149;4
829281;4
829374;0
829405;360
829770;2
829844;2
829943;0
829951;10
829960;28
829978;0
829986;0
829994;0
830056;2
830216;151
830224;119
830230;2
830389;14
831298;0
831367;0
831379;0
831387;0
831409;0
831422;0
831468;2
831540;10
831704;43
831869;3
832526;1
832737;1
833229;4
833257;1
833596;9
833764;2
833782;2
833840;2
834581;0
834796;4
834999;0
835391;8
835454;1
835483;1
835486;3
835497;0
837719;0
838156;1
838199;0
838459;0
838539;4
838663;3
838711;15
838970;0
839132;0
839155;2
839190;1
839385;2
839592;1
839886;2
839975;0
840059;0
840227;1
840261;2
840476;0
840523;1
840687;1
840733;12
840993;0
841091;2
841631;2
842121;5
842602;3
843035;1
843049;9
843128;2
843231;3
843518;1
843531;1
843777;2
844054;1
844220;1
844424;1
844596;4
844768;0
844826;176
845056;1
845195;0
845253;1
846283;2
846288;2
846323;3
846361;1
846425;2
846429;0
846539;1
846913;2
846988;0
847801;0
848068;20
848209;1
848673;3
848997;3
849170;0
849189;0
849683;0
850253;2
850491;0
850508;1
850787;0
851174;1
851550;1
851887;1
852042;6
852055;1
852298;20
852434;0
853320;1
853386;4
853443;2
853977;10
854062;2
854339;4
854737;7
854793;4
854820;1
855055;1
855140;1
855179;1
856337;1
856520;2
856570;1
856823;2
856836;1
856922;1
856973;1
857092;0
857122;0
857173;0
857211;0
857558;1
857828;0
858288;7
859081;1
859137;50
859636;0
860184;4
860261;0
860366;2
860588;2
860711;1
860823;24
860937;2
861146;1
861252;2
861574;1
861586;0
861918;1
861966;6
862051;1
862099;1
862153;2
862566;1
863160;4
863269;0
863368;10
863530;0
863535;1
863564;0
863572;0
863599;30
863688;0
863691;0
863717;1
863726;0
863734;0
863742;0
863750;0
863777;0
863823;0
863992;2
864090;0
864230;2
864310;3
864311;5
864356;10
864511;0
864561;18
864659;40
864874;1
865076;290
865605;15
865613;0
865648;0
865655;2
865656;8
865680;0
866351;0
866800;1
866823;2
867728;2
867838;0
868246;0
868471;0
868631;1
868757;4
868872;16
868898;2
869086;1
869369;62
869433;1
869554;0
869663;2
869808;1
870423;5
871160;0
871418;1
871664;1400
871798;2
872050;4
872251;3
872715;3
873279;0
873393;2
873579;1
873930;329
874065;0
874067;1
874323;1
874543;2
875028;2
875092;4
875316;1
875616;1
875663;38
875667;2
875705;2
875781;1
876427;1
876946;0
877113;1
877410;0
877606;11
878054;1
878406;12
878652;1
878739;1
879261;2
880077;1
880563;1
880724;1
882130;2
882302;1
882421;2
882458;0
883245;25
883315;1
883806;2
885052;1
885224;0
885561;2
885649;0
885677;2
885820;2
885918;1
886748;0
886827;2
886830;2
887139;0
887251;15
887295;1
887368;1
887656;8
887824;6
888029;0
888301;40
888733;2
889042;1
889213;2
889258;20
889486;0
889636;12
889652;0
889709;0
889784;0
889792;0
889814;0
889830;0
889865;4
889904;1
889946;0
890120;0
890162;0
890170;2
890260;0
890286;0
890324;0
890405;0
890425;1
890476;2
891056;2
891280;2
891704;1
892411;0
893616;2
893632;2
894282;1
894313;6
894708;1
894926;0
894940;0
895286;6
895391;2
896194;0
896494;1
896648;1
896771;3
897006;2
897371;2
897535;2
897545;0
897564;1
897782;1
897873;0
898339;2
898344;18
898461;6
898676;1
899416;1
899723;0
899779;0
900536;2
900596;20
900651;1
900849;0
900925;2
901667;1
901737;0
901948;2
901971;2
901979;0
902632;0
902667;0
902683;0
902708;5
902747;2
903038;0
903084;1
903417;0
903778;2
903828;2
904081;1
904400;1
904582;1
904600;0
904918;2
905067;3
905274;1
905288;2
905320;4
905357;0
905383;2
905511;4
905530;1
905701;0
905981;1
906013;2
906304;1
906357;1
907234;13
907236;0
907901;0
907914;2
907919;1
908114;1
908675;9
908884;1
908890;2
908947;1
908985;4
908987;10
909089;0
909098;2
909121;2
909599;1
909674;10
909706;2
909733;1
910480;2
910830;7
910856;0
910899;3
910981;2
911214;6
911276;2
911832;1
911853;3
911925;8
912188;0
912260;2
912387;0
912721;2
912730;0
912767;3
912838;2
913130;2
914440;2
914601;1
915161;3
915164;6
915445;1
915510;2
916010;2
916328;1
916874;1
917227;2
917322;1
917421;0
917552;2
917561;10
917967;2
918244;2
918473;6
918646;0
918724;7
918789;5
918866;1
919185;1
919380;0
919439;2
920118;12
920287;1
921229;20
921582;1
922037;2
922258;1
922305;8
922314;1
922377;0
922381;2
922409;4
922467;1
922688;4
922740;7
922810;1
922862;0
923149;1
923168;0
923837;1
924018;10
924126;0
924278;45
924772;4
924988;2
925007;2
925027;0
925066;2
925094;2
925245;1
925399;0
925558;1
925736;2
925879;2
926041;2
926162;0
926266;1
926562;1
926587;1
927251;5
927672;2
927735;2
928390;2
928400;2
928406;0
928733;1
929051;3
929332;1
929343;1
929356;1
929461;6
930019;15
930282;1
930390;0
930529;0
930635;2
930651;4
930929;2
931204;1
931272;4
931492;3
931522;4
932123;1
933366;3
933760;8
934002;2
934073;1
934120;2
934485;0
934567;10
934602;1
935110;2
935197;2
935445;1
935522;0
935530;0
935557;0
935565;0
935654;0
935670;0
935735;0
935751;0
935794;0
936297;0
936361;1
936427;0
936617;1
936677;0
936742;3
936744;25
936839;0
936881;0
936898;0
936961;1
937037;0
937053;0
937061;0
937096;0
937142;0
937177;0
937193;6
940145;2
940495;1
940653;2
940894;8
941174;2
941233;6
941629;2
942258;0
942570;0
942596;0
942600;0
942602;2
942669;0
942693;0
942806;3
942900;13
943027;2
943505;4
943723;1
944111;2
944527;2
944608;0
944632;1
944704;1
945204;2
945803;0
945968;1
946473;5
946937;4
947041;7
947874;1
948054;2
948778;1
948990;3
949166;1
949193;0
949410;2
949825;20
949989;4
950130;0
950381;0
951728;0
951957;6
952423;8
953154;1
953373;2
953576;4
953904;20
954753;0
955037;10
955081;0
955436;2
955543;300
956159;0
956591;1
957319;4
957663;0
957702;4
957754;1
957794;1
957854;9
958053;8
958359;0
958390;2
959126;2
959264;1
959305;7
959470;1
959532;0
959670;0
960290;5
960402;2
960441;0
960657;1
960931;6
961344;2
961669;3
961715;2
961806;1
961964;24
962560;0
962955;5
963331;1
963628;1
963732;2
963937;1
964308;2
964699;0
965372;2
965400;0
965497;2
965641;0
965717;0
966728;0
967405;1
967788;4
968385;2
968518;0
968940;1
968998;2
969199;1
969220;1
969295;2
969712;1
970105;0
970196;2
970412;2
970488;1
970560;4
970768;2
970876;2
970998;2
971339;2
971352;2
971556;8
971600;4
971742;2
972170;2
972299;0
972799;1
972849;4
973046;2
973182;6
973343;0
973440;1
973475;0
973788;0
973829;1
974071;2
974398;0
974436;2
974512;2
974695;1
974796;6
974984;0
975048;0
975055;2
975082;2
975395;1
975709;4
976449;2
976953;4
976981;43
977026;4
977555;5
977936;4
978068;4
978195;1
978625;0
978730;2
978867;1
979153;2
979222;2
980128;2
980362;0
980640;2
980790;0
981433;0
981446;0
981468;1
981599;4
981734;0
982028;1
982348;0
982631;1
983305;1
983649;0
984630;2
984650;2
984940;1
985074;0
985443;4
986312;160
986648;2
986817;2
986969;1
987056;9
987210;2
987636;2
987787;1
987831;1
988134;1
989120;0
989423;6
989992;12
990133;2
990560;2
990815;0
991489;5
991798;1
991968;4
991992;0
992389;2
992565;0
992745;1
992853;2
993121;4
993592;2
993596;14
993630;2
994271;10
994560;1
994701;2
994789;2
995641;0
995667;2
996831;2
996912;8
997048;0
997056;0
79523;0
80773;0
81591;0
82429;0
82431;0
83913;0
83914;0
83921;0
83932;0
83934;0
83940;0
85335;0
86036;0
140813;0
140821;0
169863;0
220230;0
228940;0
256957;0
302666;0
306376;0
307224;0
354077;0
354312;0
355482;0
355484;0
355489;0
359972;0
360731;0
360733;0
362884;0
362932;0
366119;0
366133;0
377424;0
378942;0
385198;0
387475;0
392647;0
392653;0
392655;0
392683;0
392686;0
392689;0
392701;0
392709;0
392710;0
392713;0
392714;0
392719;0
392725;0
392754;0
395904;0
402756;0
402766;0
402780;0
422891;0
427949;0
428010;0
428012;0
428020;0
428054;0
428057;0
428066;0
428082;0
428110;0
428179;0
428260;0
471775;0
474796;0
485397;0
492526;0
492527;0
492528;0
492529;0
515443;0
525435;0
527601;0
527606;0
527608;0
545004;0
545063;0
563776;0
564151;0
614513;0
618148;0
745987;0
785520;0
785547;0
810916;0
810924;0
834424;0
846163;0
936480;0
956853;0
467;0
1107;0
1167;0
1178;0
1181;0
1215;0
1243;0
1318;0
1446;0
2346;0
2373;0
2477;0
2942;0
3835;0
3924;0
4514;0
4862;0
5003;0
5006;0
5510;0
5534;0
5542;0
5917;0
6302;0
6326;0
6426;0
7271;0
7359;0
7434;0
7502;0
7529;0
7971;0
8049;0
8155;0
8282;0
8299;0
9158;0
10229;0
10554;0
11574;0
11579;0
11581;0
11585;0
11595;0
11633;0
11913;0
12134;0
12276;0
12277;0
12292;0
12446;0
12450;0
12552;0
13168;0
13178;0
13185;0
13199;0
13243;0
13472;0
13483;0
13571;0
13974;0
13976;0
14119;0
14251;0
14459;0
14592;0
14594;0
14596;0
14629;0
14668;0
14677;0
14891;0
15125;0
15234;0
15325;0
15406;0
15479;0
15517;0
15538;0
15627;0
15715;0
16104;0
16140;0
16397;0
16666;0
16761;0
16847;0
17224;0
17258;0
17387;0
17642;0
17905;0
18175;0
18293;0
18499;0
18500;0
18501;0
18614;0
18650;0
18782;0
18844;0
18846;0
18854;0
18885;0
18917;0
19359;0
19440;0
19821;0
20143;0
20253;0
20292;0
20321;0
20327;0
20378;0
20398;0
20437;0
20510;0
20514;0
20518;0
20566;0
20623;0
20624;0
20706;0
20773;0
20828;0
20831;0
21715;0
21782;0
21821;0
21889;0
22038;0
22156;0
22157;0
22158;0
22159;0
22161;0
22177;0
22282;0
22283;0
22285;0
22286;0
22287;0
22289;0
22290;0
22291;0
22293;0
22294;0
22297;0
22298;0
22299;0
22304;0
22307;0
22308;0
22309;0
22318;0
22319;0
22320;0
22321;0
22323;0
22324;0
22348;0
22353;0
22356;0
22358;0
22359;0
22380;0
22382;0
22386;0
22387;0
22402;0
22404;0
22406;0
22414;0
22421;0
22427;0
22430;0
22434;0
22448;0
22449;0
22450;0
22452;0
22466;0
22469;0
22471;0
22472;0
22475;0
22484;0
22488;0
22490;0
22492;0
22494;0
22495;0
22498;0
22501;0
22502;0
22503;0
22508;0
22515;0
22517;0
22522;0
22524;0
22525;0
22526;0
22541;0
22542;0
22545;0
22547;0
22548;0
22552;0
22553;0
22556;0
22558;0
22561;0
22562;0
22563;0
22565;0
22566;0
22567;0
22569;0
22571;0
22577;0
22580;0
22581;0
22582;0
22583;0
22584;0
22585;0
22587;0
22589;0
22590;0
22591;0
22592;0
22593;0
22595;0
22596;0
22599;0
22602;0
22603;0
22606;0
22607;0
22609;0
22611;0
22613;0
22614;0
22617;0
22628;0
22637;0
22732;0
22733;0
22750;0
22755;0
22763;0
22766;0
22774;0
22777;0
22781;0
22785;0
22788;0
22789;0
22790;0
22791;0
22800;0
22806;0
22816;0
22823;0
22827;0
22828;0
22832;0
22833;0
22842;0
22843;0
22844;0
22857;0
22859;0
22871;0
22873;0
22874;0
22893;0
22929;0
22930;0
22935;0
22945;0
22948;0
22958;0
22963;0
22966;0
22968;0
22972;0
22974;0
22979;0
22984;0
22994;0
23007;0
23016;0
23040;0
23059;0
23061;0
23063;0
23064;0
23065;0
23066;0
23076;0
23083;0
23084;0
23096;0
23097;0
23099;0
23107;0
23109;0
23112;0
23113;0
23115;0
23117;0
23118;0
23127;0
23130;0
23135;0
23142;0
23144;0
23145;0
23148;0
23153;0
23155;0
23164;0
23166;0
23169;0
23182;0
23186;0
23202;0
23204;0
23220;0
23228;0
23229;0
23231;0
23232;0
23233;0
23235;0
23239;0
23241;0
23247;0
23253;0
23254;0
23255;0
23290;0
23293;0
23294;0
23309;0
23312;0
23313;0
23314;0
23317;0
23320;0
23324;0
23326;0
23327;0
23328;0
23333;0
23336;0
23338;0
23340;0
23343;0
23344;0
23378;0
23385;0
23386;0
23391;0
23393;0
23404;0
23405;0
23406;0
23407;0
23408;0
23427;0
23430;0
23431;0
23432;0
23436;0
23446;0
23447;0
23453;0
23455;0
23458;0
23459;0
23460;0
23461;0
23462;0
23468;0
23470;0
23472;0
23474;0
23478;0
23480;0
23481;0
23484;0
23492;0
23495;0
23503;0
23504;0
23505;0
23513;0
23516;0
23527;0
23528;0
23530;0
23535;0
23543;0
23544;0
23548;0
23552;0
23556;0
23562;0
23565;0
23584;0
23600;0
23602;0
23621;0
23628;0
23631;0
23636;0
23640;0
23658;0
23662;0
23666;0
23675;0
23678;0
23690;0
23691;0
23696;0
23697;0
23704;0
23706;0
23711;0
23715;0
23718;0
23725;0
23727;0
23731;0
23732;0
23733;0
23735;0
23738;0
23742;0
23746;0
23748;0
23749;0
23756;0
23769;0
23773;0
23774;0
23780;0
23786;0
23788;0
23789;0
23796;0
23808;0
23818;0
23819;0
23823;0
23847;0
23853;0
23858;0
23859;0
23865;0
23870;0
23875;0
23877;0
23881;0
23887;0
23888;0
23891;0
23895;0
23896;0
23904;0
23909;0
23910;0
23913;0
23917;0
23918;0
23921;0
23923;0
23924;0
23928;0
23929;0
23935;0
24131;0
24187;0
24193;0
24212;0
24213;0
24215;0
24218;0
24222;0
24227;0
24229;0
24230;0
24232;0
24233;0
24234;0
24235;0
24238;0
24243;0
24250;0
24256;0
24268;0
24272;0
24273;0
24274;0
24292;0
24312;0
24342;0
24355;0
24357;0
24362;0
24366;0
24375;0
24377;0
24385;0
24389;0
24395;0
24404;0
24416;0
24419;0
24442;0
24450;0
24470;0
24474;0
24475;0
24476;0
24479;0
24482;0
24484;0
24488;0
24489;0
24494;0
24495;0
24499;0
24528;0
24584;0
24587;0
24596;0
24601;0
24606;0
24762;0
24782;0
24785;0
24793;0
24807;0
24808;0
24834;0
24835;0
24838;0
24839;0
24843;0
24898;0
24947;0
25252;0
25367;0
25821;0
26565;0
26643;0
26682;0
27588;0
34410;0
34940;0
35319;0
37389;0
44960;0
54045;0
55161;0
55566;0
55671;0
55784;0
56512;0
56815;0
56886;0
59164;0
59166;0
59226;0
59404;0
59882;0
60386;0
61105;0
61245;0
61531;0
62188;0
62519;0
62552;0
62580;0
62900;0
63116;0
63143;0
63157;0
63171;0
63241;0
63262;0
63464;0
63467;0
63469;0
63470;0
63472;0
63485;0
63639;0
63899;0
63903;0
63904;0
64079;0
64080;0
64081;0
64082;0
64083;0
64085;0
64086;0
64087;0
64088;0
64160;0
64197;0
64363;0
64364;0
64624;0
64655;0
64674;0
64821;0
64911;0
65194;0
65195;0
65286;0
65402;0
65425;0
65426;0
65432;0
65451;0
65464;0
65931;0
65989;0
66174;0
66563;0
66564;0
66566;0
66712;0
66774;0
67044;0
67045;0
67106;0
67107;0
67131;0
67143;0
67182;0
67185;0
67196;0
67197;0
67279;0
67362;0
67382;0
67383;0
67464;0
67551;0
67631;0
67632;0
67747;0
67748;0
67749;0
67751;0
67752;0
67753;0
67797;0
67826;0
67859;0
67867;0
67923;0
67929;0
67930;0
67942;0
67947;0
67948;0
67986;0
68238;0
68239;0
68264;0
68266;0
68267;0
68282;0
68283;0
68286;0
68287;0
68317;0
68354;0
68355;0
68422;0
68424;0
68434;0
68466;0
68467;0
68498;0
68502;0
68503;0
68717;0
68727;0
68728;0
68729;0
68731;0
68732;0
68847;0
68916;0
68917;0
68920;0
68922;0
68924;0
68931;0
68935;0
69012;0
69037;0
69050;0
69064;0
69065;0
69066;0
69067;0
69068;0
69069;0
69070;0
69071;0
69073;0
69074;0
69220;0
69222;0
69231;0
69233;0
69240;0
69352;0
69356;0
69357;0
69381;0
69383;0
69384;0
69385;0
69386;0
69387;0
69403;0
69404;0
69468;0
69480;0
69572;0
69577;0
69613;0
69614;0
69820;0
69822;0
69823;0
69826;0
69827;0
69829;0
69830;0
69831;0
69832;0
69967;0
69993;0
70021;0
70105;0
70118;0
70128;0
70164;0
70168;0
70169;0
70184;0
70373;0
70387;0
70896;0
70902;0
70903;0
70924;0
70926;0
70928;0
70929;0
70967;0
71127;0
71133;0
71156;0
71158;0
71160;0
71178;0
71180;0
71183;0
71184;0
71577;0
71827;0
71836;0
71988;0
72011;0
72020;0
72278;0
72349;0
72512;0
72545;0
72548;0
72565;0
72566;0
72568;0
72584;0
72587;0
72626;0
72646;0
72692;0
72718;0
72721;0
72773;0
72774;0
72780;0
72786;0
72789;0
72830;0
72839;0
72841;0
72873;0
72883;0
72898;0
73004;0
73055;0
73072;0
73092;0
73095;0
73128;0
73129;0
73131;0
73133;0
73150;0
73158;0
73160;0
73167;0
73168;0
73207;0
73208;0
73209;0
73224;0
73259;0
73323;0
73364;0
73456;0
73459;0
73740;0
73742;0
73749;0
73755;0
73756;0
73760;0
73761;0
73762;0
73773;0
73791;0
73794;0
73960;0
74088;0
74089;0
74143;0
74145;0
74170;0
74201;0
74202;0
74203;0
74210;0
74285;0
74363;0
74364;0
74386;0
74450;0
74451;0
74509;0
74511;0
74512;0
75064;0
75133;0
75267;0
75328;0
75348;0
75398;0
75399;0
75405;0
75406;0
75490;0
75491;0
75532;0
75552;0
75553;0
75676;0
75851;0
75992;0
76046;0
76119;0
76281;0
76346;0
76347;0
76383;0
76404;0
76445;0
76447;0
76486;0
76711;0
76712;0
76797;0
76967;0
77098;0
77121;0
77272;0
77668;0
77784;0
77834;0
77982;0
78008;0
78009;0
78019;0
78035;0
78040;0
78041;0
78098;0
78110;0
79488;0
79864;0
79893;0
79897;0
80102;0
80289;0
80469;0
80485;0
80486;0
80513;0
80524;0
80525;0
80580;0
80660;0
80738;0
80924;0
80928;0
80930;0
80932;0
80952;0
80953;0
80972;0
81025;0
81032;0
81036;0
81101;0
81239;0
81577;0
81581;0
81584;0
81585;0
81586;0
81587;0
81588;0
81600;0
81603;0
81606;0
81614;0
81676;0
81772;0
81830;0
81954;0
81972;0
81998;0
82046;0
82047;0
82048;0
82178;0
82383;0
82826;0
83539;0
83742;0
83980;0
84242;0
84308;0
85038;0
85092;0
85140;0
86263;0
89372;0
92089;0
93315;0
94040;0
95478;0
96379;0
96684;0
97902;0
100276;0
100278;0
100300;0
100341;0
100375;0
100535;0
100767;0
100933;0
100969;0
101034;0
101035;0
101041;0
101603;0
101676;0
101787;0
101793;0
101980;0
102607;0
102648;0
102657;0
102659;0
102665;0
102864;0
102868;0
102879;0
102895;0
103033;0
103037;0
103048;0
103052;0
103053;0
103148;0
103399;0
103434;0
103449;0
103482;0
103639;0
103651;0
103654;0
103681;0
103710;0
103753;0
103784;0
103893;0
104036;0
104091;0
104096;0
104097;0
104325;0
104326;0
104391;0
104607;0
105301;0
105408;0
105409;0
105411;0
106045;0
106310;0
106326;0
106464;0
107199;0
107281;0
107282;0
107521;0
107523;0
107525;0
107547;0
107575;0
107798;0
107989;0
108055;0
108441;0
108557;0
108566;0
108917;0
108924;0
108925;0
109076;0
109555;0
109598;0
109623;0
109734;0
109805;0
109892;0
110056;0
110386;0
110404;0
110453;0
110662;0
110763;0
111688;0
111700;0
112305;0
113778;0
114235;0
115266;0
116700;0
117617;0
117705;0
118273;0
121347;0
122615;0
122670;0
122921;0
123513;0
123758;0
125123;0
126314;0
128767;0
130303;0
130605;0
132151;0
132381;0
135232;0
135887;0
137645;0
138465;0
138990;0
140015;0
140942;0
142489;0
144282;0
145327;0
146625;0
147283;0
149845;0
151947;0
152374;0
153141;0
153800;0
154300;0
154318;0
155934;0
157309;0
158798;0
159603;0
160591;0
160735;0
162370;0
163905;0
164020;0
166022;0
166057;0
166464;0
166707;0
169095;0
169633;0
169863;0
170210;0
170887;0
172340;0
172424;0
174368;0
176583;0
177490;0
178020;0
178124;0
179116;0
180742;0
181017;0
181196;0
181650;0
184409;0
184678;0
185477;0
185906;0
186202;0
186203;0
186230;0
186235;0
186304;0
187944;0
190101;0
190845;0
190888;0
191052;0
191787;0
193380;0
194233;0
194566;0
196920;0
197441;0
198846;0
200034;0
200050;0
200077;0
200263;0
200328;0
200450;0
200484;0
200506;0
200514;0
200670;0
200778;0
200794;0
200913;0
202711;0
203875;0
204609;0
205830;0
206385;0
206610;0
206652;0
206660;0
206679;0
206717;0
206733;0
206750;0
206768;0
206776;0
206784;0
206814;0
206881;0
206890;0
206903;0
206938;0
207098;0
207101;0
207110;0
207144;0
207152;0
207225;0
207268;0
207284;0
207306;0
207322;0
207403;0
207438;0
207766;0
208086;0
208868;0
208906;0
209309;0
209350;0
210237;0
210838;0
210978;0
211141;0
211507;0
213373;0
215327;0
215812;0
216003;0
216585;0
216666;0
217158;0
217316;0
217468;0
217743;0
217832;0
217930;0
218634;0
218901;0
219252;0
219495;0
220019;0
220280;0
221392;0
221422;0
221473;0
221481;0
221520;0
221554;0
221961;0
221970;0
222240;0
222542;0
222640;0
222658;0
222666;0
222682;0
222704;0
222720;0
223252;0
224677;0
225061;0
225410;0
225436;0
225509;0
226246;0
226831;0
226882;0
226890;0
227129;0
227137;0
228800;0
228940;0
229679;0
230006;0
231460;0
231757;0
232858;0
233706;0
235121;0
235130;0
235148;0
235237;0
235253;0
235326;0
235865;0
235946;0
235954;0
236420;0
236543;0
236560;0
236586;0
236993;0
237051;0
237132;0
237230;0
237248;0
237388;0
237426;0
240281;0
240290;0
240567;0
240885;0
240990;0
241040;0
241075;0
241784;0
241954;0
243370;0
243615;0
244724;0
244788;0
245754;0
246182;0
246267;0
246476;0
246514;0
246573;0
246603;0
246719;0
247103;0
247430;0
247448;0
247456;0
248819;0
249467;0
251259;0
251275;0
251283;0
252794;0
252891;0
253057;0
253154;0
253367;0
253774;0
254845;0
254956;0
255122;0
256409;0
256757;0
256900;0
256994;0
258091;0
258415;0
258540;0
258843;0
258903;0
259160;0
259276;0
260479;0
261166;0
262123;0
262480;0
262692;0
262994;0
263214;0
263216;0
263932;0
264830;0
265889;0
267902;0
268240;0
268364;0
269050;0
269506;0
270444;0
270972;0
274485;0
274580;0
276627;0
278191;0
278196;0
278954;0
280046;0
280143;0
280640;0
280674;0
280712;0
280801;0
281255;0
281670;0
281700;0
281921;0
282138;0
282219;0
282308;0
282595;0
282677;0
283460;0
283860;0
284335;0
284491;0
284513;0
285005;0
285160;0
285242;0
285684;0
285720;0
287156;0
287512;0
288039;0
288748;0
289046;0
289450;0
290556;0
291560;0
292840;0
295028;0
296066;0
296104;0
296570;0
296856;0
297925;0
298808;0
300017;0
300234;0
300535;0
300548;0
300667;0
301151;0
301347;0
301482;0
301499;0
301645;0
301957;0
301973;0
301990;0
302104;0
302114;0
302415;0
302553;0
302651;0
302666;0
302668;0
302669;0
302697;0
302848;0
303015;0
303104;0
303313;0
303321;0
303498;0
303607;0
304235;0
304358;0
304518;0
304548;0
304735;0
304852;0
304913;0
305085;0
305194;0
305400;0
305406;0
305541;0
305724;0
305816;0
306105;0
306168;0
306297;0
306376;0
306510;0
306562;0
306566;0
307067;0
307069;0
307224;0
307261;0
307479;0
307550;0
307819;0
308215;0
308315;0
308447;0
308758;0
309176;0
309303;0
309346;0
309373;0
309853;0
309894;0
310251;0
310625;0
310678;0
310786;0
310882;0
310886;0
310984;0
311118;0
311211;0
311235;0
311334;0
311486;0
311546;0
311674;0
312041;0
312100;0
312126;0
312231;0
312245;0
312266;0
312334;0
312428;0
312824;0
313025;0
313214;0
313215;0
313242;0
313451;0
313557;0
313630;0
313688;0
313692;0
313694;0
313706;0
313725;0
313984;0
314000;0
314061;0
314083;0
314124;0
314501;0
314639;0
314657;0
314678;0
314853;0
314857;0
314961;0
315025;0
315230;0
315426;0
315663;0
315745;0
315835;0
315897;0
316156;0
316440;0
316527;0
316547;0
316825;0
317015;0
317395;0
317398;0
317492;0
317639;0
317898;0
317977;0
318050;0
318412;0
318413;0
318508;0
318509;0
318583;0
318691;0
318898;0
319062;0
319075;0
319283;0
319325;0
319434;0
319435;0
319478;0
319644;0
319738;0
319807;0
320035;0
320047;0
320050;0
320464;0
320785;0
320839;0
320881;0
320925;0
320932;0
320934;0
321050;0
321161;0
321652;0
321684;0
321687;0
321733;0
321736;0
321885;0
322008;0
322032;0
322088;0
322226;0
322243;0
322280;0
322300;0
322348;0
322683;0
322684;0
322689;0
322736;0
322745;0
322779;0
322816;0
322898;0
323241;0
323255;0
323346;0
323354;0
323367;0
323419;0
323420;0
323481;0
323653;0
323830;0
323990;0
324146;0
324147;0
324154;0
324190;0
324919;0
325028;0
325082;0
325119;0
325187;0
325284;0
325346;0
325387;0
326004;0
326095;0
326102;0
326103;0
326104;0
326105;0
326106;0
326107;0
326108;0
326109;0
326110;0
326111;0
326113;0
326114;0
326115;0
326117;0
326118;0
326120;0
326121;0
326266;0
326408;0
326556;0
326671;0
326730;0
326741;0
326752;0
327161;0
327162;0
327321;0
327447;0
327456;0
327548;0
327765;0
328490;0
328773;0
329071;0
329370;0
329394;0
329557;0
329618;0
329694;0
329880;0
329881;0
329995;0
330007;0
330126;0
330188;0
330210;0
330373;0
330388;0
330563;0
330698;0
330764;0
330841;0
331034;0
331047;0
331090;0
331382;0
331415;0
331431;0
331445;0
331533;0
331842;0
331951;0
331957;0
331970;0
331973;0
332005;0
332012;0
332015;0
332016;0
332041;0
332049;0
332148;0
332156;0
332163;0
332164;0
332167;0
332265;0
332322;0
332367;0
332410;0
332460;0
332484;0
332638;0
332644;0
332666;0
332761;0
332871;0
332895;0
332896;1
332898;0
333076;0
333080;0
333101;0
333139;0
333327;0
333332;0
333376;0
333556;0
333604;0
333665;0
333680;0
333724;0
333748;0
333831;0
333877;0
334051;0
334549;0
334637;0
334644;0
334808;0
335013;0
335048;0
335131;0
335225;0
335254;0
335262;0
335423;0
335478;0
335503;0
335598;0
335825;0
335853;0
335886;0
335949;0
335958;0
335961;0
335963;0
336094;0
336140;0
336143;0
336145;0
336502;0
336565;0
336643;0
336672;0
336726;0
336731;0
336736;0
336737;0
336752;0
336777;0
336928;0
336968;0
337083;0
337088;0
337089;0
337102;0
337109;0
337146;0
337150;0
337247;0
337591;0
337601;0
337620;0
337712;0
338282;0
338419;0
338951;0
338953;0
338955;0
338978;0
338995;0
339130;0
339185;0
339192;0
339568;0
339765;0
339775;0
339973;0
340008;0
340287;0
340400;0
340401;0
340485;0
340499;0
340667;0
341206;0
341237;0
341509;0
341716;0
342033;0
342646;0
343072;0
343293;0
343483;0
343593;0
343707;0
344105;0
344186;0
344233;0
344272;0
344317;0
344420;0
344447;0
344504;0
344515;0
344519;0
344524;0
344632;0
344647;0
344650;0
344679;0
344681;0
344691;0
344795;0
344825;0
344838;0
344854;0
344899;0
344901;0
344911;0
344927;0
345451;0
345512;0
345645;0
345729;0
345745;0
345791;0
345797;0
345798;0
346413;0
346414;0
346737;0
346788;0
346922;0
346943;0
347185;0
347249;0
347348;0
347359;0
347372;0
347512;0
347840;0
347854;0
348207;0
348286;0
348401;0
348410;0
348547;0
348908;0
348949;0
349140;0
349152;0
349160;0
349981;0
349987;0
350095;0
350798;0
351131;0
351214;0
351475;0
351499;0
351602;0
351839;0
352153;0
352359;0
352407;0
352548;0
352638;0
352639;0
352642;0
352655;0
352706;0
352936;0
352937;0
353111;0
353237;0
353411;0
353412;0
353605;0
353631;0
353633;0
353808;0
353969;0
354077;0
354332;0
354879;0
354974;0
355047;0
355232;0
355236;0
355481;0
355482;0
355483;0
355484;0
355485;0
355486;0
355487;0
355489;0
355584;0
355967;0
356010;0
356028;0
356158;0
356256;0
356273;0
356298;0
356323;0
356362;0
356377;0
356427;0
356560;0
356669;0
356732;0
356756;0
356757;0
356769;0
356909;0
357121;0
357341;0
357371;0
357591;0
357683;0
358114;0
358188;0
358210;0
358254;0
358265;0
358311;0
358541;0
358544;0
358559;0
358636;0
358705;0
358706;0
358710;0
358712;0
358716;0
358719;0
358721;0
358722;0
358745;0
358768;0
358769;0
358771;0
358791;0
358994;0
359069;0
359308;0
359359;0
359459;0
359517;0
359527;0
359529;0
359754;0
359962;0
359972;0
360085;0
360203;0
360438;0
360552;0
360731;0
360733;0
360760;0
360761;0
361006;0
361140;0
361353;0
361355;0
361379;0
361500;0
361557;0
362115;0
362372;0
362628;0
362679;0
362702;0
362730;0
362731;0
362745;0
362746;0
362747;0
362884;0
362932;0
362954;0
362957;0
363048;0
363049;0
363209;0
363243;0
363448;0
363456;0
363464;0
363497;0
363519;0
363630;0
363754;0
363771;0
363820;0
363848;0
363851;0
363868;0
363904;0
364624;0
364657;0
364730;0
364745;0
364910;0
364930;0
365572;0
365725;0
365729;0
365797;0
366041;0
366044;0
366119;0
366133;0
366154;0
366233;0
366560;0
366722;0
366746;0
367582;0
367584;0
367585;0
367586;0
367588;0
367589;0
367594;0
367596;0
367599;0
367601;0
367602;0
367604;0
367607;0
367669;0
367671;0
367674;0
367675;0
367744;0
367749;0
367750;0
367776;0
367789;0
367802;0
367903;0
368005;0
368063;0
368064;0
368170;0
368223;0
368309;0
368476;0
368563;0
368677;0
368706;0
368806;0
368831;0
368885;0
368928;0
368937;0
369020;0
369051;0
369133;0
369211;0
369565;0
369879;0
369898;0
369956;0
369960;0
369974;0
370032;0
370102;0
370118;0
370177;0
370504;0
370540;0
370543;0
370544;0
370545;0
370546;0
370547;0
370553;0
370596;0
370617;0
371027;0
371051;0
371163;0
371224;0
371377;0
371600;0
371810;0
371843;0
371860;0
371943;0
371945;0
372047;0
372073;0
372140;0
372219;0
372307;0
372351;0
372412;0
372556;0
372558;0
372561;0
372565;0
372682;0
372726;0
373300;0
373308;0
373322;0
373429;0
373440;0
373453;0
373572;0
373736;0
373858;0
373909;0
373941;0
374018;0
374175;0
374188;0
374194;0
374197;0
374209;0
374222;0
374248;0
374260;0
374398;0
374578;0
374613;0
374683;0
374794;0
374804;0
375140;0
375298;0
375403;0
375458;0
375478;0
375556;0
375560;0
375565;0
375744;0
375884;0
375887;0
375939;0
376133;0
376244;0
376278;0
376356;0
376489;0
376490;0
376624;0
376729;0
376799;0
376801;0
376803;0
376965;0
376999;0
377037;0
377038;0
377138;0
377172;0
377264;0
377283;0
377317;0
377336;0
377419;0
377420;0
377421;0
377423;0
377424;0
377425;0
377458;0
377459;0
377461;0
377475;0
377491;0
377533;0
377573;0
377630;0
377719;0
377790;0
377849;0
377978;0
378002;0
378068;0
378195;0
378220;0
378328;0
378333;0
378353;0
378450;0
378462;0
378492;0
378526;0
378558;0
378631;0
378640;0
378658;0
378678;0
378813;0
378815;0
378829;0
378832;0
378838;0
378887;0
378907;0
378942;0
378969;0
379002;0
379016;0
379017;0
379021;0
379202;0
379214;0
379237;0
379418;0
379427;0
379429;0
379430;0
379451;0
379500;0
379555;0
379768;0
379769;0
379829;0
380052;0
380198;0
380222;0
380247;0
380251;0
380259;0
380260;0
380265;0
380276;0
380295;0
380308;0
380311;0
380315;0
380336;0
380368;0
380376;0
380377;0
380401;0
380416;0
380427;0
380455;0
380463;0
380493;0
380573;0
380648;0
380651;0
380693;0
380720;0
380727;0
380744;0
380745;0
380826;0
380937;0
380950;0
380968;0
380969;0
381124;0
381125;0
381132;0
381269;0
381324;0
381391;0
381398;0
381476;0
381718;0
381858;0
381860;0
381883;0
382051;0
382189;0
382204;0
382213;0
382233;0
382492;0
382526;0
382539;0
382567;0
382569;0
382627;0
382631;0
382746;0
382933;0
382946;0
383002;0
383013;0
383033;0
383137;0
383174;0
383255;0
383256;0
383257;0
383289;0
383363;0
383408;0
383622;0
383898;0
383978;0
384050;0
384161;0
384268;0
384375;0
384378;0
384431;0
384790;0
384814;0
384855;0
385020;0
385094;0
385111;0
385173;0
385198;0
385290;0
385568;0
385666;0
385719;0
385746;0
385763;0
385923;0
385943;0
385958;0
386101;0
386148;0
386210;0
386247;0
386248;0
386317;0
386400;0
386451;0
386479;0
386506;0
386598;0
386634;0
386678;0
386812;0
386896;0
386942;0
386943;0
386968;0
387007;0
387018;0
387020;0
387131;0
387400;0
387407;0
387422;0
387456;0
387474;0
387475;0
387628;0
387778;0
387867;0
387888;0
387890;0
387897;0
387923;0
387944;0
387950;0
387968;0
387969;0
387982;0
388051;0
388066;0
388089;0
388250;0
388446;0
388452;0
388541;0
388592;0
388605;0
388630;0
388666;0
388709;0
388731;0
388814;0
388864;0
389055;0
389058;0
389059;0
389102;0
389189;0
389199;0
389284;0
389301;0
389311;0
389330;0
389451;0
389521;0
389546;0
389562;0
389761;0
389793;0
389798;0
389840;0
389867;0
389959;0
390036;0
390212;0
390229;0
390271;0
390294;0
390407;0
390490;0
390641;0
390808;0
391046;0
391127;0
391148;0
391153;0
391201;0
391202;0
391205;0
391214;0
391220;0
391223;0
391381;0
391518;0
391660;0
391838;0
391878;0
392003;0
392005;0
392013;0
392015;0
392257;0
392278;0
392326;0
392523;0
392641;0
392647;0
392648;0
392649;0
392653;0
392655;0
392657;0
392680;0
392683;0
392686;0
392689;0
392710;0
392713;0
392716;0
392720;0
392725;0
392754;0
392915;0
392936;0
393137;0
393151;0
393153;0
393209;0
393275;0
393466;0
393590;0
393611;0
393728;0
393769;0
393785;0
393853;0
393882;0
394027;0
394097;0
394402;0
394406;0
394438;0
394443;0
394448;0
394644;0
394649;0
394650;0
394656;0
394776;0
394942;0
395009;0
395036;0
395116;0
395152;0
395163;0
395209;0
395260;0
395314;0
395603;0
395666;0
395673;0
395756;0
395855;0
395904;0
395905;0
395945;0
396115;0
396150;0
396184;0
396196;0
396205;0
396214;0
396265;0
396287;0
396295;0
396300;0
396308;0
396316;0
396338;0
396340;0
396342;0
396373;0
396377;0
396382;0
396387;0
396476;0
396579;0
396624;0
396639;0
396640;0
396641;0
396658;0
396664;0
396787;0
396789;0
396879;0
396966;0
397020;0
397130;0
397267;0
397351;0
397620;0
397700;0
397989;0
397997;0
398230;0
398317;0
398517;0
398594;0
398835;0
398968;0
398998;0
399177;0
399370;0
399418;0
399442;0
399505;0
399507;0
399532;0
399601;0
399698;0
399765;0
399774;0
399778;0
399797;0
399799;0
399800;0
399867;0
399996;0
400041;0
400136;0
400223;0
400243;0
400274;0
400275;0
400389;0
400568;0
400762;0
400808;0
400809;0
401166;0
401297;0
401502;0
401659;0
401738;0
401804;0
401949;0
402408;0
402491;0
402522;0
402735;0
402743;0
402756;0
402758;0
402780;0
402872;0
402891;0
402897;0
402898;0
402917;0
402971;0
402978;0
403042;0
403065;0
403106;0
403338;0
403340;0
403362;0
403399;0
403400;0
403521;0
403586;0
403674;0
403686;0
403785;0
403826;0
403903;0
403979;0
404399;0
404431;0
404467;0
404469;0
404721;0
404723;0
404725;0
404726;0
404727;0
404728;0
404729;0
404731;0
404732;0
404733;0
404737;0
404738;0
404744;0
404868;0
404966;0
404972;0
404980;0
404986;0
404998;0
405014;0
405015;0
405110;0
405171;0
405343;0
405461;0
405463;0
405541;0
405547;0
405565;0
405570;0
405573;0
405575;0
405581;0
405583;0
405666;0
406044;0
406134;0
406439;0
406471;0
406481;0
406498;0
406517;0
406604;0
406779;0
406870;0
406873;0
407064;0
407261;0
407295;0
407332;0
407362;0
407363;0
407833;0
407912;0
407928;0
408027;0
408279;0
408332;0
408478;0
408770;0
408790;0
408976;0
409166;0
409377;0
409388;0
409517;0
409538;0
409688;0
409750;0
409856;0
410265;0
410272;0
410336;0
410386;0
410604;0
410623;0
410890;0
411227;0
411254;0
411255;0
411259;0
411486;0
411827;0
411828;0
411830;0
411840;0
411856;0
411857;0
412466;0
412483;0
412515;0
412711;0
412767;0
412985;0
413285;0
414619;0
414652;0
414711;0
414760;0
414808;0
414811;0
414896;0
415268;0
415890;0
416258;0
416394;0
416403;0
416894;0
416996;0
417214;0
417272;0
417589;0
417708;0
417930;0
417931;0
417932;0
417971;0
418143;0
418227;0
418299;0
418482;0
418505;0
418783;0
418907;0
418943;0
419082;0
419123;0
419184;0
419287;0
419392;0
419479;0
419494;0
419616;0
419776;0
419777;0
419788;0
419854;0
419972;0
420011;0
420016;0
420276;0
420279;0
420594;0
420700;0
420727;0
420760;0
420938;0
421290;0
421294;0
421308;0
421314;0
421316;0
421355;0
421409;0
421429;0
421470;0
421471;0
421565;0
421600;0
421960;0
422147;0
422201;0
422417;0
422622;0
422643;0
422645;0
422693;0
422829;0
422835;0
423092;0
423443;0
423515;0
423536;0
423632;0
423945;0
423971;0
423972;0
424021;0
424129;0
424328;0
424380;0
424389;0
424460;0
424491;0
424542;0
424559;0
424631;0
424694;0
424719;0
424761;0
424767;0
424768;0
424820;0
424862;0
424895;0
424896;0
424899;0
424915;0
424969;0
425262;0
425359;0
425518;0
425552;0
425556;0
425557;0
425674;0
425754;0
425882;0
425927;0
426056;0
426078;0
426121;0
426206;0
426530;0
426773;0
426813;0
426845;0
426973;0
426979;0
427190;0
427611;0
427633;0
427694;0
427778;0
427856;0
427857;0
427858;0
427859;0
427863;0
427874;0
427879;0
427883;0
427885;0
427915;0
427917;0
428008;0
428009;0
428010;0
428011;0
428012;0
428013;0
428016;0
428017;0
428044;0
428045;0
428047;0
428049;0
428050;0
428052;0
428053;0
428055;0
428056;0
428057;0
428058;0
428059;0
428063;0
428064;0
428065;0
428066;0
428071;0
428077;0
428079;0
428082;0
428084;0
428085;0
428089;0
428090;0
428091;0
428092;0
428093;0
428105;0
428106;0
428107;0
428110;0
428166;0
428168;0
428174;0
428179;0
428187;0
428206;0
428207;0
428208;0
428209;0
428211;0
428212;0
428214;0
428215;0
428216;0
428217;0
428218;0
428224;0
428225;0
428226;0
428227;0
428228;0
428229;0
428252;0
428259;0
428260;0
428262;0
428265;0
428266;0
428267;0
428324;0
428327;0
428332;0
428399;0
428426;0
428965;0
429059;0
429094;0
429185;0
429353;0
429355;0
429629;0
429656;0
430017;0
430194;0
430224;0
430603;0
430798;0
430888;0
430907;0
431367;0
431369;0
431372;0
431373;0
431374;0
431375;0
431376;0
431377;0
431385;0
431502;0
431508;0
431977;0
431985;0
432030;0
432034;0
432053;0
432085;0
432087;0
432522;0
432539;0
432649;0
432729;0
432782;0
432849;0
433077;0
433158;0
433197;0
433310;0
433311;0
433313;0
433448;0
433498;0
433579;0
433697;0
433698;0
433810;0
433827;0
433911;0
433967;0
434180;0
434672;0
434817;0
434873;0
434889;0
435045;0
435046;0
435069;0
435075;0
435167;0
435270;0
435424;0
435477;0
435666;0
435667;0
435671;0
435785;0
435786;0
435787;0
435959;0
435987;0
435994;0
436166;0
436307;0
436308;0
436309;0
436314;0
436321;0
436408;0
436420;0
436589;0
436713;0
436830;0
437096;0
437123;0
437218;0
437232;0
437249;0
437531;0
437700;0
437875;0
437881;0
437900;0
437939;0
438294;0
438462;0
438580;0
438898;0
438910;0
438928;0
438940;0
438944;0
438979;0
439014;0
439020;0
439063;0
439087;0
439429;0
439676;0
439737;0
439777;0
439864;0
440133;0
440360;0
440575;0
440578;0
440580;0
440593;0
440600;0
440611;0
441118;0
441124;0
441170;0
441281;0
441489;0
441513;0
441946;0
441965;0
442122;0
442145;0
442431;0
442638;0
442783;0
443203;0
443234;0
443241;0
443467;0
443631;0
444130;0
444188;0
444251;0
444704;0
444799;0
444858;0
444925;0
444965;0
445374;0
445613;0
445615;0
445902;0
446101;0
446372;0
446503;0
446804;0
446908;0
447386;0
447640;0
447885;0
447939;0
447946;0
448056;0
448086;0
448212;0
448340;0
449051;0
449127;0
449480;0
449596;0
449743;0
449744;0
449793;0
450267;0
450461;0
450462;0
450648;0
450730;0
450862;0
450994;0
451434;0
451450;0
451758;0
451759;0
451867;0
451956;0
451957;0
451970;0
452021;0
452165;0
452444;0
452561;0
452600;0
452891;0
452955;0
453161;0
453500;0
453560;0
453634;0
453795;0
453862;0
454321;0
454453;0
454489;0
454826;0
455013;0
455052;0
455056;0
455216;0
455256;0
455257;0
455265;0
455267;0
455268;0
455469;0
455600;0
455609;0
455639;0
455640;0
455646;0
455721;0
455761;0
455766;0
456043;0
456056;0
456123;0
456152;0
456163;0
456591;0
456972;0
457365;0
458034;0
458040;0
458070;0
458171;0
458544;0
458782;0
458875;0
458876;0
458877;0
458925;0
458927;0
458930;0
459606;0
459728;0
459729;0
459730;0
459731;0
459732;0
459733;0
459877;0
459991;0
460143;0
460153;0
460338;0
460410;0
460416;0
460789;0
461139;0
461361;0
461376;0
461951;0
461955;0
462219;0
462665;0
462666;0
462760;0
462814;0
462823;0
463022;0
463038;0
463067;0
463148;0
463200;0
463201;0
463202;0
463203;0
463204;0
463206;0
463207;0
463208;0
463209;0
463228;0
463259;0
463280;0
463366;0
463481;0
463804;0
463906;0
464069;0
464587;0
464768;0
464962;0
465056;0
465183;0
465234;0
465409;0
465655;0
466051;0
466275;0
466277;0
466283;0
466284;0
466288;0
466292;0
466299;0
466304;0
466459;0
466461;0
466489;0
466520;0
466764;0
466928;0
467213;0
467863;0
468113;0
468226;0
468541;0
468688;0
468957;0
469001;0
469392;0
469400;0
469401;0
469402;0
469589;0
469746;0
469756;0
469824;0
469879;0
470236;0
470355;0
470586;0
470587;0
470710;0
470714;0
470833;0
471002;0
471161;0
471240;0
471384;0
471425;0
471427;0
471432;0
471441;0
471509;0
471510;0
471514;0
471515;0
471520;0
471522;0
471523;0
471524;0
471525;0
471527;0
471529;0
471536;0
471543;0
471547;0
471551;0
471553;0
471554;0
471555;0
471556;0
471557;0
471562;0
471563;0
471574;0
471575;0
471584;0
471658;0
471672;0
471776;0
471832;0
471897;0
471998;0
472005;0
472027;0
472082;0
472216;0
472276;0
472427;0
472429;0
472436;0
472499;0
472500;0
472501;0
472502;0
472551;0
472574;0
472658;0
472787;0
472967;0
472984;0
473339;0
473366;0
473486;0
473758;0
473774;0
473802;0
473808;0
473845;0
474001;0
474221;0
474240;0
474252;0
474503;0
474721;0
474796;0
475346;0
475520;0
475595;0
475687;0
475983;0
476231;0
476455;0
476899;0
476988;0
477175;0
477197;0
477198;0
477199;0
477357;0
477377;0
477431;0
478030;0
478163;0
478292;0
478407;0
478512;0
478661;0
478663;0
478818;0
478822;0
479033;0
479100;0
479117;0
479367;0
480130;0
480170;0
480181;0
480182;0
480278;0
480280;0
480399;0
480400;0
480448;0
480449;0
480457;0
480817;0
480872;0
481210;0
481229;0
481261;0
481276;0
481325;0
481363;0
481364;0
481400;0
481475;0
481491;0
481542;0
481547;0
481551;0
481552;0
481554;0
481555;0
481562;0
481566;0
481648;0
481850;0
481868;0
481870;0
481871;0
481873;0
481883;0
481921;0
481937;0
481965;0
481996;0
482178;0
482179;0
482180;0
482181;0
482182;0
482183;0
482184;0
482185;0
482186;0
482187;0
482189;0
482190;0
482191;0
482192;0
482193;0
482194;0
482195;0
482204;0
482363;0
482390;0
482469;0
482951;0
483218;0
483219;0
483220;0
483364;0
483464;0
483782;0
484010;0
484039;0
484214;0
484313;0
484314;0
484384;0
484457;0
484459;0
484538;0
484692;0
484829;0
484843;0
484867;0
484868;0
484869;0
484871;0
484872;0
484874;0
484875;0
484876;0
484877;0
484878;0
485213;0
485397;0
485428;0
485441;0
486655;0
486914;0
486930;0
486949;0
487007;0
487073;0
487210;0
487635;0
487659;0
487660;0
487828;0
487888;0
487967;0
488061;0
488224;0
488328;0
488342;0
488705;0
488761;0
489486;0
489666;0
489738;0
490614;0
490893;0
491144;0
491386;0
491532;0
491858;0
491863;0
491866;0
491867;0
491869;0
491871;0
491872;0
491880;0
491891;0
492264;0
492388;0
492520;0
492580;0
492582;0
492710;0
492910;0
493003;0
493386;0
493387;0
493388;0
493389;0
493390;0
493395;0
493396;0
493398;0
493534;0
493628;0
493747;0
493837;0
494504;0
494736;0
494749;0
494785;0
495721;0
495875;0
495965;0
496068;0
496325;0
496326;0
496373;0
496378;0
496478;0
496479;0
496525;0
496718;0
496737;0
496855;0
496880;0
496927;0
497083;0
497087;0
497132;0
497236;0
497304;0
497601;0
497911;0
497912;0
498201;0
498254;0
498286;0
498440;0
498558;0
498737;0
499214;0
500330;0
502804;0
502966;0
502981;0
503077;0
503095;0
503156;0
503446;0
503541;0
503562;0
503691;0
505177;0
505283;0
505709;0
505711;0
505943;0
506259;0
506361;0
506736;0
506755;0
506762;0
506766;0
506876;0
507119;0
507165;0
507166;0
507218;0
507239;0
507527;0
507749;0
507839;0
507858;0
507890;0
508491;0
508509;0
508634;0
508655;0
508656;0
508657;0
508879;0
509085;0
509198;0
509324;0
509501;0
509502;0
509503;0
509504;0
509533;0
510404;0
510788;0
510792;0
510794;0
510851;0
510941;0
511190;0
511566;0
511866;0
512001;0
512455;0
512559;0
512562;0
512646;0
512834;0
512852;0
512893;0
512931;0
513202;0
513240;0
513242;0
513280;0
513284;0
513395;0
513495;0
513507;0
513986;0
514004;0
514110;0
514454;0
514504;0
514610;0
515124;0
515443;0
515765;0
515846;0
516279;0
517311;0
518169;0
518395;0
518541;0
518948;0
519019;0
519033;0
519119;0
519399;0
519405;0
519413;0
520101;0
520130;0
520215;0
520326;0
520327;0
520328;0
520329;0
520331;0
520332;0
520335;0
520345;0
520346;0
520353;0
520493;0
520537;0
520562;0
520876;0
520877;0
521327;0
521372;0
521505;0
521840;0
522004;0
522032;0
522100;0
522274;0
522356;0
522516;0
522542;0
522544;0
522545;0
522942;0
523897;0
524021;0
524166;0
524190;0
524455;0
524719;0
524727;0
524735;0
524862;0
524863;0
525128;0
525139;0
525337;0
525435;0
525593;0
525696;0
525790;0
525838;0
526222;0
526225;0
526593;0
526944;0
527107;0
527275;0
527354;0
527538;0
527595;0
527596;0
527597;0
527601;0
527606;0
527608;0
527609;0
527623;0
527656;0
527688;0
528026;0
528485;0
529272;0
529316;0
529380;0
529408;0
529527;0
529571;0
529756;0
529804;0
530366;0
530390;0
530726;0
530744;0
530937;0
531682;0
531768;0
532098;0
533096;0
533543;0
533582;0
533645;0
533754;0
534238;0
534278;0
534353;0
534735;0
535642;0
535732;0
537535;0
537701;0
538315;0
538318;0
538484;0
538492;0
539155;0
539264;0
539296;0
539442;0
539656;0
539806;0
539888;0
539958;0
540088;0
540129;0
540142;0
540745;0
540747;0
540776;0
541188;0
541254;0
541701;0
541704;0
542149;0
542195;0
542887;0
542919;0
542925;0
543488;0
543496;0
543603;0
543619;0
543904;0
544593;0
544631;0
544662;0
545894;0
545939;0
545962;0
546017;0
546211;0
546305;0
546319;0
546322;0
546357;0
546501;0
546595;0
546629;0
546690;0
546857;0
547168;0
547363;0
548002;0
548003;0
548022;0
548065;0
548304;0
548425;0
548757;0
548760;0
549519;0
549527;0
551063;0
551518;0
551643;0
552392;0
552394;0
552396;0
552397;0
552600;0
553138;0
553246;0
553377;0
553486;0
553518;0
553870;0
553980;0
554318;0
554595;0
554750;0
554760;0
554787;0
554825;0
555640;0
555676;0
555799;0
555875;0
556411;0
556447;0
557970;0
558904;0
558982;0
559727;0
559911;0
560670;0
560988;0
561437;0
561532;0
562518;0
562742;0
562909;0
562910;0
563003;0
563004;0
563294;0
564081;0
564184;0
564486;0
565352;0
565374;0
566107;0
566141;0
566273;0
566275;0
566572;0
566627;0
566657;0
567093;0
568333;0
570066;0
571306;0
571310;0
571313;0
571336;0
571337;0
571399;0
572817;0
573282;0
573948;0
574339;0
574344;0
574549;0
574604;0
574605;0
574606;0
574608;0
574786;0
575202;0
575284;0
575735;0
575737;0
575749;0
575762;0
575767;0
575769;0
575772;0
575774;0
575775;0
575778;0
575793;0
576139;0
576299;0
576835;0
577366;0
577667;0
577864;0
578065;0
578671;0
578707;0
579640;0
581809;0
581925;0
581928;0
582302;0
582304;0
582331;0
582337;0
582343;0
582346;0
582358;0
582519;0
582600;0
582608;0
582630;0
582634;0
582637;0
582701;0
582732;0
582742;0
582801;0
582805;0
582806;0
582807;0
582809;0
582898;0
582958;0
583008;0
583115;0
583365;0
583369;0
583370;0
583400;0
583564;0
583593;0
583595;0
583601;0
583605;0
583668;0
583676;0
584361;0
584455;0
584476;0
584493;0
584593;0
584596;0
584809;0
585166;0
585279;0
585408;0
585424;0
585739;0
586282;0
586350;0
586577;0
586591;0
586683;0
586704;0
586718;0
587162;0
587242;0
587308;0
587647;0
587839;0
588529;0
588530;0
588531;0
588577;0
588602;0
588619;0
588682;0
588736;0
589334;0
589832;0
590391;0
590660;0
591064;0
591070;0
591091;0
591240;0
591284;0
591537;0
591554;0
592087;0
592169;0
592247;0
592337;0
592503;0
592608;0
592852;0
592872;0
592909;0
593213;0
593414;0
593507;0
593568;0
593969;0
593973;0
593977;0
593979;0
594012;0
594013;0
594018;0
594019;0
594054;0
594055;0
594056;0
594058;0
594060;0
594063;0
594068;0
594081;0
594085;0
594192;0
595065;0
595221;0
595227;0
595228;0
595413;0
595685;0
595765;0
595875;0
596065;0
596340;0
596634;0
596898;0
598086;0
598117;0
598263;0
598369;0
598497;0
598705;0
598840;0
598925;0
598990;0
599090;0
599109;0
599111;0
599113;0
599116;0
599117;0
599118;0
599121;0
599125;0
599126;0
599259;0
599384;0
599448;0
599451;0
599507;0
599607;0
599627;0
599630;0
599679;0
599792;0
600091;0
600120;0
600407;0
600497;0
600509;0
601012;0
601385;0
601602;0
601644;0
601753;0
602132;0
603119;0
603586;0
604160;0
606570;0
606901;0
607720;0
607738;0
609528;0
610356;0
610849;0
611568;0
613002;0
613746;0
614351;0
614416;0
614475;0
616010;0
617628;0
618148;0
618241;0
618926;0
619302;0
620062;0
620803;0
621480;0
621536;0
621633;0
622125;0
626358;0
626968;0
626988;0
628905;0
628909;0
628913;0
628948;0
629740;0
631060;0
631738;0
631820;0
632768;0
636606;0
638640;0
639946;0
640564;0
641266;0
641448;0
644838;0
645253;0
646911;0
647233;0
648388;0
648825;0
648850;0
649023;0
649660;0
649686;0
650625;0
650829;0
651486;0
652156;0
652733;0
653497;0
653977;0
655147;0
655229;0
656068;0
656355;0
656461;0
656534;0
656739;0
656941;0
657875;0
658219;0
658740;0
658804;0
661236;0
662720;0
662801;0
663574;0
665029;0
665487;0
668370;0
669237;0
669792;0
670438;0
670634;0
670707;0
671207;0
671991;0
672017;0
673269;0
673285;0
673331;0
673552;0
673668;0
674044;0
674567;0
674591;0
675001;0
675768;0
675776;0
676853;0
676888;0
677043;0
678660;0
679158;0
679429;0
680033;0
681830;0
682470;0
682748;0
686328;0
686379;0
690036;0
691225;0
693872;0
695041;0
697667;0
698016;0
699418;0
700576;0
701521;0
703965;0
704733;0
704901;0
705219;0
705292;0
705349;0
707805;0
707996;0
708267;0
709182;0
709377;0
710555;0
710571;0
716678;0
718102;0
719088;0
719592;0
723622;0
723817;0
724190;0
724277;0
724505;0
727206;0
730181;0
730211;0
730355;0
731064;0
731315;0
731712;0
731978;0
733288;0
733393;0
733504;0
733610;0
734402;0
735035;0
735221;0
736260;0
737275;0
737879;0
738223;0
738237;0
738425;0
738433;0
742201;0
746991;0
747378;0
752819;0
755299;0
756202;0
756504;0
758106;0
759058;0
759922;0
760285;0
760927;0
762288;0
762474;0
762661;0
765134;0
765337;0
766125;0
766942;0
767107;0
767660;0
770183;0
770191;0
772143;0
773124;0
773719;0
774448;0
774464;0
774944;0
774952;0
775619;0
778078;0
778508;0
778826;0
780331;0
780340;0
780731;0
781543;0
782106;0
782114;0
782157;0
782670;0
782688;0
783212;0
785520;0
785547;0
785580;0
785636;0
785704;0
785725;0
786369;0
786500;0
789348;0
789932;0
790946;0
796218;0
799726;0
801810;0
802328;0
804012;0
805133;0
805833;0
807389;0
807692;0
807744;0
808342;0
809464;0
809500;0
810916;0
810924;0
811507;0
811990;0
815164;0
815537;0
815756;0
815993;0
816680;0
816833;0
818550;0
819263;0
819417;0
819833;0
820200;0
820563;0
820849;0
822892;0
824395;0
824440;0
825408;0
828548;0
829146;0
829374;0
830038;0
830216;0
830224;0
830518;0
831298;0
831468;0
831646;0
831704;0
832497;0
832596;0
832740;0
833546;0
833878;0
834300;0
834343;0
834424;0
834893;0
835486;0
838543;0
838632;0
839132;0
839140;0
839213;0
840661;0
842121;0
843996;0
846163;0
846756;0
846988;0
847798;0
852862;0
854999;0
855922;0
856967;0
857122;0
858588;0
859184;0
859249;0
859931;0
862002;0
862153;0
862566;0
863269;0
863599;0
863605;0
863734;0
864741;0
865605;0
865613;0
865680;0
865847;0
866695;0
866849;0
867640;0
868000;0
868077;0
868124;0
868680;0
870250;0
871150;0
871338;0
872813;0
873012;0
875244;0
875973;0
876261;0
877606;0
878132;0
880077;0
881368;0
882405;0
883248;0
883666;0
884995;0
885223;0
885576;0
885649;0
885967;0
890992;0
892475;0
892866;0
894404;0
895026;0
896160;0
896250;0
896594;0
898339;0
901003;0
901269;0
901604;0
901816;0
903417;0
905587;0
905597;0
907234;0
907812;0
907820;0
910225;0
910228;0
910813;0
910856;0
912352;0
912387;0
912395;0
912930;0
912999;0
913774;0
913955;0
914088;0
914673;0
916211;0
916440;0
916708;0
916749;0
918989;0
919349;0
921675;0
923886;0
924018;0
925020;0
925613;0
928400;0
930019;0
930179;0
930529;0
930651;0
931088;0
931522;0
935735;0
936510;0
937037;0
939190;0
940313;0
940946;0
943868;0
944758;0
945803;0
947477;0
952827;0
953576;0
959006;0
959763;0
960962;0
962015;0
964909;0
965324;0
965383;0
966728;0
966798;0
967807;0
971556;0
971770;0
973757;0
974796;0
974892;0
974924;0
975097;0
975306;0
978625;0
981141;0
981435;0
981460;0
985252;0
986910;0
987727;0
988402;0
988588;0
989450;0
989940;0
990221;0
991625;0
994063;0
995037;0
996874;0
11574;30750
11579;2460
11581;0
11585;0
11595;0
11598;0
11633;3350
25367;500
40269;0
55628;0
55629;0
55630;0
56886;0
64821;14300
65425;0
65451;22000
65989;0
66304;0
67196;7880
67197;1600
67370;128
67371;1050
67591;0
67639;0
67797;1275
67901;0
67902;0
67930;640
67986;640
68466;0
68467;0
68498;3160
68502;4840
68503;0
68504;0
68973;0
69480;1850
70126;0
70184;260
70387;0
72786;3060
72789;0
73153;25
74075;0
74089;0
74130;0
74142;0
74143;0
74145;0
74285;5120
74386;0
74450;0
74451;0
74509;0
74512;0
75064;0
75133;0
75405;0
76133;6720
76712;0
77784;0
77888;20
80374;300
82073;640
82075;300
82730;0
83539;10000
83646;625
84532;360
104617;0
130605;6380
200034;4480
200050;9800
200077;0
200263;1700
200328;0
200450;1600
200484;0
200506;7500
200670;4160
200778;540
200913;0
200972;0
248819;0
249467;0
256757;740
258091;5200
290017;0
308758;4000
314957;0
316527;0
327447;0
335254;0
335262;0
336700;800
336726;5000
336777;860
338419;600
344447;2820
348226;0
348286;0
348401;0
348409;0
348410;0
351719;0
351723;0
351724;0
351726;0
352359;0
352875;0
354411;0
354426;0
356298;0
359308;900
363209;0
373320;0
375403;2980
378815;0
378829;1500
378832;200
379534;0
380052;0
380826;0
382204;435
386451;5280
394019;60
394023;5380
394024;1140
394027;0
399505;0
408410;0
416258;0
417969;0
417970;0
423971;4400
430571;40
430907;0
439676;0
450267;25
450862;600
451450;0
460789;20
462019;0
467863;5840
468790;0
468791;0
468792;1920
471658;16920
476026;0
481758;0
482951;28
495520;120
505283;22,68
507119;1080
507122;0
507123;0
507629;0
507749;0
511447;0
511866;0
512559;825
512630;0
518009;175
520876;0
520877;900
523897;50
525139;12000
525593;0
528629;0
531176;160
531682;0
535127;180
541254;0
544662;40
548022;0
554318;6340
558088;0
562909;960
562926;25
563003;1740
563004;940
573625;625
579299;0
582358;41720
584455;0
593977;0
595738;0
658219;5000
710555;0
752819;2400
822892;1580
838543;672
896160;10100
963194;0
981435;2575
981460;580
1832;0
8299;1162,622
9125;0
11574;0
11579;0
11585;0
11633;0
15600;0
22290;0
22307;20000
22515;0
22517;0
22766;0
63241;0
63899;0
63903;10860
63904;0
64164;0
64655;243000
64821;0
65432;0
66321;0
66344;0
66347;10
66564;0
66566;0
66568;0
67182;0
67185;0
67196;0
67631;0
67632;0
67778;0
67797;0
67826;0
67930;0
68264;0
68266;0
68267;0
68422;0
68424;0
68434;0
68502;0
68545;0
68916;0
68917;0
68919;0
68920;52298,019
68922;0
68923;0
68924;0
68931;0
68935;0
69480;0
70032;0
70105;0
71127;0
71133;0
72481;0
72482;0
72568;0
72584;0
72587;1200
72773;0
72774;0
72892;0
73092;12375
73095;832,68
73128;16500
73129;2955,226
73131;187200
73149;0
73150;0
73207;265200
73323;0
73740;0
73742;0
73755;0
73756;0
73760;13560
73761;0
73762;0
73773;2047360
74088;0
74089;0
74145;0
74363;0
74364;0
74386;1250
74511;0
74512;3161320
75267;0
75398;0
75399;0
75405;5567
75406;9675
75490;0
75491;0
75532;0
75676;0
76046;0
76353;0
76383;0
76404;0
76712;15525
76797;193,285
77098;0
77121;0
77784;0
78110;0
79864;0
80034;2400
80035;1920
80486;0
80524;0
80525;610,6518
80660;0,03
80924;11280,9452
80928;0
80930;4016,7321
80932;1564,6974
80952;405,15
80953;4221,5532
81025;0
81032;59972
81033;26360
81036;242000
81239;104653,098
81577;543,75
81580;0
81581;0
81584;1194,275
81585;1948,4
81586;0
81587;2328,375
81588;0
81600;0,14
81603;0
81606;0
81607;0
81772;4500
81774;6750
81830;9990
81954;0
81998;0
82046;0
82047;1538,982
82048;460,44
82178;944,282
82730;10450
83319;4018,34
84242;680,21
84308;5600
85092;0
85140;0
85423;716,4
85516;3928
85735;0
167844;4000
200050;0
200263;0
200506;0
200670;0
200778;0
258091;0
289450;1050
318691;0
325119;7,438
328490;40000
336777;0
344186;0
355331;0
363209;0
375403;0
377533;2638
378558;0
378969;1780
379430;59
380052;0
380826;0
382534;0
382539;0
385020;9450
399505;0
423971;0
431502;1480
437939;0
441170;0
449458;0
451970;72000
460338;0
463038;500
466520;0
470236;0
470244;15000
470252;0
471658;0
473339;0
476685;0
478818;0
506259;365000
506361;1044
507119;0
511866;0
523897;0
544662;0
548022;0
554318;0
562707;0
562909;0
564700;0
578700;0
582358;0
584455;937480
584863;0
584864;0
587521;0
590391;256
752819;0
822892;0
838543;0
896160;0
947477;48
965383;0
967807;2200
981435;0
5956;0
7126;3
12546;0
13424;3
14271;13
14594;0
16226;0
17905;0
18844;0
18983;4
26129;0
30955;2
35319;0
41838;0
42351;0
45990;0
48425;0
48846;4
52279;0
52445;0
52470;0
52599;0
53995;0
54045;0
54260;0
55732;5
55784;16
55892;0
56975;0
57424;0
58244;0
58938;0
59164;3
59404;2
59788;10
60333;6
60386;0
60414;2
60517;0
60693;0
60695;0
60697;0
60698;0
60700;0
60705;0
60708;0
60710;0
61321;0
61531;0
62125;12
68601;2
69782;0
70594;0
70691;0
71135;0
72351;0
73744;0
74114;0
74158;0
74271;2
74467;0
77052;1
77301;9
77404;0
77614;0
78281;0
78675;0
79377;0
80628;0
80791;0
82240;1
82719;0
83108;3
83338;0
83883;0
84045;0
84817;0
85109;0
85400;4
85628;9
85649;0
86301;0
86787;0
87705;0
87975;0
88904;0
89372;0
89383;0
90510;4
90555;0
90627;0
92040;0
92373;1
92935;16
93652;30
93989;0
94121;4
96179;0
96684;7
97175;0
97808;0
98097;2
98194;0
98669;0
98705;6
99931;0
100906;0
100932;0
101034;0
101676;5
103257;1
103639;0
103654;32
103662;0
103681;0
104326;4
104818;0
106206;1
107251;0
107281;0
107282;0
108062;0
108557;0
108571;0
109555;0
109734;0
109836;0
110386;0
110460;0
112093;0
112303;1
112306;0
112370;0
113248;0
113628;0
114434;0
114762;0
115375;0
115605;0
115888;0
115963;0
116651;2
117157;3
117585;0
117617;5
118250;24
118421;30
118529;0
118905;0
119107;0
119160;0
119374;0
119616;0
120159;0
120183;11
120724;0
120792;0
121266;0
121304;0
121538;0
122867;0
123513;130
124573;4
125123;0
125677;1
126110;2
126416;0
127166;1
127311;12
127518;10
128767;0
129052;0
129440;6
129726;0
130593;2
131196;0
132310;0
132335;0
132390;0
132658;0
133393;105
133667;0
133827;2,048
133858;1
134258;1
134693;0
134745;0
135103;0
135740;0
136334;1
136748;0
137594;0
137878;0
138474;0
138723;0
139224;5
139899;54
139954;0
139999;0
140507;0
140618;0
140726;1
141364;0
141420;6
141690;0
141702;9
141955;0
142989;0
144699;0
145940;0
146616;0
146647;6
146775;16
147538;0
147592;2
148209;1
148480;0
149105;0
149193;0
149349;1
149517;0
149886;0
152808;0
153411;9
153913;0
153997;0
154028;0
154404;0
154496;4
154680;1
155556;0
156608;4
156710;0
156864;0
157160;0
157792;0
157823;0
158433;0
159393;0
159879;0
160118;0
160307;0
160591;0
160765;1
160904;0
161232;2
161430;0
161817;0
162445;0
162482;0
162685;0
162824;0
163188;0
164475;0
165220;0
165271;0
165431;7
165525;0
165879;0
165945;2
165968;4
166449;1
166707;1
166758;0
167881;0
168145;8
168397;1
168816;0
169354;0
169633;0
170421;0
170745;0
170833;0
171321;0
171974;0
173453;1
173459;0
173755;0
174111;0
174368;5
175340;4
175764;0
175858;0
175992;2
176909;130
177643;1
177721;396
179116;4
179466;0
179867;0
180438;0
181007;0
181152;0
181973;2
182013;0
182948;0
183471;0
183889;0
184120;0
184782;0
184980;0
185074;2
185614;0
185676;0
186772;0
187450;0
187756;0
187974;10
189250;0
189486;0
189547;0
190134;0
190159;2
190739;0
192235;0
194153;0
194233;5
194566;0
194689;3
195449;0
195532;0
195544;0
195757;0
195848;0
196023;0
196047;0
196293;0
196761;4
196920;95
197266;0
197762;1
198631;1
199084;0
199734;0
200517;1
201890;0
202375;0
202440;0
202732;0
202752;0
203361;2
203875;0
204371;0
204392;0
205037;0
205635;0
206385;0
206792;2
206938;0
207477;2
208050;0
208453;0
209237;0
209375;0
209590;100
210195;0
210237;0
210713;0
211457;0
211925;0
212084;0
212091;0
212494;0
212495;0
212674;0
213380;0
214350;0
214471;12
215327;0
215696;1
215812;109
216387;0
216585;0
217041;0
217672;0
219252;0
219918;0
220019;0
220273;4
220743;2
221078;0
221747;4
222240;0
222640;0
222658;0
222666;0
222675;105
222704;0
222706;0
225196;0
225325;105
226691;5
227040;9
228810;0
228984;0
229346;0
229428;0
229684;0
230604;0
230745;0
230811;10
231341;0
231460;11
232668;0
232892;10
233087;0
233192;7
234138;0
234503;0
234643;0
234836;0
234997;0
236112;0
236386;15
236444;0
236445;0
238304;0
239117;8
239797;1
240080;0
240133;0
240143;0
240262;0
240860;0
240885;0
240901;0
242698;0
243364;0
244514;0
244788;10
245754;0
246215;0
246267;0
246330;0
247062;2
247103;40
247700;10
248536;1
250428;1
250543;0
250938;1
251237;0
251969;0
252461;0
252994;0
253274;0
253472;4
254956;0
255161;0
255422;0
255426;0
255551;6
255751;0
256904;0
257270;0
257715;0
257717;0
258540;0
259098;2
259133;5
259160;2
259894;0
259904;0
260777;1
260788;5
260838;0
261024;4
261250;0
261407;0
261724;0
262123;0
262971;0
263216;0
263344;2
263353;0
263549;1
263879;0
264009;0
264391;0
264518;0
264718;2
265491;2
265531;0
265889;0
266405;0
267432;0
267508;0
267612;1
267902;0
268771;5
269141;129
269327;0
269592;5
269696;0
269737;1
270771;2
270841;0
271524;0
272181;9
272217;0
272246;0
272778;0
273687;2
274485;0
274580;0
275234;0
275308;11
275373;0
275524;0
276267;0
276289;1
276627;0
276746;0
277948;0
278056;0
278191;0
278449;0
278855;0
278954;8
279303;0
280005;0
280040;0
280075;1
280648;0
280674;0
281296;2
281491;0
281733;0
282219;1
283402;0
283507;0
284377;0
284733;0
284982;0
285519;0
285720;0
287667;0
288039;0
288419;0
288775;0
288919;0
289046;0
290060;0
290313;4
290406;0
290763;6
290790;0
291216;0
292547;0
292840;0
293293;0
293772;0
293783;0
294168;0
296160;0
298461;0
299803;0
300017;8
301645;25
301957;2
301973;0
302415;0
302686;4
303015;0
303096;0
303104;0
303107;0
303117;0
303118;0
303233;0
303607;0
303848;0
304485;0
305167;0
305724;0
305816;5
306562;0
306566;200
307976;0
308215;2
309341;0
310003;2
311040;0
311334;0
311467;0
311975;0
311976;0
311978;0
311982;0
312231;2
312245;0
312824;0
313025;56
313727;1
313729;0
313842;0
314852;0
315835;0
316727;0
317114;0
317220;0
317395;3
317613;1
319078;2
319456;5
319933;0
320839;0
321301;0
323346;10
323354;0
326439;0
326440;0
326443;2
327051;0
327162;2
327545;0
327546;0
327548;0
327901;18
330123;4
330126;0
330160;0
330188;0
331431;0
331970;0
332149;0
332163;0
332164;0
332167;0
332170;0
332265;0
332274;0
332346;0
332367;0
332410;0
332824;0
332860;0
332879;0
332898;0
333101;0
333102;4
333108;0
333237;0
334285;0
334288;0
334314;0
334350;0
334363;0
334381;0
334874;0
334877;0
335423;0
335462;0
335503;0
335853;10
336140;6
336145;0
336643;0
337089;0
337247;0
337519;0
337521;0
338955;29
339418;0
339637;0
339739;0
339811;0
339965;0
340168;0
340287;0
340341;0
340485;0
341363;0
343185;0
343483;0
344317;0
344654;0
344655;0
344669;0
344936;1
344939;1
347359;3
347840;0
349466;0
349514;0
349977;0
350070;0
350095;0
350654;0
351116;0
351402;0
351499;0
351595;0
352404;5
352881;0
352883;0
353188;0
353419;0
353746;0
353753;0
353758;0
353763;0
353764;0
353808;0
353969;0
353975;0
354219;0
354224;0
354225;0
354233;0
354239;0
354241;0
354425;0
354532;0
354580;0
354585;0
354815;0
355076;0
356256;0
356362;0
356364;0
356412;0
356769;2
358791;0
359028;0
359029;0
359359;1
359603;0
360306;0
361300;0
361705;0
362679;25
363445;0
363454;0
363721;2
364704;0
364747;0
364845;2
364910;15
364930;30
365548;6
366777;0
367922;0
368088;0
368716;0
368937;0
369211;0
369224;0
369274;0
369658;6
369668;0
369674;0
370107;0
370140;0
370180;0
370181;0
370617;0
370618;6
370899;0
371860;1
372042;0
372556;4
372558;5
372561;0
372565;13
372572;0
372573;0
372611;0
373300;10
373596;0
373744;0
373746;0
373987;10
373991;0
374015;0
374020;0
374022;0
374023;0
374112;0
374446;0
374447;2
374591;0
374613;1
374623;0
374747;0
374754;0
375140;0
375221;0
375884;0
375887;0
376176;0
376244;0
377421;0
377491;12
377630;2
377695;0
377790;0
378412;0
378492;0
378711;0
378861;3
379002;0
379016;5
379017;10
379021;4
379810;4
380171;0
380248;2
380324;0
380328;0
380332;0
380416;4
380885;0
381274;0
381280;0
381476;3
381568;0
381860;8
382138;5
383363;0
384268;0
384462;1
384611;2
384790;12
384938;0
385094;0
385748;0
385763;10
385947;0
386247;5
386400;0
386402;0
387456;0
387776;18
388044;0
388541;0
388630;0
389000;0
389546;0
389645;0
389667;1
389793;1
389798;0
389867;10
389997;0
389998;0
390053;0
390212;15
390261;3
390271;0
391223;3
391419;0
391885;0
392488;0
392946;0
393225;0
393611;0
394297;0
395211;0
395314;0
397068;0
397181;0
397209;1
397351;8
398016;0
398021;5
398143;0
398260;0
398662;0
399177;0
399218;0
399370;0
399442;3
399532;0
399658;0
399925;0
400124;0
400223;0
400243;0
400669;0
400762;15
400911;0
401502;2
401575;1
401611;0
402123;0
402235;2
402363;0
402408;0
402429;0
402899;2
403035;1
403065;0
403585;0
403785;0
404148;0
404150;0
404203;0
404636;500
404649;0
404721;19
404960;0
405882;0
405915;0
406047;4
406584;1
406926;8
407261;0
407295;2
407520;1
407819;0
407912;0
408027;0
408308;2
408756;0
409602;6
409688;21
410054;0
411227;0
411486;2
411721;0
411824;0
411840;0
412345;0
412466;0
412484;0
412750;0
412751;0
412774;5
412896;0
413031;0
413044;0
413047;0
413056;0
413285;0
413349;0
413545;0
413734;2
414833;0
414972;0
415228;0
415242;0
416612;0
416945;0
417258;0
417829;1
418177;6
418947;0
419494;0
419873;0
420567;0
420568;0
420569;0
420594;0
420700;5
420709;0
420727;20
420760;0
420778;2
421239;0
421294;5
421308;11
421316;5
421355;0
421420;0
421437;0
422198;0
422201;0
422202;0
422327;0
422671;0
423243;0
424129;0
424454;0
424503;0
424504;1
424559;12
424631;0
424896;6
425361;0
425674;6
425742;0
425784;4
425900;0
426121;0
426206;0
426513;0
426845;12
426922;2
426973;0
426981;0
427611;0
428052;0
428878;0
428879;0
428956;0
429052;0
429059;0
429214;0
429412;0
429514;13
429517;0
429988;0
430240;0
430637;0
430887;0
430888;0
431110;0
431112;0
431132;1
431241;0
431744;0
431880;0
432405;0
432492;0
432667;0
432849;0
432949;1
433106;0
433448;0
433521;0
433580;0
434049;0
434308;0
435099;0
435101;0
435167;0
435671;3
435790;0
436149;0
436420;0
436469;0
436474;0
436830;0
437123;7
437131;2
437443;2
437447;0
437473;2
437686;0
438350;0
438912;0
439324;0
439415;0
439777;0
439863;0
439909;0
440312;3
440360;0
440378;0
440479;0
441044;0
441118;0
441363;0
441377;0
441378;0
441489;0
441580;0
441810;2
442804;0
443035;0
443148;0
444418;0
444658;0
444734;0
444750;3
444757;0
444853;0
445357;20
445374;4
445381;1
446080;0
446095;0
446101;5
446441;0
446442;0
446480;0
446804;1
446836;0
447305;0
447314;0
447640;178
447696;0
447946;22
448007;16
449900;0
449901;0
450239;0
450317;0
450709;0
451931;0
452597;0
452939;4
453199;0
453634;0
454280;0
454869;0
455024;6
455155;0
455858;5
456057;0
456828;0
456843;0
457635;0
457904;6
458070;1
458348;0
458772;0
458865;2
459561;0
460197;0
460360;2
460999;0
461312;0
461374;0
461376;0
461428;10
461698;2
462219;5
462317;0
463088;0
463228;0
463456;0
463835;0
464962;175
465904;0
467280;0
467355;0
469400;15
469401;38
469402;15
469741;0
469954;0
470098;0
470099;0
470102;0
470219;0
470628;4
470632;3
470633;0
471297;0
471511;0
472082;2
472253;0
472276;0
472311;0
472787;0
473687;13
473774;6
473802;0
473803;0
473909;0
474001;0
474284;0
474285;0
474286;0
474458;0
474611;0
474681;0
474915;0
475172;0
475304;0
475514;0
475730;0
476019;0
476231;0
476909;0
477108;0
477357;2
477414;0
478094;2
478468;0
478688;0
479567;0
480705;0
480707;5
481491;0
482020;0
482205;0
482363;1200
483220;0
483777;0
483782;3
483925;4
484088;0
484174;7
484184;0
484491;0
485480;0
486813;0
486949;0
487098;0
487535;0
487635;0
487659;0
487734;0
488290;0
488342;1
488705;0
489173;0
489916;35
490862;0
491060;0
491227;2
491532;0
491538;0
492135;0
492136;0
493011;0
493403;1
493835;0
494242;0
495343;0
496927;0
496999;0
497083;0
497109;0
497686;1
497687;1
500292;1
500809;0
501160;0
501440;0
501789;0
502133;4
502356;2
502838;0
504956;5
505321;0
505328;0
505574;0
505589;0
505691;0
505880;0
505888;0
509425;0
509461;0
509567;0
509948;3
509951;3
509952;3
512455;0
513250;1
513595;0
513836;0
513872;0
513986;0
513987;2
514454;5
514504;0
514688;0
515124;21
515388;2
515390;1
515765;0
516279;0
516703;0
517122;2
517834;2
518257;0
518395;0
518567;0
519017;0
519019;5
519260;0
519287;0
519890;0
520039;0
520265;2
520493;8
520562;0
521327;4
521410;0
521601;0
521671;5
522019;0
522417;0
522894;0
524190;57
524579;0
524719;0
526627;0
526868;0
526888;3
526944;0
526945;2
527472;0
527538;1
527646;5
527814;4
528738;1
529135;0
529527;0
529545;0
529756;0
530390;0
530536;0
531288;0
531548;0
531743;0
531761;1
533153;0
533754;2
533764;0
534077;0
535143;0
535762;10
535765;5
535959;0
536647;0
541100;0
541188;0
541466;0
542058;0
543135;0
543495;0
543496;0
543501;0
543503;0
543678;0
543955;0
546167;0
546322;6
546361;0
546629;3
547168;0
547170;0
547262;0
547610;0
547734;0
547838;0
548304;0
548756;13
548763;18
549372;0
549376;0
551055;0
551603;3
552033;0
553052;0
553651;0
554595;0
554787;0
555035;0
555891;0
556447;0
556477;0
557222;0
557963;0
557970;0
557974;0
558076;0
558310;0
558663;0
559727;0
560902;0
561532;0
563291;1
563716;0
563721;4
563743;0
565374;0
565435;0
565668;0
566680;0
567312;0
567546;0
567553;0
567554;0
567557;0
567568;0
567580;0
567637;0
567676;0
567678;0
567762;0
567781;0
567804;0
568102;2
568501;0
570367;0
571264;0
571420;0
571763;0
571774;0
572620;0
573545;0
573573;0
573818;0
574395;1
574397;0
574401;11
574663;0
574674;0
574713;0
575318;0
575632;0
575767;0
576389;0
576394;0
576826;0
576845;0
576852;0
576901;0
576962;0
577096;0
577192;7
577667;4
578076;0
578228;0
578671;0
578988;3
580528;0
580606;0
582742;0
583676;1
585554;0
585581;0
585907;0
587162;5
587186;0
588748;0
589129;4
589570;4
591284;0
591686;8
593477;0
593568;1
593576;0
594996;0
595076;0
595161;16
595214;0
595234;0
595236;0
595875;0
595921;4
596385;0
597735;0
598103;0
598523;0
598538;5
598840;0
598858;0
600484;4
600497;6
600753;0
600757;0
601351;0
601352;0
601376;21
602773;0
603586;0
604069;0
604788;0
605948;0
606814;0
608457;0
608693;0
610295;0
610325;4
610748;0
610849;2
611454;0
612303;0
612328;0
613067;0
613887;0
614396;0
615232;2
616113;0
617357;5
617624;0
618316;0
618646;0
618787;0
618827;0
619239;0
619464;0
621480;1
621536;0
621594;0
622074;0
622125;13
623429;2
623800;0
624269;10
625241;0
625311;0
625538;0
625966;0
626358;194
626434;0
626613;2
627180;0
627955;0
629725;0
631169;0
631453;2
631738;0
632549;20
632743;0
632768;0
632854;0
633257;0
633788;0
634064;0
634467;0
634546;0
634861;0
635373;0
636606;9
637281;0
638640;0
639468;0
639738;1
640564;0
640798;3
640972;0
641744;0
642892;0
643218;1
643723;0
643741;3
644003;0
644611;11
645253;0
645627;5
646360;0
647104;0
647233;0
647263;0
647699;0
647999;15
648951;0
649069;4
650088;0
650421;0
650434;0
650829;0
652914;0
653996;0
654130;0
654688;0
655229;1
655737;0
656298;0
657331;0
658740;0
658867;5
659233;0
660343;2
661672;0
661833;0
662025;0
663307;0
663574;0
663619;3
663757;1
663975;4
664576;0
666269;0
667534;0
667721;0
668838;4
668891;0
669723;0
670276;0
670427;0
670584;0
670630;0
670634;0
672453;0
672516;0
672720;0
672847;0
672919;0
673742;0
674463;0
675768;3
675945;0
676053;130
676359;0
678104;1
678672;0
678680;0
679158;0
679429;0
679656;0
679880;0
681216;0
683608;0
683819;0
684156;0
684415;0
684419;0
684564;0
685093;4
685831;0
686034;0
687334;0
687341;0
687583;9
687627;0
687686;0
687935;8
689000;0
689198;4
689224;0
690036;0
691225;0
691476;0
691708;0
691831;0
691955;2
691962;0
693527;0
693872;1
694527;20
694991;0
695041;0
695104;0
696290;2
697254;0
697667;0
697900;0
698272;0
698408;12
699214;14
699418;1
699434;0
700256;0
701225;0
704901;1
705219;0
705236;2
705334;0
706358;0
706544;0
707022;0
707138;2
707772;0
707832;0
707966;2
707996;0
708258;0
708503;0
708818;0
709031;10
709454;1
710265;2
710799;0
710964;0
711374;0
711407;0
711788;4
712207;0
712864;2
713489;0
714588;0
715008;1
715230;0
715614;0
716082;0
716822;0
716864;8
717271;0
718008;0
718708;0
718751;0
718756;0
718851;0
719088;3
719607;30
719631;0
721348;0
722201;0
722682;0
724298;0
724740;0
725883;0
726080;0
727093;0
727206;0
728699;0
729453;0
730139;0
732000;1
732266;0
733097;0
733584;0
733839;0
734441;8
735468;0
735717;0
735987;0
736602;0
736773;0
738173;0
738223;0
738614;0
739127;0
739342;0
739675;0
742182;0
742967;0
743127;0
743964;1
744926;0
745542;4
745558;0
745694;0
746333;0
746567;0
746879;0
747000;0
747379;6
748465;8
748708;0
749383;10
749728;0
750217;0
750404;1
750979;0
751361;0
751408;0
752710;5
753745;0
754239;0
754568;0
754612;40
755306;51
756100;0
756202;0
756759;0
757714;7
758106;126
758976;0
759146;0
759437;0
759563;5
759922;0
760882;0
761638;0
762052;0
762288;0
763017;0
763325;0
763371;0
763509;0
763954;0
764601;175
764712;0
765092;0
766088;0
766091;4
766125;0
767049;0
767467;0
767478;0
767762;0
768517;0
768658;0
768842;0
769016;0
769570;0
770017;0
771073;0
773100;0
773124;0
774136;0
775619;0
775920;0
775939;0
776937;0
777350;0
777972;0
778895;0
779063;0
779251;0
779318;0
780463;1
780578;0
781406;0
781930;1
783212;0
783754;0
785704;3
785839;0
785996;0
786296;0
786346;0
786626;0
786644;0
787565;11
787730;1
787894;0
788649;0
788921;0
789764;0
789919;0
790946;0
791047;0
791218;0
791332;10
791544;0
795365;0
796016;0
796218;0
797398;8
797444;0
798050;0
799380;0
800941;0
801030;0
801151;0
801548;0
801650;4
802478;0
802949;0
804030;0
807129;4
807692;0
807780;0
809749;0
811069;3
811575;0
812094;2
812139;0
812304;2
812396;0
812716;0
812742;0
812950;0
812969;0
813424;0
813730;0
815088;0
815805;0
817616;2
817955;0
818154;2
818359;2
818370;0
818509;0
819080;0
819470;7
819833;5
820200;0
820201;0
820790;0
821587;0
821635;0
822802;0
823101;0
823611;0
823637;0
823984;0
824395;0
824440;15
824553;0
824896;0
825408;0
826575;0
826667;0
827843;0
828182;0
828545;0
828548;0
829154;0
829571;1
830349;10
831540;0
832512;0
833546;6
833596;0
833797;0
833840;0
835486;0
837539;6
837912;0
838539;0
838663;0
839155;0
839231;2
839362;0
839886;0
840523;0
840733;0
841677;20
842207;10
842616;4
842712;0
843231;0
843777;0
843996;3
844596;0
845253;0
845481;0
846283;0
846323;0
846539;0
848068;0
849608;9
850787;1
851174;0
851258;0
851550;0
852042;0
852168;0
852434;0
852660;0
853320;0
853338;3
853443;0
854125;6
856823;0
856973;0
856993;0
857558;0
858288;0
858588;2
860184;0
861146;0
861252;0
861446;0
861574;0
861586;0
861918;0
861966;0
862051;0
862566;0
863160;0
863992;0
864561;0
864659;0
865655;0
866823;0
867115;4
868077;0
868872;0
870250;0
870372;2
870423;0
871418;0
872251;0
872856;0
873930;0
874067;0
874543;0
874903;0
875028;0
875244;0
875616;0
875736;1
875781;0
875809;0
876055;1
876427;0
876492;0
877031;0
877113;0
878054;0
878132;6
878406;0
878739;0
883245;0
883248;0
883666;0
883806;0
885677;0
885918;0
886412;0
887368;0
889042;0
889904;0
890476;0
890766;0
891280;0
891704;0
892460;0
892475;0
892485;3
894282;0
894313;0
894404;0
895026;0
895286;0
895875;0
898339;0
898676;0
899416;0
901604;0
901667;0
901948;0
903417;10
905511;0
905530;0
905587;0
905701;2
906013;0
906304;0
906357;0
907221;10
907234;0
907236;40
907914;0
907919;0
908813;100
908890;0
908985;0
908987;0
909098;0
909733;0
911214;0
911276;0
911925;0
912260;0
912482;2
912643;19
912838;0
915161;0
915164;0
915510;0
916010;0
916440;0
916874;0
917421;6
918244;0
919349;0
919606;1
920490;2
921229;0
921675;0
922314;0
922381;0
922409;0
922740;0
922810;0
923163;0
924018;0
924684;0
924772;0
925066;0
925245;0
925453;0
925558;0
925613;8
926223;2
926562;0
926587;0
927735;0
928400;0
928406;0
928508;135
928800;1
929051;0
929332;0
929343;0
930019;0
930024;0
930128;2
930179;2
930282;0
930390;0
930651;0
931115;0
931492;0
932123;0
933315;1
933366;0
933859;0
934073;0
934120;0
935110;0
935445;0
936744;0
936961;0
940305;1
940495;0
941101;4
941493;0
942602;0
942833;0
943274;2
944758;0
944991;4
945204;0
946473;0
949134;19
949166;0
949410;0
949976;0
950759;0
950782;0
952827;0
953154;0
954227;0
954277;0
955037;0
956591;0
957238;0
957389;1
957794;0
957854;0
958053;0
958594;0
958817;0
959305;0
959896;6
961415;0
961715;0
962609;0
963331;0
963937;0
964308;0
964909;5
965497;0
966022;0
966153;129
966709;0
966798;0
967788;0
968998;0
969199;0
969220;0
969314;0
969474;2
969712;0
970105;0
970196;0
970488;0
970560;0
970768;0
971114;3
971339;0
971628;0
971742;0
972170;0
972799;0
972849;0
973866;0
974071;0
974436;0
974892;2
974924;0
975082;0
975306;9
976953;0
977020;5
977039;2
977555;0
977936;0
978650;70
979649;0
981734;1
982028;0
982631;0
982974;1
983305;0
983579;5
984472;48
984650;0
984758;1
986648;0
986910;2
986969;0
987636;0
987787;0
987831;0
988402;0
989112;1
989992;0
990133;0
990348;0
990560;0
991401;0
991798;0
992389;0
994427;0
994560;0
994789;0
995641;0
996831;0
996874;0
13635;0
14080;0
66208;0
81589;0
81591;0
151947;0
169863;0
178260;0
185906;0
222542;0
301347;0
302666;0
303491;0
315835;0
344790;0
355482;0
360733;0
370177;0
375458;0
377419;0
377420;0
377421;0
377424;0
377459;0
377460;0
377461;0
379847;0
386148;0
416394;0
422891;0
426078;0
426099;0
428206;0
428207;0
428261;0
450461;0
450462;0
450465;0
466288;0
466292;0
474796;0
485397;0
511116;0
515443;0
519890;0
524190;0
529545;0
577366;0
609528;0
618148;0
660696;0
714411;0
769061;0
789932;0
809500;0
843037;0
852862;0
870250;0
931088;0
7212;0
15856;0
46856;0
48168;0
48823;0
101980;0
125324;0
186473;0
221287;0
221341;0
243312;2
244228;0
321052;0
322389;0
322833;0
326631;0
327106;0
327133;0
330497;0
336406;0
369953;0
369960;0
370034;0
370813;0
379512;0
380607;0
388524;0
389962;0
397862;0
398647;0
405313;0
406315;0
406340;0
406356;0
414040;0
423226;0
441015;0
487735;0
552822;0
573363;0
609528;18
609730;0
619132;0
659517;0
659720;0
792466;1
820121;0
820814;0
835756;1
15446;0
48198;0
79523;30
81589;63
81591;0
82429;250
82431;720
83503;0
83504;0
83505;0
83506;2
83914;0
83931;0
83932;0
83934;0
83936;0
83938;0
83940;0
83943;1
83949;1
83951;0
83952;0
85315;11
85323;0
85326;2
85328;0
85330;0
85333;0
85334;0
85335;0
85337;0
85339;3
85370;20
85371;43
85372;26
85376;20
85379;3
85382;6
85384;7
85385;0
86054;3
86056;4
86057;4
86058;12
86059;10
86063;10
86064;11
86066;12
86067;9
86068;1
86862;0
102988;0
121991;0
133850;0
140899;0
144282;0
144312;0
145327;0
151947;182
155934;0
169863;5
172424;0
178260;500
190810;12
190829;0
190845;0
222542;308
228940;0
277790;0
301340;0
301342;0
301347;5
302666;0
302668;0
302669;0
303491;2000
304307;0
306168;0
306376;0
307069;0
307224;9
307479;0
311467;0
324415;0
343293;6
351839;2
354077;0
354312;0
355047;1
355481;0
355482;0
355483;0
355484;0
355485;0
355486;2
355487;0
355489;0
356158;0
356412;0
359962;0
359972;0
360731;0
360733;5
362884;0
362885;0
362931;0
362932;700
363691;0
363820;0
366119;28
366133;0
366141;0
369695;0
377283;347
377419;230
377420;38
377421;41
377424;0
377425;0
377426;0
377459;2300
377460;4000
377461;5000
378942;0
380401;0
380648;0
380650;6
382567;0
382572;12
382579;0
382746;0
383833;0
385198;1
386148;0
387007;0
387026;0
387095;0
387098;0
387102;0
387475;4
387477;0
387791;0
389306;0
391127;0
391264;0
391275;0
391404;0
392072;0
392373;0
392641;0
392648;0
392649;0
392653;0
392655;1
392657;0
392680;0
392683;0
392687;1
392689;0
392710;0
392713;0
392714;1
392716;0
392719;0
392720;0
392725;0
392754;0
393400;0
395673;1
395905;1
396019;0
399735;5
400669;0
401297;0
401625;0
402754;0
402756;0
402766;0
402780;0
402939;0
403021;0
403022;0
403099;0
403100;0
403203;0
403293;0
403338;0
403340;0
403384;0
403387;0
403394;0
403395;0
403396;0
403402;0
403410;0
403844;0
403845;0
403846;0
403847;0
403848;0
403850;0
403851;0
403853;0
408846;0
422891;0
427694;0
427856;0
427857;0
427858;0
427859;0
427863;0
427864;0
427874;0
427875;0
427881;0
427882;0
427886;0
427887;0
427890;0
427915;0
427917;0
427921;0
427923;0
428011;0
428013;0
428016;0
428047;0
428049;0
428050;1
428052;0
428053;0
428055;0
428056;0
428057;0
428063;0
428064;0
428065;0
428066;0
428071;0
428077;2
428079;0
428082;0
428084;1
428085;3
428087;0
428088;0
428089;0
428090;0
428091;0
428092;0
428093;0
428105;0
428106;0
428107;0
428110;0
428160;3
428166;0
428168;0
428169;4
428172;2
428173;5
428174;0
428179;1
428206;0
428207;0
428208;0
428209;0
428212;0
428214;0
428215;0
428216;0
428217;0
428218;1
428219;1
428220;0
428224;0
428225;0
428226;0
428227;0
428228;0
428229;0
428252;0
428254;0
428259;0
428260;0
428261;0
428262;0
428263;0
428265;0
428266;0
428267;0
428268;0
428269;0
428270;0
428309;0
443255;0
448512;0
450461;0
450462;0
450463;0
450465;0
458875;0
458876;1
458877;0
458878;1
458883;0
458924;0
458925;3
458926;0
458927;0
458928;1
458930;0
458931;0
464962;0
466275;288
466276;386
466277;286
466278;28
466288;0
466292;0
466294;0
466295;0
466299;0
468849;0
469870;0
469879;0
471775;0
474796;0
475687;9
485397;234
486209;0
492525;0
492526;0
492527;0
493269;0
493376;0
496258;0
507835;0
507836;0
507838;0
507851;0
515271;0
515443;11
516788;0
525432;8
525435;9
527601;14
527606;17
527607;4
527608;12
527609;0
527655;3
527656;10
527657;0
547367;0
547380;0
553033;0
556397;0
556411;0
557352;0
563768;0
563774;0
563776;0
563778;0
564157;0
564559;0
593213;6
618148;15
629740;0
659832;0
660696;1300
678636;0
706523;0
714411;0
727774;0
733504;0
742864;0
745987;6
747626;0
765813;0
785520;0
785547;0
789932;0
802670;0
802735;0
804012;0
807028;0
809500;0
810878;0
810916;0
810924;7
813225;4
834300;2
834424;0
836524;0
843037;0
845183;0
846163;0
852862;0
857521;0
867435;0
870250;0
870820;0
884391;0
890992;0
899267;0
912875;0
914088;0
931088;0
936480;0
936499;0
940437;0
956853;28
971545;0
986301;0
55892;0
76515;0
102139;2
113347;37,8
153439;4
243965;0
264482;0
267902;0
287946;1
293342;18
330841;0
336643;20
337247;4
353198;0
355993;3
367011;0
367441;0
367573;1
368472;2
369274;13
369293;0
369295;0
370068;0
370266;0
375215;0
377594;81
380222;0
381884;0
389694;0
389938;0
397351;0
402050;0
406472;0
416042;0
416250;1
416251;0
417857;0
418270;0
426078;0
426121;4
431360;0
441933;5
444813;0
453547;0
469580;1
472276;3
474660;0
477585;0
478688;0
519890;1
527388;0
529732;0
529990;1
530158;1
541943;2
543955;1
551518;0
568501;0
575388;0
576394;0
584406;13
643557;0
656579;1
666201;20
670251;0
731712;0
790946;0
801151;4
846839;0
861315;0
913955;28
974121;2
975097;0
994063;0
3214;58
48616;0
62080;0
69176;0
102785;0
104356;0
143120;0
204283;0
211126;0
220280;65
227685;0
235953;0
246182;0
246573;0
246719;0
259002;9
290432;20
290556;0
301151;5
302350;0
306297;0
317639;1
318176;8
322797;0
326004;0
326266;0
329618;10
342303;0
342720;0
364624;0
364673;11
370177;3600
371942;1
371943;0
371944;0
371945;0
375458;9
377594;0
378002;11
378195;11
388066;0
399883;0
402978;660
410706;19
414808;20
416394;136
419287;0
426056;0
426078;68
426099;8100
426101;400
426513;0
437476;0
439012;50
440578;0
443148;34
443149;0
447189;0
448077;0
455257;0
455265;0
455975;0
465247;88
467617;2
469589;0
474758;0
502356;1
511116;10
530592;13
553518;0
558897;0
561067;0
562742;0
566078;0
570851;0
577366;3
595045;0
598117;0
612436;0
653357;0
655388;0
769061;18
769983;0
778634;0
881368;0
914673;0
420698;88,94
58444;0
62511;0
122017;0
166935;0
193592;0
247758;0
258756;0
286058;0
301622;0
304444;0
304629;0
304630;0
306832;0
307339;0
307632;0
307633;0
307634;0
309213;0
309723;0
311468;0
311469;0
314229;0
328016;0
340505;0
343561;0
344259;0
344325;0
353235;0
354087;0
354503;0
355456;0
355621;0
356708;0
358023;0
359226;0
361048;0
362992;0
363026;0
363505;0
366312;0
366461;0
368864;0
370859;0
370876;0
372624;0
375280;0
375418;0
375515;0
375749;0
376646;0
379198;0
381264;0
381532;0
382496;0
383326;0
383592;0
383750;0
384008;0
384061;0
384417;0
384421;0
384457;0
387637;0
387740;0
389973;0
390450;0
390973;0
394668;0
394691;0
394879;0
397594;0
398992;0
402463;0
402471;0
403578;0
407710;0
407970;0
410065;0
410068;0
410081;0
410086;0
410088;0
410089;0
410090;0
411232;0
411282;0
411878;0
412576;0
418600;0
419005;0
424180;0
426187;0
426286;0
428786;0
428966;0
429793;0
430069;0
431340;0
435576;0
439170;0
440707;0
440708;0
440974;0
441359;0
444363;0
447418;0
448554;0
448557;0
448703;0
450703;0
453495;0
456740;0
460439;0
460889;0
468381;0
468382;0
468383;0
470059;0
470528;0
471549;0
472132;0
474603;0
477585;0
477586;0
477652;0
477725;0
477726;0
479403;0
479626;0
481790;0
481799;0
484127;0
484812;0
487170;0
488850;0
493545;0
493736;0
495592;0
497874;0
497876;0
498077;0
498078;0
498099;0
500826;0
503836;0
504917;0
505160;0
506412;0
506637;0
507509;0
511624;0
512623;0
513233;0
518861;0
520767;0
525631;0
526375;0
526661;0
527931;0
529163;0
535018;0
537894;0
539532;0
539543;0
539550;0
540718;0
541076;0
541077;0
542301;0
544222;0
547261;0
549912;0
559166;0
560737;0
561361;0
561362;0
566409;0
566410;0
570656;0
572515;0
576137;0
576394;0
580840;0
586092;0
598251;0
601576;0
602127;0
624632;0
645796;0
646467;0
648787;0
665598;0
696226;0
711385;0
766321;0
779458;0
779466;0
779482;0
788116;0
799335;0
799513;0
799807;0
800023;0
801143;0
802999;0
803146;0
803308;0
803430;0
815020;0
815039;0
815128;0
815136;0
817651;0
818909;0
820459;0
838993;0
852252;0
883849;0
904485;0
935278;0
979881;0
56541;0
60308;0
68785;0
70054;0
70594;0
73744;1
76092;0
76229;0
80086;0
82024;0
82339;0
82586;0
83256;0
84627;0
87623;0
87705;0
90109;0
91121;0
92935;0
93682;0
94208;0
95651;0
96189;0
97259;0
97326;0
99137;0
105662;0
108557;0
111933;0
112354;0
113982;0
114089;0
118250;0
119325;0
121042;0
121523;0
122809;0
126610;0
127366;0
127921;0
132243;0
135296;0
136108;0
138113;0
143661;0
148182;0
150173;0
153636;0
154496;0
154697;0
159739;0
161532;0
163730;0
163905;0
164944;0
165198;0
168484;0
170556;0
171226;0
173453;0
174477;0
175159;0
176360;0
176620;0
177595;0
178823;0
179379;0
180973;0
181152;0
183670;0
184244;0
184678;0
186871;0
187065;0
188048;0
190704;0
191619;2
195070;0
197717;0
204093;0
204616;0
205105;0
211911;0
214645;0
214901;0
215046;0
215486;0
218736;0
220902;0
223007;0
223252;0
226451;0
230811;0
231445;0
232488;0
232614;0
236283;0
236386;0
236614;0
236956;0
239797;0
241832;0
242694;0
244788;0
247908;0
248160;0
252031;0
252927;0
253772;0
254956;0
255329;0
257070;0
258117;0
259000;0
259317;6
263216;0
265257;0
267713;0
270179;0
270987;0
275099;0
275437;0
277172;0
279251;0
282027;0
284976;0
286446;0
286707;0
288060;0
288155;0
288204;0
289364;0
290973;0
291075;0
292381;0
294557;0
297759;0
298535;0
299549;0
299614;0
311770;0
325534;0
327546;0
344790;0
346642;0
347573;0
347905;0
356391;0
363721;0
372574;0
372682;0
375140;0
395314;0
412149;1
429902;0
429988;0
436074;0
438450;0
441117;0
441167;0
441206;0
441225;0
441297;0
446559;0
446560;0
446719;0
446907;0
447055;0
447130;0
447131;0
447132;0
447133;0
447134;0
447135;0
447138;0
447140;0
447251;0
448100;0
448104;0
448111;0
448119;0
448123;0
448124;0
448126;0
448130;0
448752;0
449914;0
459539;0
471180;0
474503;0
482774;0
492136;0
499561;0
501649;0
502245;0
513084;0
522664;0
522666;0
525291;0
525292;0
525763;0
525764;0
525773;0
525775;0
525778;0
525783;0
526343;0
539667;0
539886;0
540789;0
543678;0
543690;0
555795;0
555998;0
556374;0
558650;0
558652;0
558655;0
558701;0
564389;0
564604;0
572486;0
572998;0
573008;0
573069;0
573082;0
573093;0
578988;0
579116;0
579899;0
580229;0
586549;0
605452;0
605752;0
608959;0
610711;0
614633;0
615702;0
618717;0
619095;0
620146;0
624192;0
624668;0
627637;0
629300;0
629401;0
629905;0
630578;0
631265;0
631740;0
632768;0
635870;0
635886;0
637275;0
642468;0
642668;0
643519;0
644272;0
644353;0
647279;0
647474;0
648527;0
649922;0
650336;0
651226;0
653611;0
654030;0
654579;0
656001;0
659109;0
659422;0
661084;0
661427;0
661787;0
662864;0
663101;0
663574;0
665000;0
671324;0
674178;0
680916;0
681657;0
687755;0
688610;0
689841;0
689915;0
690845;0
691027;0
693406;0
693687;0
695558;0
699525;0
706125;0
707496;0
707521;0
708551;0
709724;0
713365;0
714790;0
714862;0
717464;0
721029;0
722282;0
722514;0
724539;0
727697;0
729439;0
730553;0
730940;4
731796;0
732536;0
734739;0
738130;0
740056;0
740194;0
742959;0
746516;0
747957;0
748806;0
748976;0
749287;0
755163;0
756324;0
762142;0
764767;0
765134;0
765799;0
767069;0
767367;0
768403;17,6
769143;0
769316;0
770518;0
772134;0
774913;0
778033;0
778078;0
780371;0
780778;0
781638;0
784986;0
787684;0
788002;0
788229;0
788305;0
790228;0
795769;0
797395;0
798306;0
801206;0
803487;0
803686;0
806054;0
806109;0
807392;0
809317;0
812538;0
813011;0
813196;0
813202;0
814080;0
815537;0
820876;0
824308;0
825180;0
828720;0
829281;0
829405;0
829844;0
830056;0
830389;0
831384;0
831704;0
832737;0
838711;0
843049;0
843128;0
844054;0
844424;0
846361;0
846425;0
846756;0
850508;0
853110;0
854820;0
855179;0
856337;0
857001;0
860588;0
860711;0
860823;0
861252;0
864356;0
868898;0
869369;0
869808;0
870409;0
871798;0
875316;0
875536;0
880724;0
882302;0
882421;0
883806;0
885561;0
887295;0
887656;0
888301;0
889213;0
889258;0
891056;0
893616;0
893632;0
895391;0
896648;0
896771;0
897006;0
897535;0
897545;0
897782;0
898461;0
903778;0
904582;0
905274;0
905587;0
905597;0
911853;0
912767;0
914440;0
915164;0
915445;0
916440;0
917322;0
918789;0
921265;0
923144;0
925094;0
925736;0
927251;0
928406;0
928733;0
930019;0
930929;0
936361;0
940894;0
944527;0
944704;0
947874;0
948054;0
948990;0
950782;0
951957;0
953904;0
959532;0
960290;0
961344;0
963331;0
966474;0
967405;0
970412;0
970876;0
970998;0
971352;0
971628;0
973046;0
976981;0
977026;0
979153;0
984630;0
986312;0
987056;0
990133;0
991489;0
991968;0
992586;0
992745;0
992853;0
995667;0
3548;0
13635;0
14259;0
15127;0
15243;0
15528;0
16226;0
18417;0
25048;0
25127;0
34797;0
41474;0
51042;0
51643;0
52026;0
52279;0
52599;0
54260;0
55325;0
56237;0
57808;0
59259;0
59806;0
60041;0
61718;0
61811;0
62002;0
78359;0
78820;0
80818;0
86787;0
90510;0
100629;0
100940;0
101690;0
103701;0
108275;0
119359;0
124724;0
125123;0
125324;0
129406;0
133206;0
133667;0
139917;0
140794;0
143999;0
144747;0
145327;0
146775;0
149105;0
150240;0
156105;0
162685;0
165703;0
165879;0
167802;0
175366;0
190159;0
190277;0
194233;0
196920;0
206776;0
208513;0
208914;0
209237;0
213820;0
217316;0
217396;0
219223;0
222666;0
227102;0
233087;0
233607;0
235326;0
236896;0
240262;0
245393;0
245754;0
246267;0
246700;0
249530;0
250428;0
250543;0
257270;0
258894;0
259133;0
260788;0
261130;0
263353;0
266405;0
266935;0
267027;0
267890;0
268500;0
268755;0
269476;0
269592;0
275017;0
275308;0
280648;0
284982;0
286866;0
288439;0
293783;0
298165;0
300548;0
304307;0
308823;0
311467;0
313942;0
316600;0
317423;0
319667;0
319933;0
324506;0
335339;0
340719;0
342211;0
350384;0
350817;0
352547;0
352734;0
353969;0
354572;0
356319;0
359179;0
360737;0
364749;0
365548;0
373000;0
375542;0
376259;0
376904;0
377415;0
381266;0
382318;0
383199;0
383613;0
383918;0
387248;0
387980;0
389143;0
390981;0
391941;0
392641;0
392649;0
393180;0
398260;0
398662;0
399610;0
400669;0
400911;0
401509;0
406876;0
407168;0
407447;0
408373;0
409664;0
411486;0
412567;0
413349;0
415242;0
418155;0
418756;0
419599;0
421309;0
421644;0
424566;0
427816;0
429059;0
430553;0
432100;0
436155;0
436556;0
436910;0
442514;0
442546;0
449556;0
452597;0
453990;0
453992;0
455858;0
456198;0
457834;0
457904;0
458865;0
459023;0
460083;0
461272;0
461862;0
462361;0
462532;0
465166;0
465379;0
467347;0
468822;0
469578;0
477108;0
477111;0
477318;0
478094;0
481429;0
481558;0
481561;0
483456;0
485543;0
489158;0
490416;0
490893;0
495071;0
502221;0
502583;0
503446;0
505321;0
507676;0
508289;0
509317;0
509461;0
515081;0
517437;0
520115;0
520256;0
522951;0
524579;0
526217;0
527538;0
528127;0
528736;0
530234;0
531718;0
533399;0
534782;0
540708;0
541666;0
542382;0
542963;0
544159;0
544447;0
545051;0
547839;0
550405;0
553258;0
553259;0
556854;0
559377;0
560183;0
563589;0
563716;0
563743;0
565129;0
569685;0
570244;0
574663;0
574674;0
575892;0
576059;0
577402;0
578001;0
580199;0
581725;0
583031;0
589152;0
590406;0
590413;0
591508;0
591787;0
592020;0
592022;0
592745;0
592876;0
594996;0
596026;0
596054;0
598159;0
600753;0
600757;0
601351;0
601352;0
601451;0
601474;0
601754;0
605516;0
606752;0
618201;0
624324;0
632229;0
632589;0
632854;0
635811;0
642640;0
648850;0
649069;0
650036;0
660524;0
663307;0
663855;0
666201;0
670438;0
672856;0
673224;0
673742;0
675945;0
690609;0
691218;0
699418;0
705236;0
707981;0
708818;0
726080;0
733097;0
735035;0
739127;0
739361;0
749702;0
749728;0
762052;0
763954;0
765337;0
771312;0
772552;0
772806;0
790946;0
791047;0
819470;0
820790;0
827441;0
829753;0
830202;0
837603;0
843221;0
843685;0
846539;0
860184;0
867926;0
869375;0
870372;0
871995;0
883121;0
883245;0
885918;0
892185;0
895717;0
904918;0
908421;0
908884;0
909974;0
916010;0
924278;0
941239;0
945299;0
953154;0
957389;0
958817;0
959896;0
962107;0
962549;0
969474;0
975719;0
979141;0
982689;0
984472;0
990805;0
994789;0
13635;3
66208;28
68587;3
301151;0
344583;12733
352734;3
397181;0
511116;0
529545;39
558076;98
567506;21
569142;0
846839;0
14479;0
67633;250
67635;13
67637;0
67638;0
68468;360
91454;0
340517;1150
374160;0
378522;0
387757;3
387839;2
408928;0
416995;350
416996;350
468541;0
534735;3
612436;0
670820;0
778634;0
815164;0
959763;330
48618;0
61459;0
61479;10
61481;1
61865;0
62080;0
152760;3
211126;0
224297;0
235953;13
274838;11
293342;0
297260;73
352467;2
355993;0
367573;0
368073;52
368079;0
368085;5
369274;0
369293;0
369295;0
374160;0
387730;0
387839;0
389126;0
389938;0
390790;744
395335;0
408928;0
428403;0
432264;52
440578;10
440593;0
440600;0
455265;0
455267;1
455268;0
455316;0
468541;4830
469580;0
469589;1000
509771;157
529545;0
551852;1
553343;0
558076;0
570851;3
580526;0
612436;0
622191;5
622294;0
625563;4700
629401;0
653357;5
663574;0
670820;0
670839;0
670847;1088
676810;0
676870;80
676888;440
764605;3
778634;0
834080;2402
914797;395,2
14713;0
48168;0
48616;0
48823;0
57505;0
66208;0
67591;0
111700;0
118079;0
124414;0
125324;4
143120;0
146819;0
154871;0
220280;0
244430;0
318176;0
357376;0
358054;1
366154;0
370034;0
370177;0
370330;0
378195;0
378353;856
380222;0
386634;0
391127;0
398934;0
400141;0
400669;0
402978;0
407261;0
409473;0
414808;0
418227;0
421256;5
426101;0
443149;0
455257;0
458348;0
474796;0
479672;0
492580;0
495080;0
510851;0
517802;0
518870;0
529545;0
530592;0
531465;0
560702;0
561067;0
594425;0
609528;0
625787;0
665081;0
782670;0
797844;0
802735;0
830038;3
847747;0
870250;0
947477;0
13409;0
18668;0
26129;0
52470;0
52599;0
57424;5
59404;0
60386;0
60517;0
60693;0
60695;0
60697;0
60698;0
60700;0
60705;0
60708;0
60710;0
72646;0
74158;0
74467;0
77005;0
77404;0
77614;0
78281;0
78675;0
79377;0
80791;0
83338;0
84045;2
85109;0
85649;0
87239;0
87705;0
88195;9
90627;0
92040;0
96179;0
97808;0
97967;0
98081;0
98194;4
98349;2
99931;0
104818;10
107251;0
108062;2
109734;0
112306;1
113248;1
114434;0
114638;0
114762;0
115375;0
115879;0
115963;0
117157;0
118442;2
118529;0
118905;2
119160;0
119616;0
120614;0
120792;0
121266;0
121304;10
122197;0
122216;0
122743;4
122867;0
123975;0
126416;0
126610;0
127311;0
128583;0
128649;0
130237;0
132310;0
132335;0
132592;0
134693;0
135103;0
135740;0
136748;0
137594;0
137878;0
138970;0
139999;0
140297;0
140618;0
141246;0
141364;0
141690;0
141955;2
146616;0
147538;0
147592;0
148023;3
148480;0
148525;0
149193;0
149345;0
151198;0
151529;0
152808;0
153997;0
154976;0
156004;0
159393;200
159879;0
160118;0
160307;0
160904;1
161430;0
161817;0
162482;1
162685;0
164307;0
165210;0
165525;1
165945;0
165968;0
166758;4
167739;0
168145;0
170421;0
170833;0
171974;0
173168;0
173889;0
175346;0
176620;0
177595;6
180121;0
181007;0
182013;6
183471;0
184980;0
185676;0
186510;0
186772;0
186871;0
187192;0
187450;0
187732;0
187756;7
188213;0
188843;0
188924;0
189486;3
191547;0
192276;0
194153;0
195144;0
195228;0
195757;0
195848;0
196023;0
196293;0
197266;0
197411;0
199084;0
199734;0
201890;0
202190;0
204785;0
205634;0
208003;0
208453;0
209823;0
210237;3
210713;0
212337;0
213380;0
214293;0
214350;0
217713;0
220193;0
221481;0
222706;0
223622;0
228170;0
229346;0
231341;0
232337;3
234138;0
236112;0
236444;0
238304;0
240080;0
241564;7
242698;0
243770;0
246215;0
246330;0
246965;0
250137;0
251136;0
251237;0
251969;0
252031;0
252927;0
254956;4
255426;0
256904;0
257717;0
258540;0
259317;0
259325;0
259334;0
259341;1
261250;0
261724;4
262571;0
262971;0
265090;0
265491;0
265531;0
265889;0
267451;0
267508;0
267713;0
268805;2
272181;0
272246;0
273687;0
274580;0
275373;0
276267;0
276964;0
277801;1
277984;1
278449;0
278855;0
280040;0
281232;0
281491;2
281700;2
281733;0
283402;0
283825;0
285519;0
287691;0
288254;0
290060;0
290301;0
290790;0
291216;0
292547;0
293293;0
293783;2
294557;12
296160;0
298120;0
299389;1
299614;8
299803;0
303096;0
303107;0
303117;0
303118;0
303233;0
306864;0
307699;0
307976;15
311975;2
311976;4
311978;4
311982;3
313842;0
314541;5
314639;0
317114;0
321301;10
323286;5
325779;28
326439;4
326440;5
326443;10
327051;2
327545;0
327546;6
327548;0
330126;21
330160;3
330188;1
332163;12
332164;0
332166;12
332167;0
332169;14
332170;0
332265;0
332274;1
332824;1
333108;0
333237;2
333610;0
333613;8
333615;8
334285;0
334288;1
334350;0
334363;2
334381;2
334874;0
334877;5
335422;0
335423;6
335462;2
335501;4
335503;0
335504;0
336094;3
337519;1
339397;0
339418;6
339637;0
339739;4
339811;0
339965;0
340168;0
340287;0
340341;0
340399;0
343185;0
343483;0
344631;0
344654;0
344655;0
344669;0
344671;0
344887;0
349466;0
349549;0
349977;0
350467;0
350654;0
352855;0
352881;2
352883;10
353424;0
353746;0
353753;0
353758;0
353763;2
353764;0
353808;6
353968;5
353969;2
353972;0
353974;0
353975;0
354219;0
354224;5
354225;0
354233;0
354239;0
354241;0
354425;0
354580;0
354583;4
354585;0
355076;0
356256;1
356363;15
356364;0
360306;0
361655;0
361705;3
363334;7
363721;0
365548;0
366777;0
368088;0
368715;5
368716;5
368719;0
370106;0
370107;2
370899;0
371775;0
372040;0
372042;5
372572;0
372611;0
373596;2
373746;0
373991;14
374015;0
374020;0
374022;0
374023;0
374112;3
374446;3
374591;0
374623;0
375138;0
375140;0
375221;0
375223;0
375884;6
375886;0
375887;0
376176;0
378412;0
378711;0
380171;0
380324;0
380328;0
380332;3
383256;0
386400;1
386402;2
388044;0
389000;6
389844;2
390053;20
390820;2
390883;0
390884;0
391381;0
391419;3
391885;0
392488;0
393225;2
393234;0
393377;0
393379;0
395314;0
397068;8
398016;0
398893;0
399177;0
399532;0
399925;0
400949;0
401268;0
402123;2
402429;1
403585;0
404960;0
406227;0
407520;0
410054;0
410316;1
412750;2
412751;8
412896;0
413056;2
414833;1
416612;3
417258;0
418098;0
425055;0
425674;6
425742;6
425900;0
426426;0
428206;0
428207;0
428928;2
429214;0
429412;7
430240;1
430887;6
430888;6
431110;3
431112;2
432264;0
432492;3
432667;0
433448;0
433521;2
433526;0
433580;5
434822;8
435094;14
435095;0
435096;0
435099;14
435100;0
435101;5
435102;0
435167;0
435168;0
435177;0
435790;2
436149;0
436420;0
437443;0
437447;0
437686;0
438350;8
438912;2
439863;0
439909;0
439955;4
440378;2
441117;26
441118;0
441167;0
441206;0
441225;0
441297;0
441377;0
441378;0
442804;0
443716;0
444658;2
444734;0
444743;0
444747;0
444757;2
445054;6
446441;0
446442;0
446480;3
447305;0
447314;0
449398;0
452283;4
453679;0
454280;0
455155;0
455268;0
456843;4
461376;5
462317;0
463088;0
467012;100
469741;0
470098;0
470102;0
470633;0
472253;0
474681;2
476019;0
478512;0
480705;5
482205;1
482310;0
484088;0
485800;24
487148;0
487243;0
487535;2
496927;0
496999;0
505880;0
509461;0
512355;18
512455;5
518567;2
521410;5
521601;0
522417;0
522493;0
525291;0
525292;0
525763;0
525764;0
525773;16
525775;6
525778;16
525783;12
526343;12
527102;0
529483;0
529527;2
530536;4
531548;0
536647;0
539629;14
541466;0
542058;0
543135;1
543496;4
543501;8
544593;0
547168;6
547170;16
547734;0
548304;0
553052;0
558650;3
558652;3
558655;3
558663;0
558701;3
560902;0
562148;0
562582;0
562677;0
562680;0
562681;0
563603;0
567553;0
567557;0
567568;0
567676;0
567678;0
567762;0
567781;0
568152;2
570132;0
570367;0
570851;0
571420;0
572620;0
574668;0
574674;14
574704;6
574713;0
575318;0
575632;0
576826;0
576845;0
576901;0
576962;0
580229;0
580528;0
583549;0
584530;8
585536;0
585581;0
585596;0
588748;0
595076;8
595214;0
595234;0
595236;0
595875;0
598523;0
601437;0
603432;0
604743;0
605948;15
606527;2
608422;0
609224;2
610748;0
611454;0
612434;2
613067;0
615592;2
615702;7
616539;0
617584;2
617624;0
618708;0
619239;0
621442;0
622074;0
622294;0
624475;0
624522;0
624569;0
625063;0
625767;0
626434;0
631054;0
632743;0
632924;0
634064;0
634546;0
634861;0
635213;0
635373;0
636430;0
637281;0
638297;0
639468;2
639515;3
640972;15
640988;0
641744;0
642468;0
642668;6
643212;0
643723;0
643741;0
644126;0
645253;5
647263;0
647474;20
650054;0
650244;3
650421;0
650968;0
651634;0
653611;0
653781;0
654603;0
655130;0
655737;0
656068;0
661672;0
661833;0
663574;0
665220;0
665377;0
665824;0
666943;0
667177;0
667355;0
667534;2
668661;0
669505;0
670060;2
670276;29
670408;2
670820;0
670839;0
670847;0
672516;1
672720;0
672919;2
675001;0
677691;0
678089;0
678680;0
679144;0
679656;0
679880;0
681135;0
681216;0
684156;0
684419;0
686058;0
686821;0
686903;0
687334;0
687627;0
687862;0
688724;0
689294;0
689553;0
690787;0
691225;0
692513;0
693527;0
693534;0
694744;0
695104;0
696461;2
697254;0
698272;0
698309;3
698763;0
700256;0
701301;0
702144;0
702512;0
707154;0
707452;0
708258;1
708818;0
709183;0
709651;0
710799;0
710964;0
712069;0
713209;0
714567;0
714588;0
715614;0
715981;0
716577;0
718325;0
718708;0
718851;0
719215;0
719344;0
719487;0
719631;0
720180;1
721348;1
721439;0
721566;0
722582;0
722919;0
724298;6
725883;0
727206;0
729453;0
730474;1
730881;0
730940;0
731959;0
732266;0
733104;0
733839;0
734755;0
735092;0
736773;0
738757;0
739460;0
739675;0
740256;0
740814;0
741056;2
744926;0
746879;0
747278;0
748465;0
748708;0
750979;0
751408;0
754239;2
754345;0
757066;0
758976;0
759146;0
761638;0
763017;0
763648;0
763750;40
764605;0
764730;3
765092;0
765134;6
765504;0
767049;0
767319;0
767478;0
768046;0
769016;0
769316;0
770518;18
771001;0
771102;0
772758;0
773124;0
773471;0
775301;0
775920;0
777273;0
777350;0
777779;2
778658;0
779765;0
780578;2
783212;0
783754;1
784394;5
785996;0
786296;1
787565;0
788649;0
789764;4
790365;0
790394;0
791333;0
791544;0
791906;2
792432;0
795365;0
795622;3
796245;0
797377;0
799380;0
800099;0
801042;0
801548;12
802067;0
802478;2
803679;2
807070;0
807780;0
808280;0
808746;0
808977;0
811573;0
812396;0
812474;0
812742;4
813202;0
814771;0
816163;0
816384;0
818509;20
818843;0
819855;0
820183;0
820201;0
821587;0
821635;0
822802;0
823984;0
825216;0
825408;0
827004;0
827732;0
827971;0
828182;0
829154;6
830389;0
832512;2
833596;0
833764;0
833840;0
838156;0
838199;0
838663;0
839155;0
839886;0
840227;0
840261;0
843035;0
843231;0
843531;0
843777;0
844220;0
844753;2
846323;0
846950;3
848068;0
848566;1
849691;3
851174;0
852055;0
852298;0
852336;0
853320;0
854125;0
856570;0
856973;0
857001;1
858288;0
860937;0
861966;0
863535;0
863992;0
864230;0
864561;0
864659;0
866800;0
866823;0
868872;0
869086;0
869214;0
869369;0
869433;0
870250;0
872050;0
872715;0
873579;0
873930;0
874903;31
875781;0
876256;2
877031;2
877113;0
878054;0
878406;0
880785;0
883315;0
883666;13
883806;1
886830;0
887824;0
888733;0
894313;0
894708;0
895286;0
897371;0
899416;0
900536;0
900596;0
900651;0
901667;0
902212;1
902708;0
903417;0
903828;0
904081;0
904400;0
905511;0
905981;0
906013;0
906357;0
907234;0
907914;0
907919;0
908947;0
909674;0
909733;0
910034;4
910981;0
911832;0
911925;0
912260;0
912305;2
912838;0
913130;0
915000;1
915510;0
916010;0
916440;0
917421;0
917552;0
917561;0
918244;0
920287;0
922305;0
922381;0
922688;0
922740;0
922810;0
924018;0
924278;0
924772;0
924988;0
925007;0
925399;0
925879;0
929332;0
929356;0
929685;1
930390;0
930651;0
931204;0
931492;0
932123;0
934120;0
934567;0
935197;0
936059;1
936744;0
936961;0
939016;2
940495;0
940894;0
941233;0
941493;1
945204;0
945968;0
946473;0
948778;0
949166;0
950759;2
953373;0
957319;0
957754;0
957854;0
958053;0
958594;2
959126;0
959264;0
959305;0
960402;0
960657;0
961415;1
961669;0
961715;0
961964;0
962955;0
963628;0
965497;0
966709;2
967788;0
968465;3
969220;0
969295;0
969314;0
970768;0
973182;0
975395;0
976434;1
976658;5
978195;0
978730;0
981599;0
983579;0
984940;0
985443;0
986817;0
987210;0
987831;0
988134;0
989992;0
990348;1
991482;1
993121;0
993592;0
993596;0
996831;0
2464;0
13409;0
14080;5
14259;0
15848;1
17327;1
20735;0
26367;2
56012;0
56975;0
57683;3
57808;0
58954;2
58957;1
59645;0
60254;0
60354;0
61785;0
69482;1
69782;1
72431;0
73700;2
75538;0
78937;3
79298;0
81676;4
81705;0
85694;2
86263;0
86301;0
86510;1
86814;0
87266;1
89202;0
89372;0
90258;0
90595;2
93315;4
96379;1
97245;0
97326;0
98104;0
98669;0
100535;0
100906;0
103893;0
104096;30
105628;0
107208;0
109836;4
112093;0
113741;0
114147;0
115019;1
116921;1
119359;0
120340;9
120581;0
121569;0
121781;1
122662;0
122921;0
123167;0
128288;0
129052;0
130593;3
131616;5
131796;1
132392;1
132478;0
132592;0
133121;0
134259;0
134684;0
135160;0
138990;3
139954;1
139959;0
140047;0
140353;0
141174;4
143063;0
146095;2
146168;3
146805;0
147633;1
148388;0
148780;0
149335;9
151035;0
154404;1
156120;0
156710;8
158226;1
158761;0
158877;1
159333;2
160005;1
160591;0
165220;0
166396;0
167938;4
168268;0
169044;0
169174;0
170745;1
171321;3
173136;0
174320;0
178879;0
180226;0
180434;6
182477;0
184584;0
186896;0
187732;0
187982;6
189076;0
189998;0
196420;9
196845;0
198507;2
198804;0
198846;0
199024;0
199359;0
199607;0
200605;0
203693;0
204392;0
206500;0
207647;0
207766;0
208003;0
208162;0
208453;6
208872;10
215233;0
215271;0
217316;1
218318;0
220019;0
221747;0
224363;0
225300;0
225407;0
225837;0
228590;0
230373;0
231578;0
232858;7
234972;0
235298;0
236367;0
236413;0
240860;0
242340;0
242686;2
243615;3
244514;2
247227;2
247950;0
248536;0
250100;0
252994;2
254202;2
255422;1
258510;0
258540;2
258843;2
259379;0
260076;0
260479;60
261852;2
261901;0
262164;0
263932;4
265149;0
265889;1
268805;0
271925;0
274213;1
276893;0
278191;0
280553;0
282454;0
283577;0
286483;0
286840;0
290269;0
290605;0
291618;1
295653;15
296975;0
306566;0
307116;1
310251;4
313214;4
313499;0
314639;0
315835;20
321897;0
324147;0
324154;0
324190;0
325965;0
326450;0
327051;0
332346;3
332410;3
336094;0
336145;0
340399;0
345645;2
345716;1
347359;0
347573;0
348947;0
350585;2
352855;0
354940;2
358248;0
358648;0
358669;0
359288;0
359594;0
359603;1
368307;0
369020;0
369133;0
369565;0
369672;0
372441;0
372572;0
373744;17
375376;12
379847;0
381148;0
386806;0
388745;0
389464;0
389844;0
391046;100
391381;5
393180;0
393611;0
394042;65
396338;0
398834;0
398835;0
398847;2
398859;0
400136;0
400160;0
400339;0
403452;0
403874;4
403875;2
406584;0
406604;1
406676;0
406882;0
413545;0
414812;0
414972;5
417341;1
417829;0
417931;10
417932;0
419184;0
419494;0
419564;0
420095;0
420591;0
420655;0
422008;1
422050;0
422622;77
425055;0
426121;0
426425;1
426426;0
426667;0
428398;0
428956;0
431270;0
432871;0
433301;0
434049;0
434672;0
434862;0
436057;2
436484;4
436830;2
438450;1
438772;0
439318;0
439323;0
439325;0
441363;0
442246;1
444064;0
445324;0
448340;1
448433;0
449914;0
451210;1
453199;3
453445;1
453584;0
454322;2
456450;0
456733;0
456828;0
457229;0
457972;1
458348;6
458892;0
459570;0
459881;5
462297;0
462808;2
463228;6
463340;0
464047;0
466533;0
466667;2
467280;10
467355;2
469590;0
470389;0
473330;3
473808;0
473998;0
475240;46
475304;16
475514;1
475851;0
478407;4
478512;6
478822;55
479368;1
479401;0
480653;0
481958;0
481996;6
482770;0
483463;1
483775;2
488705;24
489173;0
492073;0
493011;3
494371;0
495101;0
497065;0
497209;5
498152;0
498474;0
501486;0
502605;0
503221;0
503243;0
503684;0
503691;2
505531;1
505574;3
505709;2
506565;0
506911;0
507292;0
508511;2
508745;1
509461;2
509567;0
510134;2
510342;0
510404;4
511417;0
512018;2
513007;0
513084;2
514110;0
514572;0
514597;2
514601;0
514612;0
514991;5
515539;0
516760;0
516969;4
518395;10
518870;0
518948;130
519405;100
519413;0
520039;2
522116;3
522894;2
523048;0
524190;0
525959;0
527538;0
527986;3
528338;1
528729;2
528731;2
528733;1
528735;1
528736;1
528738;0
528742;0
528744;10
528898;0
528981;0
529756;2
530265;0
530478;3
530674;0
530682;0
532269;5
533189;0
533204;1
533227;0
533449;0
533782;0
534069;0
534314;0
535245;0
536074;2
536459;0
536986;0
537114;0
538052;0
538464;1
539659;0
539888;0
541188;0
543599;0
543727;0
544593;4
544790;0
544908;10
545874;4
545894;0
545962;0
546167;0
547149;0
547260;0
549206;0
550441;2
551055;6
551518;0
552346;1
555795;0
556374;0
556447;4
557704;1
557733;1
561024;6
561198;10
561437;0
561505;0
561862;0
561863;0
562148;0
562471;0
562910;0
563740;2
565817;0
568009;0
568501;0
569667;0
570132;0
571420;0
571971;0
572620;1
573177;0
573573;1
573818;13
574019;1
574395;0
574663;1
574906;1
578076;0
578457;2
579340;0
580016;2
583484;0
583490;0
583676;0
584313;1
584530;0
586982;0
587901;4
589698;0
589930;1
590774;1
590778;1
591528;0
591651;4
592675;0
592947;0
594620;0
595644;0
596440;0
596443;0
596984;2
596985;0
597262;1
597932;0
598156;0
598741;0
598778;0
598882;1
598923;0
598924;0
599279;0
599455;0
599792;0
599809;2
600150;0
600232;0
600407;27
601355;0
601437;3
603119;2
605516;0
606808;0
610849;0
611568;2
612285;4
612673;0
613298;2
613356;2
613763;0
616250;0
616539;0
616963;0
619488;1
620062;0
620803;0
623158;0
625767;0
626327;1
630557;2
632192;0
636097;0
640564;2
640988;0
641093;0
642892;0
643522;0
643891;0
644037;1
644513;0
646852;0
646963;0
649321;0
650036;1
650317;0
652181;0
653996;0
655311;0
656355;1
656981;0
657500;2
658740;5
661236;20
662406;0
667355;0
668661;0
669082;0
670438;0
671755;0
674463;4
674698;0
676990;0
677113;1
677349;0
677548;1
679927;0
681387;0
682297;0
683911;0
684733;0
686205;1
686461;10
686469;0
687862;0
692171;0
693127;0
694744;0
697794;0
698309;0
699418;0
699434;0
699984;0
700820;0
703490;0
706544;0
707604;0
707966;0
708220;0
708627;1
709377;0
709776;0
712050;0
712864;1
716082;157
716114;0
717049;0
717783;0
718102;0
718851;0
719592;4
719937;0
720412;2
721439;0
723378;0
723817;5
725531;0
726988;0
727958;0
730032;0
732145;0
733288;40
733531;0
734690;0
735468;22
735717;2
735737;0
735978;0
736406;2
736774;0
736869;0
737098;0
738223;0
738636;0
739374;3
739460;0
742182;0
743127;0
744240;0
746333;0
746567;0
746879;0
748656;0
749474;0
750064;0
750095;1
751298;1
755004;0
755543;0
757412;0
758020;0
759922;2
760882;0
763027;1
763434;1
763954;1
766832;0
767660;0
768542;0
774701;0
775619;0
777350;4
778658;0
779175;0
782471;0
783243;0
784072;0
784382;1
785293;0
786369;0
789722;0
790015;3
791096;2
791893;1
791906;0
793788;0
795475;0
796218;0
797509;0
798455;0
799935;0
802067;0
806134;2
809164;1
809181;3
809354;0
811582;0
813923;0
814128;0
815949;2
817039;0
819745;0
820200;3
823043;0
823611;0
824440;0
824553;0
824713;0
827260;0
830230;0
831468;0
831869;0
832402;3
832497;10
832526;0
834581;1
835483;0
838493;6
839362;0
840687;0
841631;0
842781;0
843157;2
843996;0
844034;4
844768;1
848438;2
848673;0
848997;0
850253;0
852298;0
852660;3
853169;0
853386;0
854062;0
854737;0
858223;0
859184;0
860754;28
862566;0
863487;3
863605;0
863691;0
863717;0
865847;0
866800;0
868246;1
868631;0
868757;0
869375;0
869554;1
869663;0
872050;0
872715;0
872856;0
875020;1
875092;0
875705;0
875809;1
878162;1
878260;1
878294;1
878641;1
878652;0
879261;0
880785;3
887139;1
887824;0
891132;0
896194;1
896452;2
898339;0
899779;2
900925;0
901003;1
901269;0
901816;0
901971;0
902708;0
903315;0
904415;0
904918;0
905288;0
908114;0
908884;0
909444;4
910225;0
910720;0
911214;0
912721;0
913955;0
914601;0
915164;0
916328;0
918866;0
919185;0
921409;1
921582;0
922467;0
924884;0
926266;0
927633;3
928390;0
929685;0
930179;0
931115;1
931272;0
934602;0
935180;1
936881;1
940313;2
941174;0
942258;5
942602;0
942833;10
943723;0
944111;0
945272;1
947041;0
949989;0
950130;0
950848;0
951728;0
953373;0
954441;2
957663;5
957702;0
959126;0
961669;0
962560;1
962609;1
962955;0
963872;1
969295;0
971628;21,5
972732;2
973788;1
974512;0
974695;0
974924;6
975144;1
975709;0
978792;0
980128;0
985164;1
987636;0
989423;0
991401;4
991553;0
992132;3
992586;1
993596;0
83108;0
305724;0
372558;0
372565;0
379021;0
384790;0
390212;0
400223;0
402408;0
420594;0
420700;0
420727;0
420760;0
420778;0
421294;0
421308;0
448007;0
461139;0
461428;0
473687;0
474611;0
480705;0
480707;0
593576;0
621536;0
622125;0
636606;0
787730;0
954227;0
5956;2
7126;0
18844;0
18983;0
30955;0
41641;0
60333;0
69482;0
70691;1
71415;0
72629;0
73224;5
75177;0
75851;2
81719;0
83452;0
83789;0
84152;2
84685;0
86305;0
88685;0
89147;0
92089;1
94717;0
98262;0
98705;0
101676;0
103681;0
104343;0
104346;9
109555;0
113741;0
116319;0
119718;2
120724;0
120954;0
121071;0
121693;0
122662;0
126110;0
126253;0
128767;0
129284;0
130944;2
132151;1
132718;2
133517;0
133684;2
134868;0
135160;2
136559;0
139224;0
140307;0
141174;0
141215;0
141420;0
142807;0
143711;0
144699;0
144722;6
144829;0
146647;0
146811;0
147283;0
148209;0
148851;0
151808;0
153913;0
155408;0
156608;0
158761;34
160433;0
160765;0
161232;0
165431;0
166707;0
166731;0
166736;0
167685;0
169805;10
170177;0
174368;0
176137;2
177312;2
177382;0
177643;0
178124;0
178371;0
178566;0
179813;0
180857;0
181973;0
189341;0
193583;0
194689;0
197404;0
197485;0
198631;0
202440;0
202685;0
203361;0
204504;2
205005;1
205357;0
206733;0
206938;0
207477;0
209237;0
216585;0
217041;0
220019;0
220466;0
221547;1
222240;0
223470;0
226691;0
232196;0
236257;0
236903;0
237538;0
239117;0
239806;0
240109;0
240544;0
240990;0
241040;0
241075;0
241390;0
241977;0
243110;0
247227;0
247700;0
252770;0
254656;0
254721;3
255189;20
255551;0
256409;0
258255;0
259098;3
261901;0
263344;0
263353;48
264391;0
268805;0
270332;0
270972;0
271065;0
272181;0
273641;0
281513;0
281700;0
283969;0
287433;0
288039;0
288715;16
289084;0
294396;0
298461;0
300548;0
300667;0
301645;0
303498;0
305167;0
308215;0
310247;7
311022;3
311040;0
312041;0
312245;0
312824;0
313727;0
319456;0
320983;0
323346;0
327558;0
327561;0
332040;0
336140;0
336143;0
336145;0
337089;0
338955;0
344631;0
350095;0
353188;2
354940;0
358003;0
358523;0
358654;0
358791;0
359028;0
363445;8
364636;0
364747;0
365548;0
370616;0
370617;0
370618;0
371860;0
372682;0
374447;0
374747;0
374754;0
374794;0
375744;2
376118;0
377695;1
377790;0
378377;0
378492;0
378849;0
380489;0
380656;2
380657;0
380658;0
380870;0
380885;0
383978;0
385978;0
387456;0
387776;0
389284;0
389588;0
390440;1
390641;0
393180;0
393611;0
395314;0
397351;0
398631;0
398636;0
398670;0
398698;0
398838;0
398858;0
399218;0
399370;0
399442;0
399996;2
402235;0
402263;0
405882;0
405915;0
406926;0
408307;0
408308;0
410890;0
411227;0
412345;0
412774;0
415225;0
416945;0
420567;0
420568;0
420569;0
420709;0
420847;0
421215;0
421355;0
421420;0
421437;0
422032;0
422198;0
422201;0
422202;0
422420;1
422671;0
423243;5
425360;0
425361;0
425782;0
425783;0
427762;0
429517;0
430084;0
431880;2
433911;0
435994;0
437123;0
437131;0
438772;0
439408;0
439475;2
440522;0
440737;0
442522;12
442899;0
444892;0
445357;0
446095;0
446101;0
446804;0
453192;0
454527;0
454528;0
454529;0
455024;0
458070;0
458865;0
461139;0
461698;0
466653;0
469978;0
469992;0
470098;2
473803;0
473889;0
473907;0
473929;0
475595;0
478468;0
480918;1
483343;20
483865;0
487223;0
487635;0
487734;0
489080;5
489173;10
490611;2
494242;0
500700;1
502133;0
502727;1
503403;0
504956;0
508516;0
514245;0
515390;0
516246;0
516248;0
517834;0
518376;0
519019;0
524719;3
524727;1
524735;0
525328;0
525337;0
529272;0
533206;0
533764;28
533808;0
536986;0
539155;0
539629;0
540506;0
540918;0
542331;0
543234;0
543622;0
544124;0
546860;0
548304;0
550709;0
551603;0
551621;0
553331;0
554595;0
556478;0
564981;0
568005;0
571417;0
571763;0
571774;0
574429;0
576962;0
577096;0
584406;0
585907;0
586982;11
587162;0
588748;0
591652;1
595921;0
601376;0
607829;0
608422;0
609505;0
611645;0
612687;2
613933;0
614057;0
614321;1
614829;0
615262;0
615593;0
621633;0
624522;0
625761;0
625985;0
626968;0
630116;0
633118;0
636223;0
636274;0
639390;0
639738;0
640021;0
643741;0
646947;1
647233;0
648012;0
648169;45
650968;0
651634;0
656030;0
656298;0
656714;0
657331;2
659920;0
660394;0
668366;4
670060;0
671006;0
671529;0
672478;0
674906;0
675001;0
677691;0
678104;0
679144;0
679800;41
681777;0
686034;0
686042;0
686058;0
687011;9
690609;1
691179;0
691689;0
692513;0
695892;0
696290;0
699984;0
701863;0
701934;1
702512;0
702590;0
706265;0
708627;0
709651;0
710739;0
712563;0
715008;0
715423;0
718325;0
721161;0
721566;0
722582;0
722919;0
723378;0
724152;0
727093;5
727503;0
727650;1
728156;0
731930;4
731949;0
731959;0
735099;2
742182;25
745828;0
748465;0
750791;0
760636;0
762661;3
765337;1
766800;0
767925;0
771001;0
775619;68
776205;1
779063;0
781144;0
782878;0
786644;0
787565;0
791333;0
795475;0
800921;0
802641;0
803258;0
803318;0
807525;0
810140;0
810869;0
812309;0
812950;0
816384;0
818370;0
819852;0
819855;0
822139;2
822687;1
822998;0
824440;0
825478;0
826575;0
827732;0
827971;0
829770;0
833764;0
835454;0
838094;0
839190;0
839231;0
839592;0
840227;0
843518;0
843996;0
845481;90
846283;0
846288;0
846950;0
848209;0
851887;0
853977;0
855055;0
855140;0
856922;0
858588;0
859081;0
860937;0
863368;0
864874;0
866695;15
869433;0
872813;0
872856;118
875667;0
880563;0
880630;1
882405;2
888733;0
890425;0
890766;0
890992;9
897371;0
900596;0
902212;2
903417;0
903828;0
904400;0
905383;0
906539;0
909121;0
915000;0
918724;0
919439;0
920727;8
920981;2
922688;0
923886;3
925399;0
926807;0
927672;0
929764;0
931272;0
933366;0
935445;0
936361;0
936617;0
936742;0
940495;0
940946;0
941233;0
942806;0
950130;1
951728;2
952423;0
958390;0
961806;0
965358;0
968385;0
968940;0
970105;1
971339;0
973829;0
974924;0
977020;0
977039;0
978141;6
981468;0
987210;0
989450;0
991625;2
993592;0
993630;0
994427;0
994701;0
995641;1
378377;0
511116;0
970196;0
972170;0
58622;0
68317;0
76705;0
77947;0
78787;0
88378;0
92952;0
104607;0
135300;0
147149;0
151466;0
205430;0
217932;0
286544;0
304735;0
305324;0
322808;0
337226;0
353001;0
356095;20
358237;0
358254;0
358255;0
358263;6
358265;8
358268;0
358277;30
358296;0
358330;8
374165;53
374166;0
374175;0
374176;107
374177;0
374179;0
374185;0
374186;248
374188;400
374193;260
374194;260
374197;4
374203;0
374208;30
374209;38
374211;26
374212;16
374214;11
374218;60
374219;0
374222;34
374223;114
374228;70
374230;0
374231;0
374232;3
374234;0
374238;55
374248;3
374249;0
374250;2
374251;0
374260;20
374268;45
374269;17
374271;0
374272;0
374273;0
374274;0
374280;5
374281;24
374282;0
374284;2
374291;3
374292;0
374293;21
374294;0
374295;0
374297;0
374298;0
374299;5
374302;0
374310;0
374314;22
378312;177
396213;0
396234;0
396271;0
396274;0
396287;0
396288;0
396291;0
396294;0
396295;0
396296;0
396300;0
396301;0
396302;0
396304;0
396307;0
396308;0
396312;0
396313;0
396315;0
396316;0
396317;0
396319;0
396328;0
396337;0
396340;0
396342;0
396343;0
396349;0
396350;0
396352;0
396353;0
396355;0
396356;0
396357;0
396360;0
396361;0
396366;0
396367;0
396372;0
396373;0
396377;0
396383;0
398312;0
409134;0
409281;0
409292;0
409301;0
409310;0
409339;0
409357;0
409377;0
409402;0
409517;0
409675;82
409736;0
409744;0
409750;84
409856;0
410074;0
410200;0
410334;28
410336;0
411253;0
411254;0
411255;0
411258;0
411259;40
413874;0
414200;0
414208;0
414222;0
414772;0
414773;0
414775;0
414811;0
421188;24
423443;0
423446;0
423527;0
423529;9
423571;0
423738;0
424371;0
424378;0
428141;0
428445;0
428446;76
428695;0
429425;0
436092;0
440658;0
471002;44
482241;0
521232;0
531465;0
536810;29
536817;65
536818;0
544631;17
544743;0
565352;0
571399;40
595663;0
599090;367
601382;0
601384;0
601385;4
601399;0
602851;0
674412;0
700485;6
707351;0
726857;0
733086;0
753349;0
797664;0
801900;27
816288;0
818485;0
821325;0
825091;0
831646;61
852046;0
869266;0
876977;0
898847;0
901844;0
912374;0
918982;0
931242;0
937490;6
943850;0
957511;0
972584;2
972592;6
63899;0
342303;0
358237;0
478818;0
595663;0
67182;0
67631;0
76092;0
82024;0
82339;0
82586;0
82719;0
84627;0
95651;0
96189;0
97967;0
98081;0
99137;0
112354;0
113982;0
114089;0
118250;0
119325;0
119374;0
122867;0
130237;0
132243;0
136108;0
137878;0
138970;0
139999;0
143661;0
146616;0
147538;0
148182;0
148525;0
149517;0
150173;0
151529;0
153636;0
156004;0
159739;0
161817;0
165198;0
168484;0
175159;0
175346;0
178823;0
179813;0
181152;0
183670;0
188213;0
195144;0
197411;0
197717;0
199084;0
202190;0
205105;0
211911;0
214901;0
222706;0
230811;0
231445;0
236283;0
236386;0
246215;0
246330;0
250137;0
251136;0
252927;0
257717;0
270987;0
275099;0
275437;0
276964;0
281232;0
282027;0
283577;0
284976;0
288060;0
288155;0
288204;0
290973;0
292381;0
297759;0
340341;0
353758;0
354233;0
354425;0
354580;0
355076;0
368088;0
392488;0
429214;0
440479;0
441225;0
536647;0
540789;0
547734;0
567553;0
567676;0
567678;0
580229;0
595236;0
596985;0
604743;0
608959;0
614633;0
619095;0
626434;0
631265;0
635870;0
637275;0
638297;0
641744;0
642468;0
643519;0
644272;0
647263;0
648527;0
649922;0
651226;0
654579;0
655737;0
659109;0
659233;0
659422;0
661084;0
663101;0
669505;0
671324;0
671755;0
681216;0
681657;0
684156;0
690845;0
691027;0
693406;0
693687;0
695558;0
706125;0
707496;0
707521;0
708551;0
709724;0
713365;0
715614;0
717464;0
718708;0
718851;0
727697;0
730881;0
731796;0
733584;0
734739;0
738130;0
740056;0
740194;0
742959;0
745694;0
748708;0
755163;0
756324;0
762142;0
764767;0
767049;0
767069;0
768403;0
769143;0
772134;0
775301;0
777273;0
779765;0
780778;0
781638;0
785996;0
788002;0
788229;0
790228;0
798306;0
803487;0
803686;0
806054;0
807780;0
812538;0
813202;0
814080;0
816163;0
818843;0
820201;0
824308;0
828182;0
828720;0
829844;0
830056;0
838711;0
839155;0
843128;0
843531;0
851174;0
856337;0
856570;0
856973;0
860588;0
860823;0
864356;0
868898;0
871798;0
882302;0
885561;0
888301;0
893616;0
893632;0
897006;0
897545;0
897782;0
900651;0
907914;0
909733;0
914440;0
915164;0
917421;0
918789;0
920287;0
922810;0
925094;0
925736;0
927251;0
929332;0
947874;0
948054;0
951957;0
953904;0
957702;0
957754;0
960290;0
960402;0
961344;0
967405;0
967788;0
970412;0
970876;0
970998;0
973046;0
978195;0
984630;0
984940;0
987831;0
990133;0
991968;0
993592;0
